item_id,annotator,sheet,row,field,value,raw
00151b6ad0c48781,enrico,ad hominem,35,scheme,ad_hominem,Ad Hominem
00151b6ad0c48781,enrico,ad hominem,35,verdict,ad_hominem_abusive,Abusive
006fc3d81e7b1a67,enrico,Copia di example_final_Enrico,10,comment,manca materiale?,manca materiale?
006fc3d81e7b1a67,enrico,Copia di example_final_Enrico,10,scheme,example,YES
006fc3d81e7b1a67,enrico,Copia di example_final_Enrico,10,verdict,idk,?
00c06534c978064a,enrico,Copia di new_ad_populum_Enrico,128,difficulty,2,2
00c06534c978064a,enrico,Copia di new_ad_populum_Enrico,128,scheme,popular_opinion,YES
00c06534c978064a,enrico,Copia di new_ad_populum_Enrico,128,verdict,ad_populum,ad populum
00c06534c978064a,base,new_ad_populum,128,starting_label,ad_populum,ad populum
011900da9883f3cb,base,Annotazione Dumitru Expert Opin,105,starting_label,strawman,straw man
011900da9883f3cb,dumitru,Annotazione Dumitru Expert Opin,105,CQ1,yes,yes
011900da9883f3cb,dumitru,Annotazione Dumitru Expert Opin,105,CQ2,no,no
011900da9883f3cb,dumitru,Annotazione Dumitru Expert Opin,105,CQ3,no,no
011900da9883f3cb,dumitru,Annotazione Dumitru Expert Opin,105,CQ3.1,yes,yes
011900da9883f3cb,dumitru,Annotazione Dumitru Expert Opin,105,CQ4,yes,yes
011900da9883f3cb,dumitru,Annotazione Dumitru Expert Opin,105,CQ4.1,yes,yes
011900da9883f3cb,dumitru,Annotazione Dumitru Expert Opin,105,scheme,expert_opinion,YES
011900da9883f3cb,dumitru,Annotazione Dumitru Expert Opin,105,uncertainty,CQ1:AMB;CQ2:AMB;CQ4.1:AMB,CQ1:AMB;CQ2:AMB;CQ4.1:AMB
011900da9883f3cb,dumitru,Annotazione Dumitru Expert Opin,105,verdict,strawman,Strawman
011900da9883f3cb,eleni,new_expert_opinion,105,verdict,strawman,straw man
011900da9883f3cb,enrico,new_expert_opinion,105,scheme,none,NO
011900da9883f3cb,enrico,new_expert_opinion,105,verdict,strawman,straw man
031469489771639f,enrico,Copia di new_ad_populum_Enrico,111,difficulty,3,3
031469489771639f,enrico,Copia di new_ad_populum_Enrico,111,scheme,popular_opinion,YES
031469489771639f,enrico,Copia di new_ad_populum_Enrico,111,verdict,cherry_picking,cherry picking
031469489771639f,base,new_ad_populum,111,starting_label,ad_populum,ad populum
0329a0e963b5bfee,base,Annotazione Dumitru Expert Opin,10,starting_label,appeal_to_authority,appeal to authority
0329a0e963b5bfee,dumitru,Annotazione Dumitru Expert Opin,10,CQ1,yes,yes
0329a0e963b5bfee,dumitru,Annotazione Dumitru Expert Opin,10,CQ2,yes,yes
0329a0e963b5bfee,dumitru,Annotazione Dumitru Expert Opin,10,CQ3,yes,yes
0329a0e963b5bfee,dumitru,Annotazione Dumitru Expert Opin,10,CQ3.1,yes,yes
0329a0e963b5bfee,dumitru,Annotazione Dumitru Expert Opin,10,CQ4,yes,yes
0329a0e963b5bfee,dumitru,Annotazione Dumitru Expert Opin,10,CQ4.1,no,no
0329a0e963b5bfee,dumitru,Annotazione Dumitru Expert Opin,10,scheme,expert_opinion,YES
0329a0e963b5bfee,dumitru,Annotazione Dumitru Expert Opin,10,uncertainty,CQ1:SUBJ;CQ2:AMB;CQ4.1:SUBJ,CQ1:SUBJ;CQ2:AMB;CQ4.1:SUBJ
0329a0e963b5bfee,dumitru,Annotazione Dumitru Expert Opin,10,verdict,appeal_to_authority,Appeal to Authority
0329a0e963b5bfee,eleni,new_expert_opinion,10,comment,Official source (court ruling),Official source (court ruling)
0329a0e963b5bfee,eleni,new_expert_opinion,10,verdict,appeal_to_authority,appeal to authority
0329a0e963b5bfee,enrico,new_expert_opinion,10,scheme,expert_opinion,YES
0329a0e963b5bfee,enrico,new_expert_opinion,10,verdict,appeal_to_authority,appeal to authority
032a3056b6fee2d2,base,Slippery slope,47,starting_label,slippery_slope,slippery slope
0337cf391b52c014,enrico,Copia di new_ad_populum_Enrico,36,difficulty,3,3
0337cf391b52c014,enrico,Copia di new_ad_populum_Enrico,36,scheme,popular_opinion,YES
0337cf391b52c014,enrico,Copia di new_ad_populum_Enrico,36,verdict,good_argumentation,no fallacy
0337cf391b52c014,enrico,new_ad_populum,36,scheme,popular_opinion,YES
03843f56a861c14b,enrico,ad hominem,22,scheme,ad_hominem,Ad Hominem
03843f56a861c14b,enrico,ad hominem,22,verdict,ad_hominem_guilt_by_association,Guilt by Association
03c4dfada9218eb3,base,Slippery slope,75,starting_label,slippery_slope,slippery slope
03ccd86482ca17b1,dumitru,Annotazione Dumitru Expert Opin,29,CQ1,yes,yes
03ccd86482ca17b1,dumitru,Annotazione Dumitru Expert Opin,29,CQ2,no,no
03ccd86482ca17b1,dumitru,Annotazione Dumitru Expert Opin,29,CQ3,yes,yes
03ccd86482ca17b1,dumitru,Annotazione Dumitru Expert Opin,29,CQ3.1,yes,yes
03ccd86482ca17b1,dumitru,Annotazione Dumitru Expert Opin,29,CQ4,no,no
03ccd86482ca17b1,dumitru,Annotazione Dumitru Expert Opin,29,CQ4.1,yes,yes
03ccd86482ca17b1,dumitru,Annotazione Dumitru Expert Opin,29,scheme,expert_opinion,YES
03ccd86482ca17b1,dumitru,Annotazione Dumitru Expert Opin,29,uncertainty,CQ1:SUBJ;CQ2:AMB,CQ1:SUBJ;CQ2:AMB
03ccd86482ca17b1,dumitru,Annotazione Dumitru Expert Opin,29,verdict,good_argumentation,Good Argumentation
03ccd86482ca17b1,eleni,new_expert_opinion,39,scheme,expert_opinion,YES
03ccd86482ca17b1,eleni,new_expert_opinion,39,verdict,any_fallacy,YES
03ccd86482ca17b1,enrico,new_expert_opinion,39,comment,non è un'opinione che rispecchia la comunitàdegli esperti / no opionione psicoterapeuti,non è un'opinione che rispecchia la comunitàdegli esperti / no opionione psicoterapeuti
03ccd86482ca17b1,enrico,new_expert_opinion,39,exit_cq,CQ1,CQ1
03ccd86482ca17b1,enrico,new_expert_opinion,39,scheme,expert_opinion,YES
03ccd86482ca17b1,enrico,new_expert_opinion,39,verdict,irrelevant_authority,false authority
04a250e81e408ad2,enrico,Copia di new_ad_populum_Enrico,42,comment,?,?
04a250e81e408ad2,enrico,Copia di new_ad_populum_Enrico,42,difficulty,3,3
04a250e81e408ad2,enrico,Copia di new_ad_populum_Enrico,42,scheme,popular_opinion,YES
04a250e81e408ad2,enrico,Copia di new_ad_populum_Enrico,42,verdict,good_argumentation,no fallacy
04a250e81e408ad2,enrico,new_ad_populum,42,scheme,popular_opinion,YES
04d1dc9b3f390d60,enrico,Copia di hasty_generalization_E,85,scheme,none,none
04d1dc9b3f390d60,enrico,Copia di hasty_generalization_E,85,verdict,hasty_generalization,hasty generalization
04d1dc9b3f390d60,base,hasty_generalization,85,starting_label,hasty_generalization,Hasty Generalization
04e91eb615480976,enrico,Copia di cause_to_effect_Enrico,46,difficulty,2,2
04e91eb615480976,enrico,Copia di cause_to_effect_Enrico,46,scheme,cause_to_effect,Cause to effect
04e91eb615480976,enrico,Copia di cause_to_effect_Enrico,46,verdict,cherry_picking,Cherry picking
04e91eb615480976,enrico,cause_to_effect,46,scheme,cause_to_effect,YES
05d8593899f1ff14,dumitru,Annotazione Dumitru Analogy,7,CQ1,no,no
05d8593899f1ff14,dumitru,Annotazione Dumitru Analogy,7,CQ1.1,no,no
05d8593899f1ff14,dumitru,Annotazione Dumitru Analogy,7,CQ2,yes,yes
05d8593899f1ff14,dumitru,Annotazione Dumitru Analogy,7,CQ3,yes,yes
05d8593899f1ff14,dumitru,Annotazione Dumitru Analogy,7,CQ4,no,no
05d8593899f1ff14,dumitru,Annotazione Dumitru Analogy,7,scheme,analogy,YES
05d8593899f1ff14,dumitru,Annotazione Dumitru Analogy,7,verdict,good_argumentation,Good Argumentation
05d8593899f1ff14,eleni,new_analogy,25,comment,Comparing health certificates,Comparing health certificates
05d8593899f1ff14,eleni,new_analogy,25,scheme,analogy,YES
05d8593899f1ff14,eleni,new_analogy,25,verdict,good_argumentation,NO
05d8593899f1ff14,enrico,new_analogy,25,comment,appartenere a uno stato non è come accettare un contratto per un servizio come il volo,appartenere a uno stato non è come accettare un contratto per un servizio come il volo
05d8593899f1ff14,enrico,new_analogy,25,scheme,analogy,YES
05d8593899f1ff14,enrico,new_analogy,25,verdict,weak_analogy,weak analogy
068b7758fa5565b8,base,Annotazione Dumitru Expert Opin,113,starting_label,strawman,straw man
068b7758fa5565b8,dumitru,Annotazione Dumitru Expert Opin,113,CQ1,yes,yes
068b7758fa5565b8,dumitru,Annotazione Dumitru Expert Opin,113,CQ2,no,no
068b7758fa5565b8,dumitru,Annotazione Dumitru Expert Opin,113,CQ3,no,no
068b7758fa5565b8,dumitru,Annotazione Dumitru Expert Opin,113,CQ3.1,yes,yes
068b7758fa5565b8,dumitru,Annotazione Dumitru Expert Opin,113,CQ4,yes,yes
068b7758fa5565b8,dumitru,Annotazione Dumitru Expert Opin,113,CQ4.1,yes,yes
068b7758fa5565b8,dumitru,Annotazione Dumitru Expert Opin,113,scheme,expert_opinion,YES
068b7758fa5565b8,dumitru,Annotazione Dumitru Expert Opin,113,uncertainty,CQ1:AMB;CQ2:AMB;CQ3:AMB;CQ4.1:AMB,CQ1:AMB;CQ2:AMB;CQ3:AMB;CQ4.1:AMB
068b7758fa5565b8,dumitru,Annotazione Dumitru Expert Opin,113,verdict,strawman,Strawman
068b7758fa5565b8,eleni,new_expert_opinion,113,verdict,strawman,straw man
068b7758fa5565b8,enrico,new_expert_opinion,113,comment,forse altra fallacia?,forse altra fallacia?
068b7758fa5565b8,enrico,new_expert_opinion,113,scheme,none,NO
068b7758fa5565b8,enrico,new_expert_opinion,113,verdict,strawman,straw man
06e1febc4bd8435e,dumitru,Annotazione Dumitru Analogy,46,CQ1,yes,yes
06e1febc4bd8435e,dumitru,Annotazione Dumitru Analogy,46,CQ1.1,no,no
06e1febc4bd8435e,dumitru,Annotazione Dumitru Analogy,46,CQ2,yes,yes
06e1febc4bd8435e,dumitru,Annotazione Dumitru Analogy,46,CQ3,yes,yes
06e1febc4bd8435e,dumitru,Annotazione Dumitru Analogy,46,CQ4,yes,yes
06e1febc4bd8435e,dumitru,Annotazione Dumitru Analogy,46,scheme,analogy,YES
06e1febc4bd8435e,dumitru,Annotazione Dumitru Analogy,46,uncertainty,CQ1:SUBJ;CQ4:SUBJ,CQ1:SUBJ;CQ4:SUBJ
06e1febc4bd8435e,dumitru,Annotazione Dumitru Analogy,46,verdict,weak_analogy,Weak Analogy
06e1febc4bd8435e,eleni,new_analogy,46,scheme,analogy,YES
06e1febc4bd8435e,eleni,new_analogy,46,verdict,any_fallacy,YES
06e1febc4bd8435e,enrico,new_analogy,46,comment,mi sembra una giusta analogia,mi sembra una giusta analogia
06e1febc4bd8435e,enrico,new_analogy,46,scheme,analogy,YES
06e1febc4bd8435e,enrico,new_analogy,46,verdict,good_argumentation,no
06e4c875ba2ad6bc,dumitru,Annotazione Dumitru Analogy,65,CQ1,yes,yes
06e4c875ba2ad6bc,dumitru,Annotazione Dumitru Analogy,65,CQ1.1,no,no
06e4c875ba2ad6bc,dumitru,Annotazione Dumitru Analogy,65,CQ2,yes,yes
06e4c875ba2ad6bc,dumitru,Annotazione Dumitru Analogy,65,CQ3,yes,yes
06e4c875ba2ad6bc,dumitru,Annotazione Dumitru Analogy,65,CQ4,yes,yes
06e4c875ba2ad6bc,dumitru,Annotazione Dumitru Analogy,65,scheme,analogy,YES
06e4c875ba2ad6bc,dumitru,Annotazione Dumitru Analogy,65,uncertainty,CQ1:SUBJ;CQ4:DIFF,CQ1:SUBJ;CQ4:DIFF
06e4c875ba2ad6bc,dumitru,Annotazione Dumitru Analogy,65,verdict,weak_analogy,Weak Analogy
06e4c875ba2ad6bc,eleni,new_analogy,72,scheme,analogy,YES
06e4c875ba2ad6bc,eleni,new_analogy,72,verdict,any_fallacy,YES
06e4c875ba2ad6bc,enrico,new_analogy,72,scheme,analogy,YES
06e4c875ba2ad6bc,enrico,new_analogy,72,verdict,weak_analogy,weak analogy
071a128d7ff8b7a4,enrico,Copia di new_ad_populum_Enrico,117,difficulty,1,1
071a128d7ff8b7a4,enrico,Copia di new_ad_populum_Enrico,117,scheme,popular_opinion,YES
071a128d7ff8b7a4,enrico,Copia di new_ad_populum_Enrico,117,verdict,ad_populum,ad populum
071a128d7ff8b7a4,base,new_ad_populum,117,starting_label,ad_populum,ad populum
0777b2bf4a11d8ca,base,Annotazione Dumitru Expert Opin,112,starting_label,strawman,straw man
0777b2bf4a11d8ca,dumitru,Annotazione Dumitru Expert Opin,112,CQ1,na,na
0777b2bf4a11d8ca,dumitru,Annotazione Dumitru Expert Opin,112,CQ2,na,na
0777b2bf4a11d8ca,dumitru,Annotazione Dumitru Expert Opin,112,CQ3,na,na
0777b2bf4a11d8ca,dumitru,Annotazione Dumitru Expert Opin,112,CQ3.1,na,na
0777b2bf4a11d8ca,dumitru,Annotazione Dumitru Expert Opin,112,CQ4,na,na
0777b2bf4a11d8ca,dumitru,Annotazione Dumitru Expert Opin,112,CQ4.1,na,na
0777b2bf4a11d8ca,dumitru,Annotazione Dumitru Expert Opin,112,scheme,none,NO
0777b2bf4a11d8ca,eleni,new_expert_opinion,112,verdict,strawman,straw man
0777b2bf4a11d8ca,enrico,new_expert_opinion,112,comment,forse altra fallacia?,forse altra fallacia?
0777b2bf4a11d8ca,enrico,new_expert_opinion,112,scheme,none,NO
0777b2bf4a11d8ca,enrico,new_expert_opinion,112,verdict,strawman,straw man
0777b2bf4a11d8ca,unknown,new_expert_opinion,112,doubt,s,s
07870c60f29ce3a4,base,Slippery slope,97,starting_label,slippery_slope,slippery slope
07e200e13ec112f7,enrico,Copia di hasty_generalization_E,41,scheme,example,Example
07e200e13ec112f7,enrico,Copia di hasty_generalization_E,41,verdict,hasty_generalization,hasty generalization
07e200e13ec112f7,base,hasty_generalization,41,starting_label,hasty_generalization,hasty generalization
08333acd5ea38add,enrico,ad hominem,61,scheme,ad_hominem,Ad Hominem
08333acd5ea38add,enrico,ad hominem,61,verdict,ad_hominem_abusive,Abusive
089fa7996d635980,base,Annotazione Dumitru Expert Opin,117,starting_label,strawman,straw man
089fa7996d635980,dumitru,Annotazione Dumitru Expert Opin,117,CQ1,yes,yes
089fa7996d635980,dumitru,Annotazione Dumitru Expert Opin,117,CQ2,no,no
089fa7996d635980,dumitru,Annotazione Dumitru Expert Opin,117,CQ3,no,no
089fa7996d635980,dumitru,Annotazione Dumitru Expert Opin,117,CQ3.1,yes,yes
089fa7996d635980,dumitru,Annotazione Dumitru Expert Opin,117,CQ4,yes,yes
089fa7996d635980,dumitru,Annotazione Dumitru Expert Opin,117,CQ4.1,yes,yes
089fa7996d635980,dumitru,Annotazione Dumitru Expert Opin,117,scheme,expert_opinion,YES
089fa7996d635980,dumitru,Annotazione Dumitru Expert Opin,117,uncertainty,CQ1:AMB;CQ2:AMB;CQ4.1:AMB,CQ1:AMB;CQ2:AMB;CQ4.1:AMB
089fa7996d635980,dumitru,Annotazione Dumitru Expert Opin,117,verdict,strawman,Strawman
089fa7996d635980,eleni,new_expert_opinion,117,verdict,strawman,straw man
089fa7996d635980,enrico,new_expert_opinion,117,scheme,none,NO
089fa7996d635980,enrico,new_expert_opinion,117,verdict,strawman,straw man
08a6d7916bdae763,base,Annotazione Dumitru Expert Opin,8,starting_label,appeal_to_authority,appeal to authority
08a6d7916bdae763,dumitru,Annotazione Dumitru Expert Opin,8,CQ1,yes,yes
08a6d7916bdae763,dumitru,Annotazione Dumitru Expert Opin,8,CQ2,yes,yes
08a6d7916bdae763,dumitru,Annotazione Dumitru Expert Opin,8,CQ3,yes,yes
08a6d7916bdae763,dumitru,Annotazione Dumitru Expert Opin,8,CQ3.1,yes,yes
08a6d7916bdae763,dumitru,Annotazione Dumitru Expert Opin,8,CQ4,no,no
08a6d7916bdae763,dumitru,Annotazione Dumitru Expert Opin,8,CQ4.1,yes,yes
08a6d7916bdae763,dumitru,Annotazione Dumitru Expert Opin,8,scheme,expert_opinion,YES
08a6d7916bdae763,dumitru,Annotazione Dumitru Expert Opin,8,uncertainty,CQ2:AMB,CQ2:AMB
08a6d7916bdae763,dumitru,Annotazione Dumitru Expert Opin,8,verdict,appeal_to_authority,Appeal to Authority
08a6d7916bdae763,eleni,new_expert_opinion,8,verdict,appeal_to_authority,appeal to authority
08a6d7916bdae763,enrico,new_expert_opinion,8,comment,conclusione non data,conclusione non data
08a6d7916bdae763,enrico,new_expert_opinion,8,scheme,expert_opinion,YES
08a6d7916bdae763,enrico,new_expert_opinion,8,verdict,appeal_to_authority,appeal to authority
097a831e0583649d,dumitru,Annotazione Dumitru Expert Opin,74,CQ1,na,na
097a831e0583649d,dumitru,Annotazione Dumitru Expert Opin,74,CQ2,na,na
097a831e0583649d,dumitru,Annotazione Dumitru Expert Opin,74,CQ3,na,na
097a831e0583649d,dumitru,Annotazione Dumitru Expert Opin,74,CQ3.1,na,na
097a831e0583649d,dumitru,Annotazione Dumitru Expert Opin,74,CQ4,na,na
097a831e0583649d,dumitru,Annotazione Dumitru Expert Opin,74,CQ4.1,na,na
097a831e0583649d,dumitru,Annotazione Dumitru Expert Opin,74,scheme,none,NO
097a831e0583649d,eleni,new_expert_opinion,74,scheme,expert_opinion,YES
097a831e0583649d,eleni,new_expert_opinion,74,verdict,any_fallacy,YES
097a831e0583649d,enrico,new_expert_opinion,74,comment,chi è l'esperto?,chi è l'esperto?
097a831e0583649d,enrico,new_expert_opinion,74,scheme,expert_opinion,YES
097a831e0583649d,enrico,new_expert_opinion,74,verdict,idk,?
097a831e0583649d,unknown,new_expert_opinion,74,doubt,f,f
098183b571547960,enrico,Copia di new_ad_populum_Enrico,15,difficulty,2,2
098183b571547960,enrico,Copia di new_ad_populum_Enrico,15,scheme,popular_opinion,YES
098183b571547960,enrico,Copia di new_ad_populum_Enrico,15,verdict,ad_populum,ad populum
098183b571547960,enrico,new_ad_populum,15,scheme,popular_opinion,YES
09aebb1ee1b9cca0,enrico,Copia di example_final_Enrico,43,comment,basato però su conoscenze personali,basato però su conoscenze personali
09aebb1ee1b9cca0,enrico,Copia di example_final_Enrico,43,difficulty,4,4
09aebb1ee1b9cca0,enrico,Copia di example_final_Enrico,43,scheme,example,YES
09aebb1ee1b9cca0,enrico,Copia di example_final_Enrico,43,verdict,good_argumentation,no fallacy
09b36938ed1c50fc,dumitru,Annotazione Dumitru Expert Opin,78,CQ1,yes,yes
09b36938ed1c50fc,dumitru,Annotazione Dumitru Expert Opin,78,CQ2,yes,yes
09b36938ed1c50fc,dumitru,Annotazione Dumitru Expert Opin,78,CQ3,yes,yes
09b36938ed1c50fc,dumitru,Annotazione Dumitru Expert Opin,78,CQ3.1,yes,yes
09b36938ed1c50fc,dumitru,Annotazione Dumitru Expert Opin,78,CQ4,yes,yes
09b36938ed1c50fc,dumitru,Annotazione Dumitru Expert Opin,78,CQ4.1,no,no
09b36938ed1c50fc,dumitru,Annotazione Dumitru Expert Opin,78,scheme,expert_opinion,YES
09b36938ed1c50fc,dumitru,Annotazione Dumitru Expert Opin,78,uncertainty,CQ1:SUBJ;CQ2:AMB;CQ4:AMB,CQ1:SUBJ;CQ2:AMB;CQ4:AMB
09b36938ed1c50fc,dumitru,Annotazione Dumitru Expert Opin,78,verdict,appeal_to_authority,Appeal to Authority
09b36938ed1c50fc,eleni,new_expert_opinion,65,scheme,expert_opinion,YES
09b36938ed1c50fc,eleni,new_expert_opinion,65,verdict,good_argumentation,NO
09b36938ed1c50fc,enrico,new_expert_opinion,65,comment,ok ma allora l'eutanasia? non tutti i diritti sono tali perché ci sono anche nella dichiarazione universale,ok ma allora l'eutanasia? non tutti i diritti sono tali perché ci sono anche nella dichiarazione universale
09b36938ed1c50fc,enrico,new_expert_opinion,65,exit_cq,CQ1,CQ1
09b36938ed1c50fc,enrico,new_expert_opinion,65,scheme,expert_opinion,YES
09b36938ed1c50fc,enrico,new_expert_opinion,65,verdict,irrelevant_authority,false authority
09ed716ce1611683,enrico,Copia di example_final_Enrico,6,comment,non capisco,non capisco
09ed716ce1611683,enrico,Copia di example_final_Enrico,6,scheme,example,YES
09ed716ce1611683,enrico,Copia di example_final_Enrico,6,verdict,idk,?
09f7fc9646b96d10,enrico,ad hominem,83,scheme,ad_hominem,Ad Hominem
09f7fc9646b96d10,enrico,ad hominem,83,verdict,poisoning_the_well,Poisoning the Well
0a1d426d4111bed5,enrico,Copia di new_ad_populum_Enrico,26,difficulty,2,2
0a1d426d4111bed5,enrico,Copia di new_ad_populum_Enrico,26,scheme,popular_opinion,YES
0a1d426d4111bed5,enrico,Copia di new_ad_populum_Enrico,26,verdict,ad_populum,ad populum
0a1d426d4111bed5,enrico,new_ad_populum,26,scheme,popular_opinion,YES
0a3460941fca3014,dumitru,Annotazione Dumitru Analogy,39,CQ1,yes,yes
0a3460941fca3014,dumitru,Annotazione Dumitru Analogy,39,CQ1.1,no,no
0a3460941fca3014,dumitru,Annotazione Dumitru Analogy,39,CQ2,yes,yes
0a3460941fca3014,dumitru,Annotazione Dumitru Analogy,39,CQ3,yes,yes
0a3460941fca3014,dumitru,Annotazione Dumitru Analogy,39,CQ4,no,no
0a3460941fca3014,dumitru,Annotazione Dumitru Analogy,39,scheme,analogy,YES
0a3460941fca3014,dumitru,Annotazione Dumitru Analogy,39,uncertainty,CQ1:DIFF,CQ1:DIFF
0a3460941fca3014,dumitru,Annotazione Dumitru Analogy,39,verdict,weak_analogy,Weak Analogy
0a3460941fca3014,eleni,new_analogy,54,scheme,analogy,YES
0a3460941fca3014,eleni,new_analogy,54,verdict,any_fallacy,YES
0a3460941fca3014,enrico,new_analogy,54,scheme,analogy,YES
0a3460941fca3014,enrico,new_analogy,54,verdict,weak_analogy,weak analogy
0a397f18e9b22f2f,enrico,Copia di new_ad_populum_Enrico,3,difficulty,2,2
0a397f18e9b22f2f,enrico,Copia di new_ad_populum_Enrico,3,scheme,popular_opinion,YES
0a397f18e9b22f2f,enrico,Copia di new_ad_populum_Enrico,3,verdict,ad_populum,ad populum
0a397f18e9b22f2f,enrico,new_ad_populum,3,scheme,popular_opinion,YES
0a86f2a3101940aa,dumitru,Annotazione Dumitru Expert Opin,57,CQ1,yes,yes
0a86f2a3101940aa,dumitru,Annotazione Dumitru Expert Opin,57,CQ2,no,no
0a86f2a3101940aa,dumitru,Annotazione Dumitru Expert Opin,57,CQ3,yes,yes
0a86f2a3101940aa,dumitru,Annotazione Dumitru Expert Opin,57,CQ3.1,yes,yes
0a86f2a3101940aa,dumitru,Annotazione Dumitru Expert Opin,57,CQ4,yes,yes
0a86f2a3101940aa,dumitru,Annotazione Dumitru Expert Opin,57,CQ4.1,yes,yes
0a86f2a3101940aa,dumitru,Annotazione Dumitru Expert Opin,57,scheme,expert_opinion,YES
0a86f2a3101940aa,dumitru,Annotazione Dumitru Expert Opin,57,uncertainty,CQ1:AMB;CQ4:AMB,CQ1:AMB;CQ4:AMB
0a86f2a3101940aa,dumitru,Annotazione Dumitru Expert Opin,57,verdict,good_argumentation,Good Argumentation
0a86f2a3101940aa,eleni,new_expert_opinion,57,scheme,expert_opinion,YES
0a86f2a3101940aa,eleni,new_expert_opinion,57,verdict,good_argumentation,NO
0a86f2a3101940aa,enrico,new_expert_opinion,57,scheme,expert_opinion,YES
0a86f2a3101940aa,enrico,new_expert_opinion,57,verdict,good_argumentation,no
0abf131739d31684,enrico,ad hominem,7,scheme,ad_hominem,Ad Hominem
0abf131739d31684,enrico,ad hominem,7,verdict,ad_hominem_abusive,Abusive
0ad10f5a5c3b23ff,enrico,ad hominem,10,scheme,ad_hominem,Ad Hominem
0ad10f5a5c3b23ff,enrico,ad hominem,10,verdict,ad_hominem_tu_quoque,Tu Quoque
0ae615d527c68bc4,enrico,Copia di cause_to_effect_Enrico,48,comment,non vedo lo schema,non vedo lo schema
0ae615d527c68bc4,enrico,Copia di cause_to_effect_Enrico,48,scheme,cause_to_effect,Cause to effect
0ae615d527c68bc4,enrico,Copia di cause_to_effect_Enrico,48,verdict,idk,?
0ae615d527c68bc4,enrico,cause_to_effect,48,scheme,cause_to_effect,YES
0b26101c2f5d9d4c,enrico,Copia di hasty_generalization_E,20,scheme,none,none
0b26101c2f5d9d4c,enrico,Copia di hasty_generalization_E,20,verdict,hasty_generalization,hasty generalization
0b26101c2f5d9d4c,base,hasty_generalization,20,starting_label,hasty_generalization,hasty generalization
0b94a777eb50a417,base,Annotazione Dumitru Expert Opin,15,starting_label,appeal_to_authority,appeal to authority
0b94a777eb50a417,dumitru,Annotazione Dumitru Expert Opin,15,CQ1,no,no
0b94a777eb50a417,dumitru,Annotazione Dumitru Expert Opin,15,CQ2,no,no
0b94a777eb50a417,dumitru,Annotazione Dumitru Expert Opin,15,CQ3,yes,yes
0b94a777eb50a417,dumitru,Annotazione Dumitru Expert Opin,15,CQ3.1,yes,yes
0b94a777eb50a417,dumitru,Annotazione Dumitru Expert Opin,15,CQ4,no,no
0b94a777eb50a417,dumitru,Annotazione Dumitru Expert Opin,15,CQ4.1,no,no
0b94a777eb50a417,dumitru,Annotazione Dumitru Expert Opin,15,scheme,expert_opinion,YES
0b94a777eb50a417,dumitru,Annotazione Dumitru Expert Opin,15,uncertainty,CQ1:AMB,CQ1:AMB
0b94a777eb50a417,dumitru,Annotazione Dumitru Expert Opin,15,verdict,irrelevant_authority,Irrelevant Authority
0b94a777eb50a417,eleni,new_expert_opinion,15,verdict,appeal_to_authority,appeal to authority
0b94a777eb50a417,enrico,new_expert_opinion,15,comment,sembra più un ad hominem ad fidentia,sembra più un ad hominem ad fidentia
0b94a777eb50a417,enrico,new_expert_opinion,15,scheme,none,NO
0b94a777eb50a417,enrico,new_expert_opinion,15,verdict,appeal_to_authority,appeal to authority
0c0d47fdc4f7b749,base,Annotazione Dumitru Expert Opin,103,starting_label,appeal_to_authority,appeal to authority
0c0d47fdc4f7b749,dumitru,Annotazione Dumitru Expert Opin,103,CQ1,no,no
0c0d47fdc4f7b749,dumitru,Annotazione Dumitru Expert Opin,103,CQ2,yes,yes
0c0d47fdc4f7b749,dumitru,Annotazione Dumitru Expert Opin,103,CQ3,yes,yes
0c0d47fdc4f7b749,dumitru,Annotazione Dumitru Expert Opin,103,CQ3.1,yes,yes
0c0d47fdc4f7b749,dumitru,Annotazione Dumitru Expert Opin,103,CQ4,no,no
0c0d47fdc4f7b749,dumitru,Annotazione Dumitru Expert Opin,103,CQ4.1,yes,yes
0c0d47fdc4f7b749,dumitru,Annotazione Dumitru Expert Opin,103,scheme,expert_opinion,YES
0c0d47fdc4f7b749,dumitru,Annotazione Dumitru Expert Opin,103,uncertainty,CQ1:AMB,CQ1:AMB
0c0d47fdc4f7b749,dumitru,Annotazione Dumitru Expert Opin,103,verdict,irrelevant_authority,Irrelevant Authority
0c0d47fdc4f7b749,eleni,new_expert_opinion,103,verdict,appeal_to_authority,appeal to authority
0c0d47fdc4f7b749,enrico,new_expert_opinion,103,scheme,expert_opinion,YES
0c0d47fdc4f7b749,enrico,new_expert_opinion,103,verdict,appeal_to_authority,appeal to authority
0c40a9c757d22347,dumitru,Annotazione Dumitru Analogy,74,CQ1,yes,yes
0c40a9c757d22347,dumitru,Annotazione Dumitru Analogy,74,CQ1.1,no,no
0c40a9c757d22347,dumitru,Annotazione Dumitru Analogy,74,CQ2,yes,yes
0c40a9c757d22347,dumitru,Annotazione Dumitru Analogy,74,CQ3,yes,yes
0c40a9c757d22347,dumitru,Annotazione Dumitru Analogy,74,CQ4,no,no
0c40a9c757d22347,dumitru,Annotazione Dumitru Analogy,74,scheme,analogy,YES
0c40a9c757d22347,dumitru,Annotazione Dumitru Analogy,74,uncertainty,CQ1:SUBJ,CQ1:SUBJ
0c40a9c757d22347,dumitru,Annotazione Dumitru Analogy,74,verdict,weak_analogy,Weak Analogy
0c40a9c757d22347,eleni,new_analogy,86,scheme,analogy,YES
0c40a9c757d22347,eleni,new_analogy,86,verdict,any_fallacy,YES
0c40a9c757d22347,enrico,new_analogy,86,comment,dolore != morte,dolore != morte
0c40a9c757d22347,enrico,new_analogy,86,scheme,analogy,YES
0c40a9c757d22347,enrico,new_analogy,86,verdict,weak_analogy,weak analogy
0d18dadb789ac8f2,enrico,Copia di new_ad_populum_Enrico,109,comment,expert opinion?,expert opinion?
0d18dadb789ac8f2,enrico,Copia di new_ad_populum_Enrico,109,difficulty,2,2
0d18dadb789ac8f2,enrico,Copia di new_ad_populum_Enrico,109,scheme,expert_opinion,Expert opinion
0d18dadb789ac8f2,enrico,Copia di new_ad_populum_Enrico,109,verdict,irrelevant_authority,false authority
0d18dadb789ac8f2,base,new_ad_populum,109,starting_label,ad_populum,ad populum
0d6adb035efdb0e4,base,Slippery slope,48,starting_label,slippery_slope,slippery slope
0e21c4422dffbf74,enrico,Copia di new_ad_populum_Enrico,84,difficulty,3,3
0e21c4422dffbf74,enrico,Copia di new_ad_populum_Enrico,84,scheme,popular_opinion,YES
0e21c4422dffbf74,enrico,Copia di new_ad_populum_Enrico,84,verdict,hasty_generalization,Hasty generalization
0e21c4422dffbf74,base,new_ad_populum,84,starting_label,ad_populum,ad populum
0e433ebdbfb25d16,base,Annotazione Dumitru Expert Opin,86,starting_label,appeal_to_authority,appeal to authority
0e433ebdbfb25d16,dumitru,Annotazione Dumitru Expert Opin,86,CQ1,no,no
0e433ebdbfb25d16,dumitru,Annotazione Dumitru Expert Opin,86,CQ2,no,no
0e433ebdbfb25d16,dumitru,Annotazione Dumitru Expert Opin,86,CQ3,yes,yes
0e433ebdbfb25d16,dumitru,Annotazione Dumitru Expert Opin,86,CQ3.1,yes,yes
0e433ebdbfb25d16,dumitru,Annotazione Dumitru Expert Opin,86,CQ4,yes,yes
0e433ebdbfb25d16,dumitru,Annotazione Dumitru Expert Opin,86,CQ4.1,no,no
0e433ebdbfb25d16,dumitru,Annotazione Dumitru Expert Opin,86,scheme,expert_opinion,YES
0e433ebdbfb25d16,dumitru,Annotazione Dumitru Expert Opin,86,uncertainty,CQ2:AMB,CQ2:AMB
0e433ebdbfb25d16,dumitru,Annotazione Dumitru Expert Opin,86,verdict,irrelevant_authority,Irrelevant Authority
0e433ebdbfb25d16,eleni,new_expert_opinion,86,verdict,appeal_to_authority,appeal to authority
0e433ebdbfb25d16,enrico,new_expert_opinion,86,scheme,expert_opinion,YES
0e433ebdbfb25d16,enrico,new_expert_opinion,86,verdict,appeal_to_authority,appeal to authority
0e68ae7c07545cee,enrico,Copia di new_ad_populum_Enrico,127,difficulty,2,2
0e68ae7c07545cee,enrico,Copia di new_ad_populum_Enrico,127,scheme,popular_opinion,YES
0e68ae7c07545cee,enrico,Copia di new_ad_populum_Enrico,127,verdict,ad_populum,ad populum
0e68ae7c07545cee,base,new_ad_populum,127,starting_label,ad_populum,ad populum
0e84649b93c5e9b4,dumitru,Annotazione Dumitru Expert Opin,27,CQ1,yes,yes
0e84649b93c5e9b4,dumitru,Annotazione Dumitru Expert Opin,27,CQ2,yes,yes
0e84649b93c5e9b4,dumitru,Annotazione Dumitru Expert Opin,27,CQ3,yes,yes
0e84649b93c5e9b4,dumitru,Annotazione Dumitru Expert Opin,27,CQ3.1,yes,yes
0e84649b93c5e9b4,dumitru,Annotazione Dumitru Expert Opin,27,CQ4,no,no
0e84649b93c5e9b4,dumitru,Annotazione Dumitru Expert Opin,27,CQ4.1,yes,yes
0e84649b93c5e9b4,dumitru,Annotazione Dumitru Expert Opin,27,scheme,expert_opinion,YES
0e84649b93c5e9b4,dumitru,Annotazione Dumitru Expert Opin,27,uncertainty,CQ2:AMB,CQ2:AMB
0e84649b93c5e9b4,dumitru,Annotazione Dumitru Expert Opin,27,verdict,appeal_to_authority,Appeal to Authority
0e84649b93c5e9b4,eleni,new_expert_opinion,32,comment,Key word: several,Key word: several
0e84649b93c5e9b4,eleni,new_expert_opinion,32,scheme,expert_opinion,YES
0e84649b93c5e9b4,eleni,new_expert_opinion,32,verdict,any_fallacy,YES
0e84649b93c5e9b4,enrico,new_expert_opinion,32,comment,non è un'opinione che rispecchia la comunitàdegli esperti,non è un'opinione che rispecchia la comunitàdegli esperti
0e84649b93c5e9b4,enrico,new_expert_opinion,32,exit_cq,CQ1,CQ1
0e84649b93c5e9b4,enrico,new_expert_opinion,32,scheme,expert_opinion,YES
0e84649b93c5e9b4,enrico,new_expert_opinion,32,verdict,irrelevant_authority,false authority
0eadc08a4fb3a5de,enrico,Copia di new_ad_populum_Enrico,65,difficulty,5,5
0eadc08a4fb3a5de,enrico,Copia di new_ad_populum_Enrico,65,scheme,idk,?
0eadc08a4fb3a5de,enrico,Copia di new_ad_populum_Enrico,65,verdict,ad_populum,ad populum
0eadc08a4fb3a5de,base,new_ad_populum,65,starting_label,ad_populum,ad populum
0efa2d5b5d00505a,enrico,Copia di hasty_generalization_E,3,scheme,none,none
0efa2d5b5d00505a,enrico,Copia di hasty_generalization_E,3,verdict,hasty_generalization,hasty generalization
0efa2d5b5d00505a,base,hasty_generalization,3,starting_label,hasty_generalization,hasty generalization
0f71318d559644b1,enrico,Copia di example_final_Enrico,37,difficulty,2,2
0f71318d559644b1,enrico,Copia di example_final_Enrico,37,scheme,example,YES
0f71318d559644b1,enrico,Copia di example_final_Enrico,37,verdict,appeal_to_extremes,appelal to extremes
0f946fe055887b6c,base,Annotazione Dumitru Expert Opin,20,starting_label,appeal_to_authority,appeal to authority
0f946fe055887b6c,dumitru,Annotazione Dumitru Expert Opin,20,CQ1,no,no
0f946fe055887b6c,dumitru,Annotazione Dumitru Expert Opin,20,CQ2,yes,yes
0f946fe055887b6c,dumitru,Annotazione Dumitru Expert Opin,20,CQ3,yes,yes
0f946fe055887b6c,dumitru,Annotazione Dumitru Expert Opin,20,CQ3.1,yes,yes
0f946fe055887b6c,dumitru,Annotazione Dumitru Expert Opin,20,CQ4,no,no
0f946fe055887b6c,dumitru,Annotazione Dumitru Expert Opin,20,CQ4.1,yes,yes
0f946fe055887b6c,dumitru,Annotazione Dumitru Expert Opin,20,scheme,expert_opinion,YES
0f946fe055887b6c,dumitru,Annotazione Dumitru Expert Opin,20,uncertainty,CQ1:AMB,CQ1:AMB
0f946fe055887b6c,dumitru,Annotazione Dumitru Expert Opin,20,verdict,irrelevant_authority,Irrelevant Authority
0f946fe055887b6c,eleni,new_expert_opinion,20,verdict,appeal_to_authority,appeal to authority
0f946fe055887b6c,enrico,new_expert_opinion,20,scheme,expert_opinion,YES
0f946fe055887b6c,enrico,new_expert_opinion,20,verdict,appeal_to_authority,appeal to authority
0f96a073f37999b1,base,Slippery slope,63,starting_label,slippery_slope,slippery slope
108158798fc97a19,base,Slippery slope,42,starting_label,slippery_slope,slippery slope
10de603a8a7472fd,enrico,Copia di new_ad_populum_Enrico,5,difficulty,2,2
10de603a8a7472fd,enrico,Copia di new_ad_populum_Enrico,5,scheme,popular_opinion,YES
10de603a8a7472fd,enrico,Copia di new_ad_populum_Enrico,5,verdict,ad_populum,ad populum
10de603a8a7472fd,enrico,new_ad_populum,5,scheme,popular_opinion,YES
10f3717cbed4ad35,base,Slippery slope,35,starting_label,slippery_slope,slippery slope
112808e4f007a59e,enrico,ad hominem,50,scheme,ad_hominem,Ad Hominem
112808e4f007a59e,enrico,ad hominem,50,verdict,ad_hominem_tu_quoque,Tu Quoque
113b79e374278dc6,enrico,ad hominem,84,scheme,ad_hominem,Ad Hominem
113b79e374278dc6,enrico,ad hominem,84,verdict,poisoning_the_well,Poisoning the Well
11436c3e2fd4fc62,dumitru,Annotazione Dumitru Analogy,8,CQ1,no,no
11436c3e2fd4fc62,dumitru,Annotazione Dumitru Analogy,8,CQ1.1,no,no
11436c3e2fd4fc62,dumitru,Annotazione Dumitru Analogy,8,CQ2,yes,yes
11436c3e2fd4fc62,dumitru,Annotazione Dumitru Analogy,8,CQ3,yes,yes
11436c3e2fd4fc62,dumitru,Annotazione Dumitru Analogy,8,CQ4,yes,yes
11436c3e2fd4fc62,dumitru,Annotazione Dumitru Analogy,8,scheme,analogy,YES
11436c3e2fd4fc62,dumitru,Annotazione Dumitru Analogy,8,uncertainty,CQ4:DIFF,CQ4:DIFF
11436c3e2fd4fc62,dumitru,Annotazione Dumitru Analogy,8,verdict,cherry_picking,Cherry Picking
11436c3e2fd4fc62,eleni,new_analogy,8,comment,Evidence,Evidence
11436c3e2fd4fc62,eleni,new_analogy,8,scheme,analogy,YES
11436c3e2fd4fc62,eleni,new_analogy,8,verdict,good_argumentation,NO
11436c3e2fd4fc62,enrico,new_analogy,8,scheme,analogy,YES
11436c3e2fd4fc62,enrico,new_analogy,8,verdict,good_argumentation,no
114e42287788da49,enrico,Copia di cause_to_effect_Enrico,35,comment,non credo sia quello il punto,non credo sia quello il punto
114e42287788da49,enrico,Copia di cause_to_effect_Enrico,35,difficulty,5,5
114e42287788da49,enrico,Copia di cause_to_effect_Enrico,35,scheme,cause_to_effect,Cause to effect
114e42287788da49,enrico,Copia di cause_to_effect_Enrico,35,verdict,idk,?
114e42287788da49,enrico,cause_to_effect,35,scheme,cause_to_effect,YES
1170f6d68f9e0afa,enrico,Copia di example_final_Enrico,46,comment,un diritto può essere usato come no,un diritto può essere usato come no
1170f6d68f9e0afa,enrico,Copia di example_final_Enrico,46,difficulty,3,3
1170f6d68f9e0afa,enrico,Copia di example_final_Enrico,46,scheme,example,YES
1170f6d68f9e0afa,enrico,Copia di example_final_Enrico,46,verdict,good_argumentation,no fallacy
11a4257245a69a96,enrico,Copia di new_ad_populum_Enrico,63,difficulty,3,3
11a4257245a69a96,enrico,Copia di new_ad_populum_Enrico,63,scheme,popular_opinion,YES
11a4257245a69a96,enrico,Copia di new_ad_populum_Enrico,63,verdict,ad_populum,ad populum
11a4257245a69a96,enrico,new_ad_populum,63,scheme,popular_opinion,YES
11ab0ca2d99b38f5,enrico,ad hominem,28,scheme,ad_hominem,Ad Hominem
11ab0ca2d99b38f5,enrico,ad hominem,28,verdict,poisoning_the_well,Poisoning the Well
126ac1dbc0459668,enrico,Copia di new_ad_populum_Enrico,105,comment,no conclusione,no conclusione
126ac1dbc0459668,enrico,Copia di new_ad_populum_Enrico,105,difficulty,3,3
126ac1dbc0459668,enrico,Copia di new_ad_populum_Enrico,105,scheme,idk,SNI
126ac1dbc0459668,enrico,Copia di new_ad_populum_Enrico,105,verdict,ad_populum,ad populum
126ac1dbc0459668,base,new_ad_populum,105,starting_label,ad_populum,ad populum
12aadb374141fefb,base,Slippery slope,19,starting_label,slippery_slope,slippery slope
12ddcb7d05456073,base,Slippery slope,58,starting_label,slippery_slope,slippery slope
12e1e43c8c5d6c3e,base,Slippery slope,44,starting_label,slippery_slope,slippery slope
12f7bc86cfe286f9,enrico,Copia di hasty_generalization_E,43,scheme,none,none
12f7bc86cfe286f9,enrico,Copia di hasty_generalization_E,43,verdict,hasty_generalization,hasty generalization
12f7bc86cfe286f9,base,hasty_generalization,43,starting_label,hasty_generalization,hasty generalization
14438e4df2070f0c,enrico,Copia di hasty_generalization_E,7,scheme,example,Example
14438e4df2070f0c,enrico,Copia di hasty_generalization_E,7,verdict,hasty_generalization,hasty generalization
14438e4df2070f0c,enrico,Copia di hasty_generalization_E,8,comment,doppia,doppia
14438e4df2070f0c,enrico,Copia di hasty_generalization_E,8,scheme,example,Example
14438e4df2070f0c,enrico,Copia di hasty_generalization_E,8,verdict,hasty_generalization,hasty generalization
14438e4df2070f0c,base,hasty_generalization,7,starting_label,hasty_generalization,hasty generalization
14438e4df2070f0c,base,hasty_generalization,8,starting_label,hasty_generalization,hasty generalization
149816935fe8a1ff,enrico,Copia di cause_to_effect_Enrico,53,scheme,correlation_to_cause,Correlation to effect
149816935fe8a1ff,enrico,Copia di cause_to_effect_Enrico,53,verdict,questionable_cause,Questionable cause
149816935fe8a1ff,base,cause_to_effect,53,starting_label,post_hoc,post hoc ergo propter hoc
14fff4d742226d1e,dumitru,Annotazione Dumitru Expert Opin,55,CQ1,yes,yes
14fff4d742226d1e,dumitru,Annotazione Dumitru Expert Opin,55,CQ2,no,no
14fff4d742226d1e,dumitru,Annotazione Dumitru Expert Opin,55,CQ3,yes,yes
14fff4d742226d1e,dumitru,Annotazione Dumitru Expert Opin,55,CQ3.1,yes,yes
14fff4d742226d1e,dumitru,Annotazione Dumitru Expert Opin,55,CQ4,yes,yes
14fff4d742226d1e,dumitru,Annotazione Dumitru Expert Opin,55,CQ4.1,yes,yes
14fff4d742226d1e,dumitru,Annotazione Dumitru Expert Opin,55,scheme,expert_opinion,YES
14fff4d742226d1e,dumitru,Annotazione Dumitru Expert Opin,55,uncertainty,CQ1:AMB;CQ4:AMB,CQ1:AMB;CQ4:AMB
14fff4d742226d1e,dumitru,Annotazione Dumitru Expert Opin,55,verdict,good_argumentation,Good Argumentation
14fff4d742226d1e,eleni,new_expert_opinion,55,scheme,expert_opinion,YES
14fff4d742226d1e,eleni,new_expert_opinion,55,verdict,good_argumentation,NO
14fff4d742226d1e,enrico,new_expert_opinion,55,scheme,expert_opinion,YES
14fff4d742226d1e,enrico,new_expert_opinion,55,verdict,good_argumentation,no
151482830ac02b28,enrico,Copia di new_ad_populum_Enrico,48,comment,?,?
151482830ac02b28,enrico,Copia di new_ad_populum_Enrico,48,difficulty,5,5
151482830ac02b28,enrico,Copia di new_ad_populum_Enrico,48,scheme,popular_opinion,YES
151482830ac02b28,enrico,Copia di new_ad_populum_Enrico,48,verdict,good_argumentation,no fallacy
151482830ac02b28,enrico,new_ad_populum,48,scheme,popular_opinion,YES
170e7c456b6bbbe7,enrico,ad hominem,18,scheme,ad_hominem,Ad Hominem
170e7c456b6bbbe7,enrico,ad hominem,18,verdict,idk,?
174c038d8a00a733,enrico,Copia di new_ad_populum_Enrico,134,difficulty,4,4
174c038d8a00a733,enrico,Copia di new_ad_populum_Enrico,134,scheme,none,NO
174c038d8a00a733,enrico,Copia di new_ad_populum_Enrico,134,verdict,appeal_to_nature,appeal to nature
174c038d8a00a733,base,new_ad_populum,134,starting_label,appeal_to_nature,appeal to nature
17ea0841b588dc4f,base,Slippery slope,2,starting_label,slippery_slope,slippery slope
18462a58d453ad6d,base,Slippery slope,66,starting_label,slippery_slope,slippery slope
199b7a1d1afc130f,dumitru,Annotazione Dumitru Analogy,37,CQ1,yes,yes
199b7a1d1afc130f,dumitru,Annotazione Dumitru Analogy,37,CQ1.1,no,no
199b7a1d1afc130f,dumitru,Annotazione Dumitru Analogy,37,CQ2,yes,yes
199b7a1d1afc130f,dumitru,Annotazione Dumitru Analogy,37,CQ3,yes,yes
199b7a1d1afc130f,dumitru,Annotazione Dumitru Analogy,37,CQ4,yes,yes
199b7a1d1afc130f,dumitru,Annotazione Dumitru Analogy,37,scheme,analogy,YES
199b7a1d1afc130f,dumitru,Annotazione Dumitru Analogy,37,uncertainty,CQ1:SUBJ;CQ4:DIFF,CQ1:SUBJ;CQ4:DIFF
199b7a1d1afc130f,dumitru,Annotazione Dumitru Analogy,37,verdict,weak_analogy,Weak Analogy
199b7a1d1afc130f,eleni,new_analogy,47,scheme,analogy,YES
199b7a1d1afc130f,eleni,new_analogy,47,verdict,any_fallacy,YES
199b7a1d1afc130f,enrico,new_analogy,47,scheme,analogy,YES
199b7a1d1afc130f,enrico,new_analogy,47,verdict,weak_analogy,weak analogy
19a44cd00b030ffd,enrico,Copia di hasty_generalization_E,10,scheme,cause_to_effect,Cause to effect
19a44cd00b030ffd,enrico,Copia di hasty_generalization_E,10,verdict,hasty_generalization,hasty generalization
19a44cd00b030ffd,base,hasty_generalization,10,starting_label,hasty_generalization,hasty generalization
1a535b40b8cc0396,base,Annotazione Dumitru Expert Opin,42,starting_label,appeal_to_authority,appeal to authority
1a535b40b8cc0396,dumitru,Annotazione Dumitru Expert Opin,42,CQ1,no,no
1a535b40b8cc0396,dumitru,Annotazione Dumitru Expert Opin,42,CQ2,yes,yes
1a535b40b8cc0396,dumitru,Annotazione Dumitru Expert Opin,42,CQ3,yes,yes
1a535b40b8cc0396,dumitru,Annotazione Dumitru Expert Opin,42,CQ3.1,yes,yes
1a535b40b8cc0396,dumitru,Annotazione Dumitru Expert Opin,42,CQ4,no,no
1a535b40b8cc0396,dumitru,Annotazione Dumitru Expert Opin,42,CQ4.1,yes,yes
1a535b40b8cc0396,dumitru,Annotazione Dumitru Expert Opin,42,scheme,expert_opinion,YES
1a535b40b8cc0396,dumitru,Annotazione Dumitru Expert Opin,42,uncertainty,CQ1:DIFF,CQ1:DIFF
1a535b40b8cc0396,dumitru,Annotazione Dumitru Expert Opin,42,verdict,irrelevant_authority,Irrelevant Authority
1a535b40b8cc0396,eleni,new_expert_opinion,42,verdict,appeal_to_authority,appeal to authority
1a535b40b8cc0396,enrico,new_expert_opinion,42,comment,FALSE AUTHORITY ?,FALSE AUTHORITY ?
1a535b40b8cc0396,enrico,new_expert_opinion,42,scheme,expert_opinion,YES
1a535b40b8cc0396,enrico,new_expert_opinion,42,verdict,appeal_to_authority,appeal to authority
1a621ac1a873829f,dumitru,Annotazione Dumitru Analogy,49,CQ1,yes,yes
1a621ac1a873829f,dumitru,Annotazione Dumitru Analogy,49,CQ1.1,no,no
1a621ac1a873829f,dumitru,Annotazione Dumitru Analogy,49,CQ2,yes,yes
1a621ac1a873829f,dumitru,Annotazione Dumitru Analogy,49,CQ3,yes,yes
1a621ac1a873829f,dumitru,Annotazione Dumitru Analogy,49,CQ4,no,no
1a621ac1a873829f,dumitru,Annotazione Dumitru Analogy,49,scheme,analogy,YES
1a621ac1a873829f,dumitru,Annotazione Dumitru Analogy,49,uncertainty,CQ1:SUBJ,CQ1:SUBJ
1a621ac1a873829f,dumitru,Annotazione Dumitru Analogy,49,verdict,weak_analogy,Weak Analogy
1a621ac1a873829f,eleni,new_analogy,49,comment,Students != workers,Students != workers
1a621ac1a873829f,eleni,new_analogy,49,scheme,analogy,YES
1a621ac1a873829f,eleni,new_analogy,49,verdict,any_fallacy,YES
1a621ac1a873829f,enrico,new_analogy,49,comment,analogia valida,analogia valida
1a621ac1a873829f,enrico,new_analogy,49,scheme,analogy,YES
1a621ac1a873829f,enrico,new_analogy,49,verdict,good_argumentation,no
1a9131ebb799515f,enrico,Copia di hasty_generalization_E,56,scheme,example,Example
1a9131ebb799515f,enrico,Copia di hasty_generalization_E,56,verdict,hasty_generalization,hasty generalization
1a9131ebb799515f,base,hasty_generalization,56,starting_label,hasty_generalization,hasty generalization
1aa4a7b1f1e60bb1,base,Annotazione Dumitru Analogy,97,starting_label,cherry_picking,cherry picking
1aa4a7b1f1e60bb1,dumitru,Annotazione Dumitru Analogy,97,CQ1,na,na
1aa4a7b1f1e60bb1,dumitru,Annotazione Dumitru Analogy,97,CQ1.1,na,na
1aa4a7b1f1e60bb1,dumitru,Annotazione Dumitru Analogy,97,CQ2,na,na
1aa4a7b1f1e60bb1,dumitru,Annotazione Dumitru Analogy,97,CQ3,na,na
1aa4a7b1f1e60bb1,dumitru,Annotazione Dumitru Analogy,97,CQ4,na,na
1aa4a7b1f1e60bb1,dumitru,Annotazione Dumitru Analogy,97,scheme,none,NO
1aa4a7b1f1e60bb1,eleni,new_analogy,97,verdict,cherry_picking,cherry picking
1aa4a7b1f1e60bb1,enrico,new_analogy,97,scheme,none,NO
1aa4a7b1f1e60bb1,enrico,new_analogy,97,verdict,cherry_picking,cherry picking
1ad711649611148d,dumitru,Annotazione Dumitru Expert Opin,25,CQ1,yes,yes
1ad711649611148d,dumitru,Annotazione Dumitru Expert Opin,25,CQ2,yes,yes
1ad711649611148d,dumitru,Annotazione Dumitru Expert Opin,25,CQ3,yes,yes
1ad711649611148d,dumitru,Annotazione Dumitru Expert Opin,25,CQ3.1,yes,yes
1ad711649611148d,dumitru,Annotazione Dumitru Expert Opin,25,CQ4,no,no
1ad711649611148d,dumitru,Annotazione Dumitru Expert Opin,25,CQ4.1,yes,yes
1ad711649611148d,dumitru,Annotazione Dumitru Expert Opin,25,scheme,expert_opinion,YES
1ad711649611148d,dumitru,Annotazione Dumitru Expert Opin,25,uncertainty,CQ1:SUBJ;CQ2:AMB,CQ1:SUBJ;CQ2:AMB
1ad711649611148d,dumitru,Annotazione Dumitru Expert Opin,25,verdict,appeal_to_authority,Appeal to Authority
1ad711649611148d,eleni,new_expert_opinion,25,scheme,expert_opinion,YES
1ad711649611148d,eleni,new_expert_opinion,25,verdict,any_fallacy,YES
1ad711649611148d,enrico,new_expert_opinion,25,comment,"non condivisibile personalmente, ma non trovo nessuna forte evidenza per arrivare a una fallacia: è effettivamente un esperto in D e penso possa essere condiviso dagli esperti in D. essendo una dichiarazione senza conclusione poi non mi sento di dire che sia un appeal to authority","non condivisibile personalmente, ma non trovo nessuna forte evidenza per arrivare a una fallacia: è effettivamente un esperto in D e penso possa essere condiviso dagli esperti in D. essendo una dichiarazione senza conclusione poi non mi sento di dire che sia un appeal to authority"
1ad711649611148d,enrico,new_expert_opinion,25,scheme,expert_opinion,YES
1ad711649611148d,enrico,new_expert_opinion,25,verdict,good_argumentation,no
1b167adada8b9234,dumitru,Annotazione Dumitru Analogy,52,CQ1,no,no
1b167adada8b9234,dumitru,Annotazione Dumitru Analogy,52,CQ1.1,no,no
1b167adada8b9234,dumitru,Annotazione Dumitru Analogy,52,CQ2,yes,yes
1b167adada8b9234,dumitru,Annotazione Dumitru Analogy,52,CQ3,yes,yes
1b167adada8b9234,dumitru,Annotazione Dumitru Analogy,52,CQ4,no,no
1b167adada8b9234,dumitru,Annotazione Dumitru Analogy,52,scheme,analogy,YES
1b167adada8b9234,dumitru,Annotazione Dumitru Analogy,52,uncertainty,CQ1:SUBJ,CQ1:SUBJ
1b167adada8b9234,dumitru,Annotazione Dumitru Analogy,52,verdict,good_argumentation,Good Argumentation
1b167adada8b9234,eleni,new_analogy,52,scheme,analogy,YES
1b167adada8b9234,eleni,new_analogy,52,verdict,good_argumentation,NO
1b167adada8b9234,enrico,new_analogy,52,scheme,analogy,YES
1b167adada8b9234,enrico,new_analogy,52,verdict,good_argumentation,no
1b26169d6593b318,enrico,Copia di cause_to_effect_Enrico,11,difficulty,1,1
1b26169d6593b318,enrico,Copia di cause_to_effect_Enrico,11,scheme,cause_to_effect,Cause to effect
1b26169d6593b318,enrico,Copia di cause_to_effect_Enrico,11,verdict,good_argumentation,no fallacy
1b26169d6593b318,enrico,cause_to_effect,11,scheme,cause_to_effect,YES
1b8040e349826b98,base,Slippery slope,50,starting_label,slippery_slope,slippery slope
1ba6a6fde855d065,base,Slippery slope,68,starting_label,slippery_slope,slippery slope
1be0ebd6de42ccd6,enrico,Copia di new_ad_populum_Enrico,2,difficulty,5,5
1be0ebd6de42ccd6,enrico,Copia di new_ad_populum_Enrico,2,scheme,popular_opinion,YES
1be0ebd6de42ccd6,enrico,Copia di new_ad_populum_Enrico,2,verdict,ad_populum,ad populum
1be0ebd6de42ccd6,enrico,new_ad_populum,2,scheme,popular_opinion,YES
1c3710a6a0b932b8,enrico,Copia di cause_to_effect_Enrico,34,difficulty,4,4
1c3710a6a0b932b8,enrico,Copia di cause_to_effect_Enrico,34,scheme,cause_to_effect,Cause to effect
1c3710a6a0b932b8,enrico,Copia di cause_to_effect_Enrico,34,verdict,false_premise,false premise
1c3710a6a0b932b8,enrico,cause_to_effect,34,scheme,cause_to_effect,YES
1c532f36108dcf0d,base,Slippery slope,49,starting_label,slippery_slope,slippery slope
1c649aa58862c23a,enrico,Copia di hasty_generalization_E,81,scheme,none,none
1c649aa58862c23a,enrico,Copia di hasty_generalization_E,81,verdict,hasty_generalization,hasty generalization
1c649aa58862c23a,base,hasty_generalization,81,starting_label,hasty_generalization,Hasty Generalization
1d51720f046faaa5,enrico,Copia di hasty_generalization_E,21,scheme,none,none
1d51720f046faaa5,enrico,Copia di hasty_generalization_E,21,verdict,hasty_generalization,hasty generalization
1d51720f046faaa5,base,hasty_generalization,21,starting_label,hasty_generalization,hasty generalization
1d609dabc8c3f3eb,dumitru,Annotazione Dumitru Analogy,51,CQ1,yes,yes
1d609dabc8c3f3eb,dumitru,Annotazione Dumitru Analogy,51,CQ1.1,no,no
1d609dabc8c3f3eb,dumitru,Annotazione Dumitru Analogy,51,CQ2,yes,yes
1d609dabc8c3f3eb,dumitru,Annotazione Dumitru Analogy,51,CQ3,yes,yes
1d609dabc8c3f3eb,dumitru,Annotazione Dumitru Analogy,51,CQ4,no,no
1d609dabc8c3f3eb,dumitru,Annotazione Dumitru Analogy,51,scheme,analogy,YES
1d609dabc8c3f3eb,dumitru,Annotazione Dumitru Analogy,51,verdict,weak_analogy,Weak Analogy
1d609dabc8c3f3eb,eleni,new_analogy,65,scheme,analogy,YES
1d609dabc8c3f3eb,eleni,new_analogy,65,verdict,any_fallacy,YES
1d609dabc8c3f3eb,enrico,new_analogy,65,comment,molto liberale ma ci sta,molto liberale ma ci sta
1d609dabc8c3f3eb,enrico,new_analogy,65,scheme,analogy,YES
1d609dabc8c3f3eb,enrico,new_analogy,65,verdict,weak_analogy,weak analogy
1daca229834946ae,base,Slippery slope,93,starting_label,slippery_slope,slippery slope
1e0ad16f961f7c70,enrico,ad hominem,54,scheme,ad_hominem,Ad Hominem
1e0ad16f961f7c70,enrico,ad hominem,54,verdict,ad_hominem_abusive,Abusive
1e7f21304b6b8321,enrico,Copia di example_final_Enrico,60,difficulty,3,3
1e7f21304b6b8321,enrico,Copia di example_final_Enrico,60,scheme,example,YES
1e7f21304b6b8321,enrico,Copia di example_final_Enrico,60,verdict,weak_analogy,Weak analogy
1ec88078a27cb6b9,enrico,Copia di example_final_Enrico,63,difficulty,2,2
1ec88078a27cb6b9,enrico,Copia di example_final_Enrico,63,scheme,example,YES
1ec88078a27cb6b9,enrico,Copia di example_final_Enrico,63,verdict,good_argumentation,no fallacy
1edea9566b9c0e97,dumitru,Annotazione Dumitru Analogy,50,CQ1,yes,yes
1edea9566b9c0e97,dumitru,Annotazione Dumitru Analogy,50,CQ1.1,no,no
1edea9566b9c0e97,dumitru,Annotazione Dumitru Analogy,50,CQ2,yes,yes
1edea9566b9c0e97,dumitru,Annotazione Dumitru Analogy,50,CQ3,yes,yes
1edea9566b9c0e97,dumitru,Annotazione Dumitru Analogy,50,CQ4,no,no
1edea9566b9c0e97,dumitru,Annotazione Dumitru Analogy,50,scheme,analogy,YES
1edea9566b9c0e97,dumitru,Annotazione Dumitru Analogy,50,uncertainty,CQ1:AMB;CQ2:AMB,CQ1:AMB;CQ2:AMB
1edea9566b9c0e97,dumitru,Annotazione Dumitru Analogy,50,verdict,weak_analogy,Weak Analogy
1edea9566b9c0e97,eleni,new_analogy,50,scheme,analogy,YES
1edea9566b9c0e97,eleni,new_analogy,50,verdict,good_argumentation,NO
1edea9566b9c0e97,enrico,new_analogy,50,scheme,analogy,YES
1edea9566b9c0e97,enrico,new_analogy,50,verdict,good_argumentation,no
1f4c08d150f17d64,enrico,Copia di cause_to_effect_Enrico,41,difficulty,2,2
1f4c08d150f17d64,enrico,Copia di cause_to_effect_Enrico,41,scheme,cause_to_effect,Cause to effect
1f4c08d150f17d64,enrico,Copia di cause_to_effect_Enrico,41,verdict,cherry_picking,Cherry picking
1f4c08d150f17d64,enrico,cause_to_effect,41,scheme,cause_to_effect,YES
1f5b677068607b4a,enrico,Copia di new_ad_populum_Enrico,126,comment,non chiaro,non chiaro
1f5b677068607b4a,enrico,Copia di new_ad_populum_Enrico,126,difficulty,3,3
1f5b677068607b4a,enrico,Copia di new_ad_populum_Enrico,126,scheme,idk,?
1f5b677068607b4a,enrico,Copia di new_ad_populum_Enrico,126,verdict,ad_populum,ad populum
1f5b677068607b4a,base,new_ad_populum,126,starting_label,ad_populum,ad populum
20360e99cf260f9a,enrico,ad hominem,13,scheme,ad_hominem,Ad Hominem
20360e99cf260f9a,enrico,ad hominem,13,verdict,ad_fidentia,Ad Fidentia
205c15841b5fb770,base,Annotazione Dumitru Expert Opin,97,starting_label,appeal_to_authority,appeal to authority
205c15841b5fb770,dumitru,Annotazione Dumitru Expert Opin,97,CQ1,no,no
205c15841b5fb770,dumitru,Annotazione Dumitru Expert Opin,97,CQ2,yes,yes
205c15841b5fb770,dumitru,Annotazione Dumitru Expert Opin,97,CQ3,yes,yes
205c15841b5fb770,dumitru,Annotazione Dumitru Expert Opin,97,CQ3.1,yes,yes
205c15841b5fb770,dumitru,Annotazione Dumitru Expert Opin,97,CQ4,no,no
205c15841b5fb770,dumitru,Annotazione Dumitru Expert Opin,97,CQ4.1,yes,yes
205c15841b5fb770,dumitru,Annotazione Dumitru Expert Opin,97,scheme,expert_opinion,YES
205c15841b5fb770,dumitru,Annotazione Dumitru Expert Opin,97,verdict,irrelevant_authority,Irrelevant Authority
205c15841b5fb770,eleni,new_expert_opinion,97,verdict,appeal_to_authority,appeal to authority
205c15841b5fb770,enrico,new_expert_opinion,97,comment,FALSE AUTHORITY,FALSE AUTHORITY
205c15841b5fb770,enrico,new_expert_opinion,97,scheme,expert_opinion,YES
205c15841b5fb770,enrico,new_expert_opinion,97,verdict,appeal_to_authority,appeal to authority
205c15841b5fb770,unknown,new_expert_opinion,97,doubt,s,s
20e502f6703aea52,enrico,ad hominem,46,scheme,ad_hominem,Ad Hominem
20e502f6703aea52,enrico,ad hominem,46,verdict,ad_hominem_abusive,Abusive
20ed998ed1fce53a,dumitru,Annotazione Dumitru Analogy,10,CQ1,yes,yes
20ed998ed1fce53a,dumitru,Annotazione Dumitru Analogy,10,CQ1.1,no,no
20ed998ed1fce53a,dumitru,Annotazione Dumitru Analogy,10,CQ2,yes,yes
20ed998ed1fce53a,dumitru,Annotazione Dumitru Analogy,10,CQ3,yes,yes
20ed998ed1fce53a,dumitru,Annotazione Dumitru Analogy,10,CQ4,yes,yes
20ed998ed1fce53a,dumitru,Annotazione Dumitru Analogy,10,scheme,analogy,YES
20ed998ed1fce53a,dumitru,Annotazione Dumitru Analogy,10,uncertainty,CQ4:DIFF,CQ4:DIFF
20ed998ed1fce53a,dumitru,Annotazione Dumitru Analogy,10,verdict,weak_analogy,Weak Analogy
20ed998ed1fce53a,eleni,new_analogy,27,comment,"bribe = corrupting someone to act against ethical norms.
paying for moral behavior = encouraging good actions. Different intent and outcome","bribe = corrupting someone to act against ethical norms.
paying for moral behavior = encouraging good actions. Different intent and outcome"
20ed998ed1fce53a,eleni,new_analogy,27,scheme,analogy,YES
20ed998ed1fce53a,eleni,new_analogy,27,verdict,any_fallacy,YES
20ed998ed1fce53a,enrico,new_analogy,27,scheme,analogy,YES
20ed998ed1fce53a,enrico,new_analogy,27,verdict,weak_analogy,weak analogy
2115fde1e9af2781,dumitru,Annotazione Dumitru Expert Opin,52,CQ1,yes,yes
2115fde1e9af2781,dumitru,Annotazione Dumitru Expert Opin,52,CQ2,no,no
2115fde1e9af2781,dumitru,Annotazione Dumitru Expert Opin,52,CQ3,yes,yes
2115fde1e9af2781,dumitru,Annotazione Dumitru Expert Opin,52,CQ3.1,yes,yes
2115fde1e9af2781,dumitru,Annotazione Dumitru Expert Opin,52,CQ4,yes,yes
2115fde1e9af2781,dumitru,Annotazione Dumitru Expert Opin,52,CQ4.1,yes,yes
2115fde1e9af2781,dumitru,Annotazione Dumitru Expert Opin,52,scheme,expert_opinion,YES
2115fde1e9af2781,dumitru,Annotazione Dumitru Expert Opin,52,uncertainty,CQ4:AMB;CQ4.1:AMB,CQ4:AMB;CQ4.1:AMB
2115fde1e9af2781,dumitru,Annotazione Dumitru Expert Opin,52,verdict,good_argumentation,Good Argumentation
2115fde1e9af2781,eleni,new_expert_opinion,52,scheme,expert_opinion,YES
2115fde1e9af2781,eleni,new_expert_opinion,52,verdict,good_argumentation,NO
2115fde1e9af2781,enrico,new_expert_opinion,52,scheme,expert_opinion,YES
2115fde1e9af2781,enrico,new_expert_opinion,52,verdict,good_argumentation,no
2124eb08e06521c9,dumitru,Annotazione Dumitru Analogy,75,CQ1,no,no
2124eb08e06521c9,dumitru,Annotazione Dumitru Analogy,75,CQ1.1,no,no
2124eb08e06521c9,dumitru,Annotazione Dumitru Analogy,75,CQ2,yes,yes
2124eb08e06521c9,dumitru,Annotazione Dumitru Analogy,75,CQ3,yes,yes
2124eb08e06521c9,dumitru,Annotazione Dumitru Analogy,75,CQ4,no,no
2124eb08e06521c9,dumitru,Annotazione Dumitru Analogy,75,scheme,analogy,YES
2124eb08e06521c9,dumitru,Annotazione Dumitru Analogy,75,verdict,good_argumentation,Good Argumentation
2124eb08e06521c9,eleni,new_analogy,75,comment,"Car crash can have fatal outcome, so they are not really comparable. They are in terms of “undesirable outcomes”","Car crash can have fatal outcome, so they are not really comparable. They are in terms of “undesirable outcomes”"
2124eb08e06521c9,eleni,new_analogy,75,scheme,analogy,YES
2124eb08e06521c9,eleni,new_analogy,75,verdict,good_argumentation,NO
2124eb08e06521c9,enrico,new_analogy,75,scheme,analogy,YES
2124eb08e06521c9,enrico,new_analogy,75,verdict,good_argumentation,no
22311482545d0362,enrico,Copia di example_final_Enrico,4,difficulty,2,2
22311482545d0362,enrico,Copia di example_final_Enrico,4,scheme,example,YES
22311482545d0362,enrico,Copia di example_final_Enrico,4,verdict,cherry_picking,Cherry picking
2245c10230d603ab,enrico,Copia di cause_to_effect_Enrico,43,difficulty,3,3
2245c10230d603ab,enrico,Copia di cause_to_effect_Enrico,43,scheme,cause_to_effect,Cause to effect
2245c10230d603ab,enrico,Copia di cause_to_effect_Enrico,43,verdict,cherry_picking,Cherry picking
2245c10230d603ab,enrico,cause_to_effect,43,scheme,cause_to_effect,YES
22d6f107dad856b8,enrico,Copia di cause_to_effect_Enrico,66,scheme,none,NO
22d6f107dad856b8,enrico,Copia di cause_to_effect_Enrico,66,verdict,false_cause,false causality
22d6f107dad856b8,base,cause_to_effect,66,starting_label,false_cause,false causality
232b1663e0aa78f0,enrico,Copia di hasty_generalization_E,32,scheme,example,Example
232b1663e0aa78f0,enrico,Copia di hasty_generalization_E,32,verdict,hasty_generalization,hasty generalization
232b1663e0aa78f0,base,hasty_generalization,32,starting_label,hasty_generalization,hasty generalization
2338a8fbf845d621,base,Slippery slope,14,starting_label,slippery_slope,slippery slope
240f020355674698,enrico,ad hominem,82,scheme,ad_hominem,Ad Hominem
240f020355674698,enrico,ad hominem,82,verdict,ad_hominem_guilt_by_association,Guilt by Association
2438aa90d6a76758,enrico,Copia di new_ad_populum_Enrico,23,comment,no appello ad pop,no appello ad pop
2438aa90d6a76758,enrico,Copia di new_ad_populum_Enrico,23,difficulty,3,3
2438aa90d6a76758,enrico,Copia di new_ad_populum_Enrico,23,scheme,popular_opinion,YES
2438aa90d6a76758,enrico,Copia di new_ad_populum_Enrico,23,verdict,idk,?
2438aa90d6a76758,enrico,new_ad_populum,23,scheme,popular_opinion,YES
24965841466ee761,enrico,ad hominem,97,scheme,ad_hominem,Ad Hominem
24965841466ee761,enrico,ad hominem,97,verdict,ad_hominem_abusive,Abusive
249d854a1061d2dc,enrico,Copia di new_ad_populum_Enrico,116,difficulty,2,2
249d854a1061d2dc,enrico,Copia di new_ad_populum_Enrico,116,scheme,popular_opinion,YES
249d854a1061d2dc,enrico,Copia di new_ad_populum_Enrico,116,verdict,ad_populum,ad populum
249d854a1061d2dc,base,new_ad_populum,116,starting_label,ad_populum,ad populum
24caed47a2610149,enrico,ad hominem,66,scheme,ad_hominem,Ad Hominem
24caed47a2610149,enrico,ad hominem,66,verdict,ad_hominem_abusive,Abusive
24d2f373b1958375,enrico,ad hominem,64,scheme,ad_hominem,Ad Hominem
24d2f373b1958375,enrico,ad hominem,64,verdict,ad_hominem_guilt_by_association,Guilt by Association
24e69b756fe3809e,enrico,Copia di example_final_Enrico,25,difficulty,4,4
24e69b756fe3809e,enrico,Copia di example_final_Enrico,25,scheme,example,YES
24e69b756fe3809e,enrico,Copia di example_final_Enrico,25,verdict,cherry_picking,Cherry picking
24f3aba9426ce63f,enrico,ad hominem,2,scheme,ad_hominem,Ad Hominem
24f3aba9426ce63f,enrico,ad hominem,2,verdict,ad_hominem_tu_quoque,Tu Quoque
250f8e27723ffc3a,base,Slippery slope,40,starting_label,slippery_slope,slippery slope
25f4cf1426f91ba6,enrico,ad hominem,51,scheme,ad_hominem,Ad Hominem
25f4cf1426f91ba6,enrico,ad hominem,51,verdict,ad_hominem_tu_quoque,Tu Quoque
262595474c0858c6,enrico,Copia di new_ad_populum_Enrico,51,comment,ipotetico e non per forza fallace?,ipotetico e non per forza fallace?
262595474c0858c6,enrico,Copia di new_ad_populum_Enrico,51,difficulty,5,5
262595474c0858c6,enrico,Copia di new_ad_populum_Enrico,51,scheme,popular_opinion,YES
262595474c0858c6,enrico,Copia di new_ad_populum_Enrico,51,verdict,good_argumentation,no fallacy
262595474c0858c6,enrico,new_ad_populum,51,scheme,popular_opinion,YES
27d144902aab64fc,base,Slippery slope,32,starting_label,slippery_slope,slippery slope
28124fd9bd25bdcb,dumitru,Annotazione Dumitru Analogy,66,CQ1,yes,yes
28124fd9bd25bdcb,dumitru,Annotazione Dumitru Analogy,66,CQ1.1,yes,yes
28124fd9bd25bdcb,dumitru,Annotazione Dumitru Analogy,66,CQ2,yes,yes
28124fd9bd25bdcb,dumitru,Annotazione Dumitru Analogy,66,CQ3,yes,yes
28124fd9bd25bdcb,dumitru,Annotazione Dumitru Analogy,66,CQ4,no,no
28124fd9bd25bdcb,dumitru,Annotazione Dumitru Analogy,66,scheme,analogy,YES
28124fd9bd25bdcb,dumitru,Annotazione Dumitru Analogy,66,uncertainty,CQ1.1:AMB,CQ1.1:AMB
28124fd9bd25bdcb,dumitru,Annotazione Dumitru Analogy,66,verdict,appeal_to_extremes,Appeal to Extremes
28124fd9bd25bdcb,eleni,new_analogy,73,scheme,analogy,YES
28124fd9bd25bdcb,eleni,new_analogy,73,verdict,any_fallacy,YES
28124fd9bd25bdcb,enrico,new_analogy,73,scheme,analogy,YES
28124fd9bd25bdcb,enrico,new_analogy,73,verdict,weak_analogy,weak analogy
28d4e2ad6faff3af,base,Slippery slope,39,starting_label,slippery_slope,slippery slope
2910450986fbd372,base,Slippery slope,70,starting_label,slippery_slope,slippery slope
296f15d0582b05bc,base,Annotazione Dumitru Analogy,87,starting_label,weak_analogy,weak analogy
296f15d0582b05bc,dumitru,Annotazione Dumitru Analogy,87,CQ1,yes,yes
296f15d0582b05bc,dumitru,Annotazione Dumitru Analogy,87,CQ1.1,yes,yes
296f15d0582b05bc,dumitru,Annotazione Dumitru Analogy,87,CQ2,yes,yes
296f15d0582b05bc,dumitru,Annotazione Dumitru Analogy,87,CQ3,yes,yes
296f15d0582b05bc,dumitru,Annotazione Dumitru Analogy,87,CQ4,no,no
296f15d0582b05bc,dumitru,Annotazione Dumitru Analogy,87,scheme,analogy,YES
296f15d0582b05bc,dumitru,Annotazione Dumitru Analogy,87,uncertainty,CQ1.1:AMB,CQ1.1:AMB
296f15d0582b05bc,dumitru,Annotazione Dumitru Analogy,87,verdict,appeal_to_extremes,Appeal to Extremes
296f15d0582b05bc,eleni,new_analogy,87,verdict,weak_analogy,weak analogy
296f15d0582b05bc,enrico,new_analogy,87,scheme,analogy,YES
296f15d0582b05bc,enrico,new_analogy,87,verdict,weak_analogy,weak analogy
2988896000fa7bc9,enrico,ad hominem,20,scheme,ad_hominem,Ad Hominem
2988896000fa7bc9,enrico,ad hominem,20,verdict,ad_hominem_abusive,Abusive
2991ee41f2652b99,enrico,Copia di new_ad_populum_Enrico,28,comment,EXPERT OPINION,EXPERT OPINION
2991ee41f2652b99,enrico,Copia di new_ad_populum_Enrico,28,difficulty,1,1
2991ee41f2652b99,enrico,Copia di new_ad_populum_Enrico,28,scheme,expert_opinion,Expert opinion
2991ee41f2652b99,enrico,Copia di new_ad_populum_Enrico,28,verdict,good_argumentation,no fallacy
2991ee41f2652b99,enrico,new_ad_populum,28,scheme,popular_opinion,YES
2cbdc98872e242f5,base,Annotazione Dumitru Expert Opin,89,starting_label,irrelevant_authority,false authority
2cbdc98872e242f5,dumitru,Annotazione Dumitru Expert Opin,89,CQ1,no,no
2cbdc98872e242f5,dumitru,Annotazione Dumitru Expert Opin,89,CQ2,yes,yes
2cbdc98872e242f5,dumitru,Annotazione Dumitru Expert Opin,89,CQ3,yes,yes
2cbdc98872e242f5,dumitru,Annotazione Dumitru Expert Opin,89,CQ3.1,yes,yes
2cbdc98872e242f5,dumitru,Annotazione Dumitru Expert Opin,89,CQ4,no,no
2cbdc98872e242f5,dumitru,Annotazione Dumitru Expert Opin,89,CQ4.1,yes,yes
2cbdc98872e242f5,dumitru,Annotazione Dumitru Expert Opin,89,scheme,expert_opinion,YES
2cbdc98872e242f5,dumitru,Annotazione Dumitru Expert Opin,89,uncertainty,CQ3:DIFF,CQ3:DIFF
2cbdc98872e242f5,dumitru,Annotazione Dumitru Expert Opin,89,verdict,irrelevant_authority,Irrelevant Authority
2cbdc98872e242f5,eleni,new_expert_opinion,89,verdict,irrelevant_authority,false authority
2cbdc98872e242f5,enrico,new_expert_opinion,89,scheme,expert_opinion,YES
2cbdc98872e242f5,enrico,new_expert_opinion,89,verdict,irrelevant_authority,false authority
2ddff5c9053774cc,enrico,Copia di example_final_Enrico,9,difficulty,4,4
2ddff5c9053774cc,enrico,Copia di example_final_Enrico,9,scheme,example,YES
2ddff5c9053774cc,enrico,Copia di example_final_Enrico,9,verdict,cherry_picking,Cherry picking
2dfb3e37b2f5708b,enrico,Copia di hasty_generalization_E,48,scheme,none,none
2dfb3e37b2f5708b,enrico,Copia di hasty_generalization_E,48,verdict,hasty_generalization,hasty generalization
2dfb3e37b2f5708b,enrico,Copia di hasty_generalization_E,49,comment,doppia,doppia
2dfb3e37b2f5708b,enrico,Copia di hasty_generalization_E,49,scheme,none,none
2dfb3e37b2f5708b,enrico,Copia di hasty_generalization_E,49,verdict,hasty_generalization,hasty generalization
2dfb3e37b2f5708b,base,hasty_generalization,48,starting_label,hasty_generalization,hasty generalization
2dfb3e37b2f5708b,base,hasty_generalization,49,starting_label,hasty_generalization,hasty generalization
2e1b56ea711f1d62,enrico,Copia di example_final_Enrico,31,comment,esempio vago,esempio vago
2e1b56ea711f1d62,enrico,Copia di example_final_Enrico,31,scheme,example,YES
2e1b56ea711f1d62,enrico,Copia di example_final_Enrico,31,verdict,idk,?
2e92ab2cd4de4f83,enrico,Copia di new_ad_populum_Enrico,9,difficulty,2,2
2e92ab2cd4de4f83,enrico,Copia di new_ad_populum_Enrico,9,scheme,popular_opinion,YES
2e92ab2cd4de4f83,enrico,Copia di new_ad_populum_Enrico,9,verdict,ad_populum,ad populum
2e92ab2cd4de4f83,enrico,new_ad_populum,9,scheme,popular_opinion,YES
2ea788f30408b0d9,dumitru,Annotazione Dumitru Analogy,54,CQ1,yes,yes
2ea788f30408b0d9,dumitru,Annotazione Dumitru Analogy,54,CQ1.1,no,no
2ea788f30408b0d9,dumitru,Annotazione Dumitru Analogy,54,CQ2,yes,yes
2ea788f30408b0d9,dumitru,Annotazione Dumitru Analogy,54,CQ3,yes,yes
2ea788f30408b0d9,dumitru,Annotazione Dumitru Analogy,54,CQ4,yes,yes
2ea788f30408b0d9,dumitru,Annotazione Dumitru Analogy,54,scheme,analogy,YES
2ea788f30408b0d9,dumitru,Annotazione Dumitru Analogy,54,uncertainty,CQ1:SUBJ;CQ1.1:AMB;CQ4:SUBJ,CQ1:SUBJ;CQ1.1:AMB;CQ4:SUBJ
2ea788f30408b0d9,dumitru,Annotazione Dumitru Analogy,54,verdict,weak_analogy,Weak Analogy
2ea788f30408b0d9,eleni,new_analogy,66,scheme,analogy,YES
2ea788f30408b0d9,eleni,new_analogy,66,verdict,any_fallacy,YES
2ea788f30408b0d9,enrico,new_analogy,66,scheme,analogy,YES
2ea788f30408b0d9,enrico,new_analogy,66,verdict,weak_analogy,weak analogy
2eb55afc3f7450b1,base,Slippery slope,55,starting_label,slippery_slope,slippery slope
2ee03f391416d1db,base,Annotazione Dumitru Expert Opin,119,starting_label,strawman,straw man
2ee03f391416d1db,dumitru,Annotazione Dumitru Expert Opin,119,CQ1,yes,yes
2ee03f391416d1db,dumitru,Annotazione Dumitru Expert Opin,119,CQ2,no,no
2ee03f391416d1db,dumitru,Annotazione Dumitru Expert Opin,119,CQ3,no,no
2ee03f391416d1db,dumitru,Annotazione Dumitru Expert Opin,119,CQ3.1,yes,yes
2ee03f391416d1db,dumitru,Annotazione Dumitru Expert Opin,119,CQ4,no,no
2ee03f391416d1db,dumitru,Annotazione Dumitru Expert Opin,119,CQ4.1,yes,yes
2ee03f391416d1db,dumitru,Annotazione Dumitru Expert Opin,119,scheme,expert_opinion,YES
2ee03f391416d1db,dumitru,Annotazione Dumitru Expert Opin,119,uncertainty,CQ1:AMB;CQ2:AMB,CQ1:AMB;CQ2:AMB
2ee03f391416d1db,dumitru,Annotazione Dumitru Expert Opin,119,verdict,strawman,Strawman
2ee03f391416d1db,eleni,new_expert_opinion,119,verdict,strawman,straw man
2ee03f391416d1db,enrico,new_expert_opinion,119,comment,"dipende da come si legge, potrebbe anche essere una app to auth","dipende da come si legge, potrebbe anche essere una app to auth"
2ee03f391416d1db,enrico,new_expert_opinion,119,scheme,idk,SNI
2ee03f391416d1db,enrico,new_expert_opinion,119,verdict,strawman,straw man
2ee03f391416d1db,unknown,new_expert_opinion,119,doubt,s,s
2f22cb61772bf692,base,Annotazione Dumitru Expert Opin,114,starting_label,strawman,straw man
2f22cb61772bf692,dumitru,Annotazione Dumitru Expert Opin,114,CQ1,yes,yes
2f22cb61772bf692,dumitru,Annotazione Dumitru Expert Opin,114,CQ2,no,no
2f22cb61772bf692,dumitru,Annotazione Dumitru Expert Opin,114,CQ3,no,no
2f22cb61772bf692,dumitru,Annotazione Dumitru Expert Opin,114,CQ3.1,yes,yes
2f22cb61772bf692,dumitru,Annotazione Dumitru Expert Opin,114,CQ4,yes,yes
2f22cb61772bf692,dumitru,Annotazione Dumitru Expert Opin,114,CQ4.1,yes,yes
2f22cb61772bf692,dumitru,Annotazione Dumitru Expert Opin,114,scheme,expert_opinion,YES
2f22cb61772bf692,dumitru,Annotazione Dumitru Expert Opin,114,uncertainty,CQ1:AMB;CQ2:AMB;CQ4.1:AMB,CQ1:AMB;CQ2:AMB;CQ4.1:AMB
2f22cb61772bf692,dumitru,Annotazione Dumitru Expert Opin,114,verdict,strawman,Strawman
2f22cb61772bf692,eleni,new_expert_opinion,114,verdict,strawman,straw man
2f22cb61772bf692,enrico,new_expert_opinion,114,scheme,none,NO
2f22cb61772bf692,enrico,new_expert_opinion,114,verdict,strawman,straw man
2f84699004696926,enrico,Copia di hasty_generalization_E,51,scheme,none,none
2f84699004696926,enrico,Copia di hasty_generalization_E,51,verdict,hasty_generalization,hasty generalization
2f84699004696926,base,hasty_generalization,51,starting_label,hasty_generalization,hasty generalization
302c8bff01c0bbbe,enrico,Copia di new_ad_populum_Enrico,45,difficulty,2,2
302c8bff01c0bbbe,enrico,Copia di new_ad_populum_Enrico,45,scheme,popular_opinion,YES
302c8bff01c0bbbe,enrico,Copia di new_ad_populum_Enrico,45,verdict,good_argumentation,no fallacy
302c8bff01c0bbbe,enrico,new_ad_populum,45,scheme,popular_opinion,YES
30a4200fffce1505,base,Slippery slope,94,starting_label,slippery_slope,slippery slope
31123f7b753f37b1,dumitru,Annotazione Dumitru Expert Opin,51,CQ1,yes,yes
31123f7b753f37b1,dumitru,Annotazione Dumitru Expert Opin,51,CQ2,yes,yes
31123f7b753f37b1,dumitru,Annotazione Dumitru Expert Opin,51,CQ3,yes,yes
31123f7b753f37b1,dumitru,Annotazione Dumitru Expert Opin,51,CQ3.1,yes,yes
31123f7b753f37b1,dumitru,Annotazione Dumitru Expert Opin,51,CQ4,yes,yes
31123f7b753f37b1,dumitru,Annotazione Dumitru Expert Opin,51,CQ4.1,no,no
31123f7b753f37b1,dumitru,Annotazione Dumitru Expert Opin,51,scheme,expert_opinion,YES
31123f7b753f37b1,dumitru,Annotazione Dumitru Expert Opin,51,uncertainty,CQ2:AMB;CQ4:AMB;CQ4.1:SUBJ,CQ2:AMB;CQ4:AMB;CQ4.1:SUBJ
31123f7b753f37b1,dumitru,Annotazione Dumitru Expert Opin,51,verdict,appeal_to_authority,Appeal to Authority
31123f7b753f37b1,eleni,new_expert_opinion,51,scheme,expert_opinion,YES
31123f7b753f37b1,eleni,new_expert_opinion,51,verdict,good_argumentation,NO
31123f7b753f37b1,enrico,new_expert_opinion,51,scheme,expert_opinion,YES
31123f7b753f37b1,enrico,new_expert_opinion,51,verdict,good_argumentation,no
312a2897b8800631,dumitru,Annotazione Dumitru Expert Opin,65,CQ1,yes,yes
312a2897b8800631,dumitru,Annotazione Dumitru Expert Opin,65,CQ2,no,no
312a2897b8800631,dumitru,Annotazione Dumitru Expert Opin,65,CQ3,yes,yes
312a2897b8800631,dumitru,Annotazione Dumitru Expert Opin,65,CQ3.1,yes,yes
312a2897b8800631,dumitru,Annotazione Dumitru Expert Opin,65,CQ4,yes,yes
312a2897b8800631,dumitru,Annotazione Dumitru Expert Opin,65,CQ4.1,no,no
312a2897b8800631,dumitru,Annotazione Dumitru Expert Opin,65,scheme,expert_opinion,YES
312a2897b8800631,dumitru,Annotazione Dumitru Expert Opin,65,uncertainty,CQ1:AMB;CQ4:AMB,CQ1:AMB;CQ4:AMB
312a2897b8800631,dumitru,Annotazione Dumitru Expert Opin,65,verdict,non_sequitur,Non Sequitur
312a2897b8800631,eleni,new_expert_opinion,76,scheme,expert_opinion,YES
312a2897b8800631,eleni,new_expert_opinion,76,verdict,good_argumentation,NO
312a2897b8800631,enrico,new_expert_opinion,76,comment,cooperazione = mondo migliore? l'implicazione non è corretta,cooperazione = mondo migliore? l'implicazione non è corretta
312a2897b8800631,enrico,new_expert_opinion,76,exit_cq,CQ4,CQ4
312a2897b8800631,enrico,new_expert_opinion,76,scheme,expert_opinion,YES
312a2897b8800631,enrico,new_expert_opinion,76,verdict,non_sequitur,non sequitur
312bfd2ce258caa6,enrico,Copia di example_final_Enrico,52,difficulty,4,4
312bfd2ce258caa6,enrico,Copia di example_final_Enrico,52,scheme,example,YES
312bfd2ce258caa6,enrico,Copia di example_final_Enrico,52,verdict,good_argumentation,no fallacy
314cbdd5a7a887c8,enrico,Copia di cause_to_effect_Enrico,54,scheme,correlation_to_cause,Correlation to effect
314cbdd5a7a887c8,enrico,Copia di cause_to_effect_Enrico,54,verdict,post_hoc,post hoc
314cbdd5a7a887c8,base,cause_to_effect,54,starting_label,post_hoc,post hoc ergo propter hoc
31a2d253330d2956,enrico,Copia di new_ad_populum_Enrico,92,comment,nessuna conclusione,nessuna conclusione
31a2d253330d2956,enrico,Copia di new_ad_populum_Enrico,92,difficulty,3,3
31a2d253330d2956,enrico,Copia di new_ad_populum_Enrico,92,scheme,idk,SNI
31a2d253330d2956,enrico,Copia di new_ad_populum_Enrico,92,verdict,ad_populum,ad populum
31a2d253330d2956,base,new_ad_populum,92,starting_label,ad_populum,ad populum
321adb837b2f9581,enrico,Copia di hasty_generalization_E,63,scheme,none,none
321adb837b2f9581,enrico,Copia di hasty_generalization_E,63,verdict,hasty_generalization,hasty generalization
321adb837b2f9581,base,hasty_generalization,63,starting_label,hasty_generalization,hasty generalization
3228ccd7b9deefe5,base,Annotazione Dumitru Expert Opin,43,starting_label,appeal_to_authority,appeal to authority
3228ccd7b9deefe5,dumitru,Annotazione Dumitru Expert Opin,43,CQ1,no,no
3228ccd7b9deefe5,dumitru,Annotazione Dumitru Expert Opin,43,CQ2,yes,yes
3228ccd7b9deefe5,dumitru,Annotazione Dumitru Expert Opin,43,CQ3,yes,yes
3228ccd7b9deefe5,dumitru,Annotazione Dumitru Expert Opin,43,CQ3.1,yes,yes
3228ccd7b9deefe5,dumitru,Annotazione Dumitru Expert Opin,43,CQ4,no,no
3228ccd7b9deefe5,dumitru,Annotazione Dumitru Expert Opin,43,CQ4.1,yes,yes
3228ccd7b9deefe5,dumitru,Annotazione Dumitru Expert Opin,43,scheme,expert_opinion,YES
3228ccd7b9deefe5,dumitru,Annotazione Dumitru Expert Opin,43,uncertainty,CQ1:AMB,CQ1:AMB
3228ccd7b9deefe5,dumitru,Annotazione Dumitru Expert Opin,43,verdict,irrelevant_authority,Irrelevant Authority
3228ccd7b9deefe5,eleni,new_expert_opinion,43,verdict,appeal_to_authority,appeal to authority
3228ccd7b9deefe5,enrico,new_expert_opinion,43,comment,difficile da interpretare,difficile da interpretare
3228ccd7b9deefe5,enrico,new_expert_opinion,43,scheme,idk,SNI
3228ccd7b9deefe5,enrico,new_expert_opinion,43,verdict,appeal_to_authority,appeal to authority
3286aad2158311a8,enrico,Copia di new_ad_populum_Enrico,119,comment,descrizione fallacia,descrizione fallacia
3286aad2158311a8,enrico,Copia di new_ad_populum_Enrico,119,difficulty,1,1
3286aad2158311a8,enrico,Copia di new_ad_populum_Enrico,119,scheme,none,NO
3286aad2158311a8,enrico,Copia di new_ad_populum_Enrico,119,verdict,ad_populum,ad populum
3286aad2158311a8,base,new_ad_populum,119,starting_label,ad_populum,ad populum
3338c1f261e5c129,enrico,Copia di cause_to_effect_Enrico,58,scheme,correlation_to_cause,Correlation to effect
3338c1f261e5c129,enrico,Copia di cause_to_effect_Enrico,58,verdict,post_hoc,post hoc
3338c1f261e5c129,base,cause_to_effect,58,starting_label,false_cause,false causality
334ba2aa84bcaa05,dumitru,Annotazione Dumitru Expert Opin,75,CQ1,no,no
334ba2aa84bcaa05,dumitru,Annotazione Dumitru Expert Opin,75,CQ2,yes,yes
334ba2aa84bcaa05,dumitru,Annotazione Dumitru Expert Opin,75,CQ3,yes,yes
334ba2aa84bcaa05,dumitru,Annotazione Dumitru Expert Opin,75,CQ3.1,yes,yes
334ba2aa84bcaa05,dumitru,Annotazione Dumitru Expert Opin,75,CQ4,yes,yes
334ba2aa84bcaa05,dumitru,Annotazione Dumitru Expert Opin,75,CQ4.1,no,no
334ba2aa84bcaa05,dumitru,Annotazione Dumitru Expert Opin,75,scheme,expert_opinion,YES
334ba2aa84bcaa05,dumitru,Annotazione Dumitru Expert Opin,75,uncertainty,CQ1:SUBJ;CQ4:AMB,CQ1:SUBJ;CQ4:AMB
334ba2aa84bcaa05,dumitru,Annotazione Dumitru Expert Opin,75,verdict,irrelevant_authority,Irrelevant Authority
334ba2aa84bcaa05,eleni,new_expert_opinion,62,scheme,expert_opinion,YES
334ba2aa84bcaa05,eleni,new_expert_opinion,62,verdict,any_fallacy,YES
334ba2aa84bcaa05,enrico,new_expert_opinion,62,comment,bibbia,bibbia
334ba2aa84bcaa05,enrico,new_expert_opinion,62,exit_cq,CQ1,CQ1
334ba2aa84bcaa05,enrico,new_expert_opinion,62,scheme,expert_opinion,YES
334ba2aa84bcaa05,enrico,new_expert_opinion,62,verdict,irrelevant_authority,false authority
337ec34c7fd71259,base,Slippery slope,17,starting_label,slippery_slope,slippery slope
33b8f29b4f0d2854,enrico,Copia di hasty_generalization_E,36,scheme,example,Example
33b8f29b4f0d2854,enrico,Copia di hasty_generalization_E,36,verdict,hasty_generalization,hasty generalization
33b8f29b4f0d2854,base,hasty_generalization,36,starting_label,hasty_generalization,hasty generalization
33f6dfaf9c4e41f1,enrico,Copia di hasty_generalization_E,16,comment,doppia,doppia
33f6dfaf9c4e41f1,enrico,Copia di hasty_generalization_E,16,scheme,popular_opinion,Popular opinion
33f6dfaf9c4e41f1,enrico,Copia di hasty_generalization_E,16,verdict,hasty_generalization,hasty generalization
33f6dfaf9c4e41f1,enrico,Copia di hasty_generalization_E,59,comment,doppia,doppia
33f6dfaf9c4e41f1,enrico,Copia di hasty_generalization_E,59,scheme,popular_opinion,Popular opinion
33f6dfaf9c4e41f1,enrico,Copia di hasty_generalization_E,59,verdict,hasty_generalization,hasty generalization
33f6dfaf9c4e41f1,base,hasty_generalization,16,starting_label,hasty_generalization,hasty generalization
33f6dfaf9c4e41f1,base,hasty_generalization,59,starting_label,hasty_generalization,hasty generalization
34663014f2b4e416,enrico,Copia di new_ad_populum_Enrico,34,comment,ammissione di possibile errore,ammissione di possibile errore
34663014f2b4e416,enrico,Copia di new_ad_populum_Enrico,34,difficulty,2,2
34663014f2b4e416,enrico,Copia di new_ad_populum_Enrico,34,scheme,popular_opinion,YES
34663014f2b4e416,enrico,Copia di new_ad_populum_Enrico,34,verdict,ad_populum,ad populum
34663014f2b4e416,enrico,new_ad_populum,34,scheme,popular_opinion,YES
349aad7f228e0293,enrico,Copia di hasty_generalization_E,83,scheme,none,none
349aad7f228e0293,enrico,Copia di hasty_generalization_E,83,verdict,hasty_generalization,hasty generalization
349aad7f228e0293,base,hasty_generalization,83,starting_label,hasty_generalization,Hasty Generalization
34bdeea8b07daf95,enrico,Copia di cause_to_effect_Enrico,62,scheme,cause_to_effect,Cause to effect
34bdeea8b07daf95,enrico,Copia di cause_to_effect_Enrico,62,verdict,causal_reductionism,Casual reductionism
34bdeea8b07daf95,base,cause_to_effect,62,starting_label,false_cause,false causality
34ca498bcd3d083d,base,Annotazione Dumitru Expert Opin,106,starting_label,strawman,straw man
34ca498bcd3d083d,dumitru,Annotazione Dumitru Expert Opin,106,CQ1,na,na
34ca498bcd3d083d,dumitru,Annotazione Dumitru Expert Opin,106,CQ2,na,na
34ca498bcd3d083d,dumitru,Annotazione Dumitru Expert Opin,106,CQ3,na,na
34ca498bcd3d083d,dumitru,Annotazione Dumitru Expert Opin,106,CQ3.1,na,na
34ca498bcd3d083d,dumitru,Annotazione Dumitru Expert Opin,106,CQ4,na,na
34ca498bcd3d083d,dumitru,Annotazione Dumitru Expert Opin,106,CQ4.1,na,na
34ca498bcd3d083d,dumitru,Annotazione Dumitru Expert Opin,106,scheme,none,NO
34ca498bcd3d083d,eleni,new_expert_opinion,106,verdict,strawman,straw man
34ca498bcd3d083d,enrico,new_expert_opinion,106,comment,esempio libro,esempio libro
34ca498bcd3d083d,enrico,new_expert_opinion,106,scheme,none,NO
34ca498bcd3d083d,enrico,new_expert_opinion,106,verdict,strawman,straw man
3579ecad7664a6de,base,Annotazione Dumitru Expert Opin,3,starting_label,appeal_to_authority,appeal to authority
3579ecad7664a6de,dumitru,Annotazione Dumitru Expert Opin,3,CQ1,yes,yes
3579ecad7664a6de,dumitru,Annotazione Dumitru Expert Opin,3,CQ2,no,no
3579ecad7664a6de,dumitru,Annotazione Dumitru Expert Opin,3,CQ3,yes,yes
3579ecad7664a6de,dumitru,Annotazione Dumitru Expert Opin,3,CQ3.1,yes,yes
3579ecad7664a6de,dumitru,Annotazione Dumitru Expert Opin,3,CQ4,yes,yes
3579ecad7664a6de,dumitru,Annotazione Dumitru Expert Opin,3,CQ4.1,yes,yes
3579ecad7664a6de,dumitru,Annotazione Dumitru Expert Opin,3,scheme,expert_opinion,YES
3579ecad7664a6de,dumitru,Annotazione Dumitru Expert Opin,3,uncertainty,CQ1:SUBJ,CQ1:SUBJ
3579ecad7664a6de,dumitru,Annotazione Dumitru Expert Opin,3,verdict,good_argumentation,Good Argumentation
3579ecad7664a6de,eleni,new_expert_opinion,3,verdict,appeal_to_authority,appeal to authority
3579ecad7664a6de,enrico,new_expert_opinion,3,comment,conclusione non data,conclusione non data
3579ecad7664a6de,enrico,new_expert_opinion,3,scheme,expert_opinion,YES
3579ecad7664a6de,enrico,new_expert_opinion,3,verdict,appeal_to_authority,appeal to authority
35ad3b5c9fc5e980,enrico,Copia di new_ad_populum_Enrico,17,difficulty,3,3
35ad3b5c9fc5e980,enrico,Copia di new_ad_populum_Enrico,17,scheme,popular_opinion,YES
35ad3b5c9fc5e980,enrico,Copia di new_ad_populum_Enrico,17,verdict,good_argumentation,no fallacy
35ad3b5c9fc5e980,enrico,new_ad_populum,17,scheme,popular_opinion,YES
35fedcadfc30a5cc,base,Slippery slope,24,starting_label,slippery_slope,slippery slope
3684aa657495a0e6,enrico,Copia di new_ad_populum_Enrico,132,difficulty,3,3
3684aa657495a0e6,enrico,Copia di new_ad_populum_Enrico,132,scheme,none,NO
3684aa657495a0e6,enrico,Copia di new_ad_populum_Enrico,132,verdict,appeal_to_nature,appeal to nature
3684aa657495a0e6,base,new_ad_populum,132,starting_label,appeal_to_nature,appeal to nature
370583703165e382,enrico,Copia di new_ad_populum_Enrico,93,comment,descrizione fallacia,descrizione fallacia
370583703165e382,enrico,Copia di new_ad_populum_Enrico,93,difficulty,1,1
370583703165e382,enrico,Copia di new_ad_populum_Enrico,93,scheme,idk,?
370583703165e382,enrico,Copia di new_ad_populum_Enrico,93,verdict,ad_populum,ad populum
370583703165e382,base,new_ad_populum,93,starting_label,ad_populum,ad populum
378e1e7149cc919b,enrico,ad hominem,60,scheme,ad_hominem,Ad Hominem
378e1e7149cc919b,enrico,ad hominem,60,verdict,idk,?
379193668ed3d2df,enrico,Copia di cause_to_effect_Enrico,12,difficulty,1,1
379193668ed3d2df,enrico,Copia di cause_to_effect_Enrico,12,scheme,cause_to_effect,Cause to effect
379193668ed3d2df,enrico,Copia di cause_to_effect_Enrico,12,verdict,good_argumentation,no fallacy
379193668ed3d2df,enrico,cause_to_effect,12,scheme,cause_to_effect,YES
37cc97c964cf5688,enrico,Copia di example_final_Enrico,64,difficulty,2,2
37cc97c964cf5688,enrico,Copia di example_final_Enrico,64,scheme,example,YES
37cc97c964cf5688,enrico,Copia di example_final_Enrico,64,verdict,good_argumentation,no fallacy
37efdc3c5148f1a0,base,Slippery slope,57,starting_label,slippery_slope,slippery slope
383b1a0bdc0f3a80,enrico,Copia di new_ad_populum_Enrico,19,difficulty,4,4
383b1a0bdc0f3a80,enrico,Copia di new_ad_populum_Enrico,19,scheme,popular_opinion,YES
383b1a0bdc0f3a80,enrico,Copia di new_ad_populum_Enrico,19,verdict,good_argumentation,no fallacy
383b1a0bdc0f3a80,enrico,new_ad_populum,19,scheme,popular_opinion,YES
383ed9c744b5a30c,enrico,ad hominem,11,scheme,ad_hominem,Ad Hominem
383ed9c744b5a30c,enrico,ad hominem,11,verdict,ad_hominem_abusive,Abusive
3847c80729510e82,enrico,Copia di new_ad_populum_Enrico,77,difficulty,1,1
3847c80729510e82,enrico,Copia di new_ad_populum_Enrico,77,scheme,popular_opinion,YES
3847c80729510e82,enrico,Copia di new_ad_populum_Enrico,77,verdict,ad_populum,ad populum
3847c80729510e82,base,new_ad_populum,77,starting_label,ad_populum,ad populum
390d13c09cd8bc78,base,Slippery slope,36,starting_label,slippery_slope,slippery slope
3982639560a85fe5,enrico,Copia di example_final_Enrico,48,comment,ad populum?,ad populum?
3982639560a85fe5,enrico,Copia di example_final_Enrico,48,scheme,example,YES
3982639560a85fe5,enrico,Copia di example_final_Enrico,48,verdict,idk,?
3ad385d691962b59,enrico,Copia di new_ad_populum_Enrico,70,difficulty,1,1
3ad385d691962b59,enrico,Copia di new_ad_populum_Enrico,70,scheme,popular_opinion,YES
3ad385d691962b59,enrico,Copia di new_ad_populum_Enrico,70,verdict,ad_populum,ad populum
3ad385d691962b59,base,new_ad_populum,70,starting_label,ad_populum,ad populum
3b67c0be410b475e,dumitru,Annotazione Dumitru Expert Opin,67,CQ1,yes,yes
3b67c0be410b475e,dumitru,Annotazione Dumitru Expert Opin,67,CQ2,no,no
3b67c0be410b475e,dumitru,Annotazione Dumitru Expert Opin,67,CQ3,yes,yes
3b67c0be410b475e,dumitru,Annotazione Dumitru Expert Opin,67,CQ3.1,yes,yes
3b67c0be410b475e,dumitru,Annotazione Dumitru Expert Opin,67,CQ4,yes,yes
3b67c0be410b475e,dumitru,Annotazione Dumitru Expert Opin,67,CQ4.1,yes,yes
3b67c0be410b475e,dumitru,Annotazione Dumitru Expert Opin,67,scheme,expert_opinion,YES
3b67c0be410b475e,dumitru,Annotazione Dumitru Expert Opin,67,uncertainty,CQ1:AMB;CQ4:AMB,CQ1:AMB;CQ4:AMB
3b67c0be410b475e,dumitru,Annotazione Dumitru Expert Opin,67,verdict,good_argumentation,Good Argumentation
3b67c0be410b475e,eleni,new_expert_opinion,67,scheme,expert_opinion,YES
3b67c0be410b475e,eleni,new_expert_opinion,67,verdict,good_argumentation,NO
3b67c0be410b475e,enrico,new_expert_opinion,67,scheme,expert_opinion,YES
3b67c0be410b475e,enrico,new_expert_opinion,67,verdict,good_argumentation,no
3bb81bd1e7325ef1,enrico,Copia di example_final_Enrico,28,comment,esempio vago,esempio vago
3bb81bd1e7325ef1,enrico,Copia di example_final_Enrico,28,scheme,example,YES
3bb81bd1e7325ef1,enrico,Copia di example_final_Enrico,28,verdict,idk,?
3bcd98fc869b7721,enrico,Copia di new_ad_populum_Enrico,89,difficulty,1,1
3bcd98fc869b7721,enrico,Copia di new_ad_populum_Enrico,89,scheme,popular_opinion,YES
3bcd98fc869b7721,enrico,Copia di new_ad_populum_Enrico,89,verdict,ad_populum,ad populum
3bcd98fc869b7721,base,new_ad_populum,89,starting_label,ad_populum,ad populum
3c158f7cbc5ab82d,enrico,Copia di hasty_generalization_E,44,scheme,none,none
3c158f7cbc5ab82d,enrico,Copia di hasty_generalization_E,44,verdict,hasty_generalization,hasty generalization
3c158f7cbc5ab82d,base,hasty_generalization,44,starting_label,hasty_generalization,hasty generalization
3cab262e53873664,enrico,Copia di example_final_Enrico,3,difficulty,4,4
3cab262e53873664,enrico,Copia di example_final_Enrico,3,scheme,example,YES
3cab262e53873664,enrico,Copia di example_final_Enrico,3,verdict,good_argumentation,no fallacy
3cc98e568c1a2021,enrico,ad hominem,32,scheme,ad_hominem,Ad Hominem
3cc98e568c1a2021,enrico,ad hominem,32,verdict,poisoning_the_well,Poisoning the Well
3d22579d9f2e0340,enrico,Copia di cause_to_effect_Enrico,26,difficulty,1,1
3d22579d9f2e0340,enrico,Copia di cause_to_effect_Enrico,26,scheme,cause_to_effect,Cause to effect
3d22579d9f2e0340,enrico,Copia di cause_to_effect_Enrico,26,verdict,good_argumentation,no fallacy
3d22579d9f2e0340,enrico,cause_to_effect,26,scheme,cause_to_effect,YES
3d71b3cbeeaf447b,base,Annotazione Dumitru Expert Opin,93,starting_label,appeal_to_authority,appeal to authority
3d71b3cbeeaf447b,dumitru,Annotazione Dumitru Expert Opin,93,CQ1,no,no
3d71b3cbeeaf447b,dumitru,Annotazione Dumitru Expert Opin,93,CQ2,yes,yes
3d71b3cbeeaf447b,dumitru,Annotazione Dumitru Expert Opin,93,CQ3,yes,yes
3d71b3cbeeaf447b,dumitru,Annotazione Dumitru Expert Opin,93,CQ3.1,yes,yes
3d71b3cbeeaf447b,dumitru,Annotazione Dumitru Expert Opin,93,CQ4,no,no
3d71b3cbeeaf447b,dumitru,Annotazione Dumitru Expert Opin,93,CQ4.1,yes,yes
3d71b3cbeeaf447b,dumitru,Annotazione Dumitru Expert Opin,93,scheme,expert_opinion,YES
3d71b3cbeeaf447b,dumitru,Annotazione Dumitru Expert Opin,93,verdict,irrelevant_authority,Irrelevant Authority
3d71b3cbeeaf447b,eleni,new_expert_opinion,93,verdict,appeal_to_authority,appeal to authority
3d71b3cbeeaf447b,enrico,new_expert_opinion,93,scheme,expert_opinion,YES
3d71b3cbeeaf447b,enrico,new_expert_opinion,93,verdict,appeal_to_authority,appeal to authority
3d84a4b24be93488,dumitru,Annotazione Dumitru Analogy,34,CQ1,yes,yes
3d84a4b24be93488,dumitru,Annotazione Dumitru Analogy,34,CQ1.1,no,no
3d84a4b24be93488,dumitru,Annotazione Dumitru Analogy,34,CQ2,yes,yes
3d84a4b24be93488,dumitru,Annotazione Dumitru Analogy,34,CQ3,yes,yes
3d84a4b24be93488,dumitru,Annotazione Dumitru Analogy,34,CQ4,yes,yes
3d84a4b24be93488,dumitru,Annotazione Dumitru Analogy,34,scheme,analogy,YES
3d84a4b24be93488,dumitru,Annotazione Dumitru Analogy,34,uncertainty,CQ1:SUBJ;CQ4:DIFF,CQ1:SUBJ;CQ4:DIFF
3d84a4b24be93488,dumitru,Annotazione Dumitru Analogy,34,verdict,weak_analogy,Weak Analogy
3d84a4b24be93488,eleni,new_analogy,34,scheme,analogy,YES
3d84a4b24be93488,eleni,new_analogy,34,verdict,any_fallacy,YES
3d84a4b24be93488,enrico,new_analogy,34,comment,non c'è l'analogia,non c'è l'analogia
3d84a4b24be93488,enrico,new_analogy,34,scheme,analogy,YES
3d84a4b24be93488,enrico,new_analogy,34,verdict,idk,?
3d84a4b24be93488,unknown,new_analogy,34,doubt,f,f
3e4fe7e5af57d6bd,enrico,Copia di new_ad_populum_Enrico,102,difficulty,2,2
3e4fe7e5af57d6bd,enrico,Copia di new_ad_populum_Enrico,102,scheme,popular_opinion,YES
3e4fe7e5af57d6bd,enrico,Copia di new_ad_populum_Enrico,102,verdict,ad_populum,ad populum
3e4fe7e5af57d6bd,base,new_ad_populum,102,starting_label,ad_populum,ad populum
3e518532e2e4f30f,enrico,Copia di example_final_Enrico,49,difficulty,3,3
3e518532e2e4f30f,enrico,Copia di example_final_Enrico,49,scheme,example,YES
3e518532e2e4f30f,enrico,Copia di example_final_Enrico,49,verdict,cherry_picking,Cherry picking
3e7f4707545b15cd,base,Annotazione Dumitru Analogy,92,starting_label,weak_analogy,weak analogy
3e7f4707545b15cd,dumitru,Annotazione Dumitru Analogy,92,CQ1,yes,yes
3e7f4707545b15cd,dumitru,Annotazione Dumitru Analogy,92,CQ1.1,no,no
3e7f4707545b15cd,dumitru,Annotazione Dumitru Analogy,92,CQ2,na,na
3e7f4707545b15cd,dumitru,Annotazione Dumitru Analogy,92,CQ3,na,na
3e7f4707545b15cd,dumitru,Annotazione Dumitru Analogy,92,CQ4,na,na
3e7f4707545b15cd,dumitru,Annotazione Dumitru Analogy,92,note,nessun predicato A viene trasferito,nessun predicato A viene trasferito
3e7f4707545b15cd,dumitru,Annotazione Dumitru Analogy,92,scheme,idk,SNI
3e7f4707545b15cd,dumitru,Annotazione Dumitru Analogy,92,verdict,weak_analogy,Weak Analogy
3e7f4707545b15cd,eleni,new_analogy,92,verdict,weak_analogy,weak analogy
3e7f4707545b15cd,enrico,new_analogy,92,scheme,analogy,YES
3e7f4707545b15cd,enrico,new_analogy,92,verdict,weak_analogy,weak analogy
3ed7bd5571b2b257,base,Annotazione Dumitru Expert Opin,88,starting_label,appeal_to_authority,appeal to authority
3ed7bd5571b2b257,dumitru,Annotazione Dumitru Expert Opin,88,CQ1,yes,yes
3ed7bd5571b2b257,dumitru,Annotazione Dumitru Expert Opin,88,CQ2,yes,yes
3ed7bd5571b2b257,dumitru,Annotazione Dumitru Expert Opin,88,CQ3,yes,yes
3ed7bd5571b2b257,dumitru,Annotazione Dumitru Expert Opin,88,CQ3.1,yes,yes
3ed7bd5571b2b257,dumitru,Annotazione Dumitru Expert Opin,88,CQ4,no,no
3ed7bd5571b2b257,dumitru,Annotazione Dumitru Expert Opin,88,CQ4.1,yes,yes
3ed7bd5571b2b257,dumitru,Annotazione Dumitru Expert Opin,88,scheme,expert_opinion,YES
3ed7bd5571b2b257,dumitru,Annotazione Dumitru Expert Opin,88,uncertainty,CQ1:AMB,CQ1:AMB
3ed7bd5571b2b257,dumitru,Annotazione Dumitru Expert Opin,88,verdict,appeal_to_authority,Appeal to Authority
3ed7bd5571b2b257,eleni,new_expert_opinion,88,verdict,appeal_to_authority,appeal to authority
3ed7bd5571b2b257,enrico,new_expert_opinion,88,comment,dichiarazione senza conclusione,dichiarazione senza conclusione
3ed7bd5571b2b257,enrico,new_expert_opinion,88,scheme,expert_opinion,YES
3ed7bd5571b2b257,enrico,new_expert_opinion,88,verdict,appeal_to_authority,appeal to authority
3ed7bd5571b2b257,unknown,new_expert_opinion,88,doubt,s,s
3f5e234ab1412788,enrico,Copia di new_ad_populum_Enrico,141,scheme,none,NO
3f5e234ab1412788,enrico,Copia di new_ad_populum_Enrico,141,verdict,appeal_to_tradition,appeal to tradition
3f5e234ab1412788,base,new_ad_populum,141,starting_label,appeal_to_tradition,appeal to tradition
3fbae950e4e60365,enrico,Copia di new_ad_populum_Enrico,118,difficulty,1,1
3fbae950e4e60365,enrico,Copia di new_ad_populum_Enrico,118,scheme,popular_opinion,YES
3fbae950e4e60365,enrico,Copia di new_ad_populum_Enrico,118,verdict,ad_populum,ad populum
3fbae950e4e60365,base,new_ad_populum,118,starting_label,ad_populum,ad populum
3fccbe0c7d4b6f40,enrico,Copia di example_final_Enrico,40,difficulty,3,3
3fccbe0c7d4b6f40,enrico,Copia di example_final_Enrico,40,scheme,example,YES
3fccbe0c7d4b6f40,enrico,Copia di example_final_Enrico,40,verdict,cherry_picking,Cherry picking
4000a372e40713ec,base,Annotazione Dumitru Expert Opin,22,starting_label,appeal_to_authority,appeal to authority
4000a372e40713ec,dumitru,Annotazione Dumitru Expert Opin,22,CQ1,no,no
4000a372e40713ec,dumitru,Annotazione Dumitru Expert Opin,22,CQ2,yes,yes
4000a372e40713ec,dumitru,Annotazione Dumitru Expert Opin,22,CQ3,yes,yes
4000a372e40713ec,dumitru,Annotazione Dumitru Expert Opin,22,CQ3.1,yes,yes
4000a372e40713ec,dumitru,Annotazione Dumitru Expert Opin,22,CQ4,no,no
4000a372e40713ec,dumitru,Annotazione Dumitru Expert Opin,22,CQ4.1,yes,yes
4000a372e40713ec,dumitru,Annotazione Dumitru Expert Opin,22,scheme,expert_opinion,YES
4000a372e40713ec,dumitru,Annotazione Dumitru Expert Opin,22,uncertainty,CQ1:AMB;CQ3:DIFF,CQ1:AMB;CQ3:DIFF
4000a372e40713ec,dumitru,Annotazione Dumitru Expert Opin,22,verdict,irrelevant_authority,Irrelevant Authority
4000a372e40713ec,enrico,Copia di new_ad_populum_Enrico,73,comment,anche expert opinion AD HOMINEM?,anche expert opinion AD HOMINEM?
4000a372e40713ec,enrico,Copia di new_ad_populum_Enrico,73,difficulty,2,2
4000a372e40713ec,enrico,Copia di new_ad_populum_Enrico,73,scheme,popular_opinion,YES
4000a372e40713ec,enrico,Copia di new_ad_populum_Enrico,73,verdict,ad_populum,ad populum
4000a372e40713ec,base,new_ad_populum,73,starting_label,ad_populum,ad populum
4000a372e40713ec,eleni,new_expert_opinion,22,verdict,appeal_to_authority,appeal to authority
4000a372e40713ec,enrico,new_expert_opinion,22,comment,"AD HOMINEM, non viene neanche chiarita quale sia la teoria","AD HOMINEM, non viene neanche chiarita quale sia la teoria"
4000a372e40713ec,enrico,new_expert_opinion,22,scheme,idk,SNI
4000a372e40713ec,enrico,new_expert_opinion,22,verdict,appeal_to_authority,appeal to authority
401dd4ed5526c992,enrico,Copia di hasty_generalization_E,78,comment,molto difficile,molto difficile
401dd4ed5526c992,enrico,Copia di hasty_generalization_E,78,scheme,example,Example
401dd4ed5526c992,enrico,Copia di hasty_generalization_E,78,verdict,hasty_generalization,hasty generalization
401dd4ed5526c992,base,hasty_generalization,78,starting_label,hasty_generalization,Hasty Generalization
40391bab17c0f93e,base,Annotazione Dumitru Expert Opin,21,starting_label,appeal_to_authority,appeal to authority
40391bab17c0f93e,dumitru,Annotazione Dumitru Expert Opin,21,CQ1,yes,yes
40391bab17c0f93e,dumitru,Annotazione Dumitru Expert Opin,21,CQ2,no,no
40391bab17c0f93e,dumitru,Annotazione Dumitru Expert Opin,21,CQ3,yes,yes
40391bab17c0f93e,dumitru,Annotazione Dumitru Expert Opin,21,CQ3.1,yes,yes
40391bab17c0f93e,dumitru,Annotazione Dumitru Expert Opin,21,CQ4,no,no
40391bab17c0f93e,dumitru,Annotazione Dumitru Expert Opin,21,CQ4.1,yes,yes
40391bab17c0f93e,dumitru,Annotazione Dumitru Expert Opin,21,scheme,expert_opinion,YES
40391bab17c0f93e,dumitru,Annotazione Dumitru Expert Opin,21,uncertainty,CQ2:AMB,CQ2:AMB
40391bab17c0f93e,dumitru,Annotazione Dumitru Expert Opin,21,verdict,good_argumentation,Good Argumentation
40391bab17c0f93e,eleni,new_expert_opinion,21,verdict,appeal_to_authority,appeal to authority
40391bab17c0f93e,enrico,new_expert_opinion,21,scheme,expert_opinion,YES
40391bab17c0f93e,enrico,new_expert_opinion,21,verdict,appeal_to_authority,appeal to authority
40c976a8a3504c2a,enrico,Copia di hasty_generalization_E,57,scheme,example,Example
40c976a8a3504c2a,enrico,Copia di hasty_generalization_E,57,verdict,hasty_generalization,hasty generalization
40c976a8a3504c2a,base,hasty_generalization,57,starting_label,hasty_generalization,hasty generalization
40f16a2ddf6144b4,enrico,ad hominem,88,scheme,ad_hominem,Ad Hominem
40f16a2ddf6144b4,enrico,ad hominem,88,verdict,poisoning_the_well,Poisoning the Well
418ee415f003a745,base,Annotazione Dumitru Expert Opin,118,starting_label,strawman,straw man
418ee415f003a745,dumitru,Annotazione Dumitru Expert Opin,118,CQ1,yes,yes
418ee415f003a745,dumitru,Annotazione Dumitru Expert Opin,118,CQ2,no,no
418ee415f003a745,dumitru,Annotazione Dumitru Expert Opin,118,CQ3,no,no
418ee415f003a745,dumitru,Annotazione Dumitru Expert Opin,118,CQ3.1,yes,yes
418ee415f003a745,dumitru,Annotazione Dumitru Expert Opin,118,CQ4,yes,yes
418ee415f003a745,dumitru,Annotazione Dumitru Expert Opin,118,CQ4.1,yes,yes
418ee415f003a745,dumitru,Annotazione Dumitru Expert Opin,118,scheme,expert_opinion,YES
418ee415f003a745,dumitru,Annotazione Dumitru Expert Opin,118,uncertainty,CQ1:AMB;CQ2:AMB,CQ1:AMB;CQ2:AMB
418ee415f003a745,dumitru,Annotazione Dumitru Expert Opin,118,verdict,strawman,Strawman
418ee415f003a745,eleni,new_expert_opinion,118,verdict,strawman,straw man
418ee415f003a745,enrico,new_expert_opinion,118,comment,ad hominem?,ad hominem?
418ee415f003a745,enrico,new_expert_opinion,118,scheme,none,NO
418ee415f003a745,enrico,new_expert_opinion,118,verdict,strawman,straw man
42bffe78401a7992,dumitru,Annotazione Dumitru Analogy,68,CQ1,yes,yes
42bffe78401a7992,dumitru,Annotazione Dumitru Analogy,68,CQ1.1,no,no
42bffe78401a7992,dumitru,Annotazione Dumitru Analogy,68,CQ2,yes,yes
42bffe78401a7992,dumitru,Annotazione Dumitru Analogy,68,CQ3,yes,yes
42bffe78401a7992,dumitru,Annotazione Dumitru Analogy,68,CQ4,no,no
42bffe78401a7992,dumitru,Annotazione Dumitru Analogy,68,scheme,analogy,YES
42bffe78401a7992,dumitru,Annotazione Dumitru Analogy,68,uncertainty,CQ1:AMB;CQ3:SUBJ,CQ1:AMB;CQ3:SUBJ
42bffe78401a7992,dumitru,Annotazione Dumitru Analogy,68,verdict,weak_analogy,Weak Analogy
42bffe78401a7992,eleni,new_analogy,81,comment,Generalizes. Which websites?,Generalizes. Which websites?
42bffe78401a7992,eleni,new_analogy,81,scheme,analogy,YES
42bffe78401a7992,eleni,new_analogy,81,verdict,any_fallacy,YES
42bffe78401a7992,enrico,new_analogy,81,scheme,analogy,YES
42bffe78401a7992,enrico,new_analogy,81,verdict,weak_analogy,weak analogy
42ca3488cc537977,base,Annotazione Dumitru Expert Opin,95,starting_label,appeal_to_authority,appeal to authority
42ca3488cc537977,dumitru,Annotazione Dumitru Expert Opin,95,CQ1,yes,yes
42ca3488cc537977,dumitru,Annotazione Dumitru Expert Opin,95,CQ2,yes,yes
42ca3488cc537977,dumitru,Annotazione Dumitru Expert Opin,95,CQ3,yes,yes
42ca3488cc537977,dumitru,Annotazione Dumitru Expert Opin,95,CQ3.1,yes,yes
42ca3488cc537977,dumitru,Annotazione Dumitru Expert Opin,95,CQ4,no,no
42ca3488cc537977,dumitru,Annotazione Dumitru Expert Opin,95,CQ4.1,yes,yes
42ca3488cc537977,dumitru,Annotazione Dumitru Expert Opin,95,scheme,expert_opinion,YES
42ca3488cc537977,dumitru,Annotazione Dumitru Expert Opin,95,uncertainty,CQ1:DIFF,CQ1:DIFF
42ca3488cc537977,dumitru,Annotazione Dumitru Expert Opin,95,verdict,appeal_to_authority,Appeal to Authority
42ca3488cc537977,eleni,new_expert_opinion,95,verdict,appeal_to_authority,appeal to authority
42ca3488cc537977,enrico,new_expert_opinion,95,scheme,expert_opinion,YES
42ca3488cc537977,enrico,new_expert_opinion,95,verdict,appeal_to_authority,appeal to authority
42f2be0c5efe5ab5,dumitru,Annotazione Dumitru Analogy,64,CQ1,yes,yes
42f2be0c5efe5ab5,dumitru,Annotazione Dumitru Analogy,64,CQ1.1,no,no
42f2be0c5efe5ab5,dumitru,Annotazione Dumitru Analogy,64,CQ2,yes,yes
42f2be0c5efe5ab5,dumitru,Annotazione Dumitru Analogy,64,CQ3,yes,yes
42f2be0c5efe5ab5,dumitru,Annotazione Dumitru Analogy,64,CQ4,no,no
42f2be0c5efe5ab5,dumitru,Annotazione Dumitru Analogy,64,scheme,analogy,YES
42f2be0c5efe5ab5,dumitru,Annotazione Dumitru Analogy,64,verdict,weak_analogy,Weak Analogy
42f2be0c5efe5ab5,eleni,new_analogy,71,scheme,analogy,YES
42f2be0c5efe5ab5,eleni,new_analogy,71,verdict,any_fallacy,YES
42f2be0c5efe5ab5,enrico,new_analogy,71,scheme,analogy,YES
42f2be0c5efe5ab5,enrico,new_analogy,71,verdict,weak_analogy,weak analogy
435191d243d41cc7,dumitru,Annotazione Dumitru Expert Opin,81,CQ1,yes,yes
435191d243d41cc7,dumitru,Annotazione Dumitru Expert Opin,81,CQ2,no,no
435191d243d41cc7,dumitru,Annotazione Dumitru Expert Opin,81,CQ3,yes,yes
435191d243d41cc7,dumitru,Annotazione Dumitru Expert Opin,81,CQ3.1,yes,yes
435191d243d41cc7,dumitru,Annotazione Dumitru Expert Opin,81,CQ4,yes,yes
435191d243d41cc7,dumitru,Annotazione Dumitru Expert Opin,81,CQ4.1,yes,yes
435191d243d41cc7,dumitru,Annotazione Dumitru Expert Opin,81,scheme,expert_opinion,YES
435191d243d41cc7,dumitru,Annotazione Dumitru Expert Opin,81,uncertainty,CQ1:AMB;CQ3:DIFF;CQ4:AMB,CQ1:AMB;CQ3:DIFF;CQ4:AMB
435191d243d41cc7,dumitru,Annotazione Dumitru Expert Opin,81,verdict,good_argumentation,Good Argumentation
435191d243d41cc7,eleni,new_expert_opinion,81,scheme,expert_opinion,YES
435191d243d41cc7,eleni,new_expert_opinion,81,verdict,good_argumentation,NO
435191d243d41cc7,enrico,new_expert_opinion,81,scheme,expert_opinion,YES
435191d243d41cc7,enrico,new_expert_opinion,81,verdict,good_argumentation,no
43e8a493bf6198dc,enrico,ad hominem,57,scheme,ad_hominem,Ad Hominem
43e8a493bf6198dc,enrico,ad hominem,57,verdict,idk,?
43f964c56095edda,enrico,Copia di new_ad_populum_Enrico,43,comment,?,?
43f964c56095edda,enrico,Copia di new_ad_populum_Enrico,43,difficulty,4,4
43f964c56095edda,enrico,Copia di new_ad_populum_Enrico,43,scheme,popular_opinion,YES
43f964c56095edda,enrico,Copia di new_ad_populum_Enrico,43,verdict,good_argumentation,no fallacy
43f964c56095edda,enrico,new_ad_populum,43,scheme,popular_opinion,YES
4406788bef796844,enrico,Copia di hasty_generalization_E,84,scheme,example,Example
4406788bef796844,enrico,Copia di hasty_generalization_E,84,verdict,hasty_generalization,hasty generalization
4406788bef796844,base,hasty_generalization,84,starting_label,hasty_generalization,Hasty Generalization
4484199e5d9d3cc3,base,Annotazione Dumitru Analogy,82,starting_label,weak_analogy,weak analogy
4484199e5d9d3cc3,dumitru,Annotazione Dumitru Analogy,82,CQ1,yes,yes
4484199e5d9d3cc3,dumitru,Annotazione Dumitru Analogy,82,CQ1.1,yes,yes
4484199e5d9d3cc3,dumitru,Annotazione Dumitru Analogy,82,CQ2,yes,yes
4484199e5d9d3cc3,dumitru,Annotazione Dumitru Analogy,82,CQ3,yes,yes
4484199e5d9d3cc3,dumitru,Annotazione Dumitru Analogy,82,CQ4,no,no
4484199e5d9d3cc3,dumitru,Annotazione Dumitru Analogy,82,scheme,analogy,YES
4484199e5d9d3cc3,dumitru,Annotazione Dumitru Analogy,82,uncertainty,CQ1.1:AMB,CQ1.1:AMB
4484199e5d9d3cc3,dumitru,Annotazione Dumitru Analogy,82,verdict,appeal_to_extremes,Appeal to Extremes
4484199e5d9d3cc3,eleni,new_analogy,9,verdict,weak_analogy,weak analogy
4484199e5d9d3cc3,enrico,new_analogy,9,scheme,analogy,YES
4484199e5d9d3cc3,enrico,new_analogy,9,verdict,weak_analogy,weak analogy
44eb3490bad5b2fd,base,Slippery slope,37,starting_label,slippery_slope,slippery slope
44eb526f83de54c2,enrico,Copia di new_ad_populum_Enrico,143,scheme,none,NO
44eb526f83de54c2,enrico,Copia di new_ad_populum_Enrico,143,verdict,appeal_to_tradition,appeal to tradition
44eb526f83de54c2,base,new_ad_populum,143,starting_label,appeal_to_tradition,appeal to tradition
44f1b3b7fce57daa,enrico,ad hominem,73,scheme,ad_hominem,Ad Hominem
44f1b3b7fce57daa,enrico,ad hominem,73,verdict,ad_hominem_tu_quoque,Tu Quoque
4558fc642bc0489a,enrico,Copia di new_ad_populum_Enrico,122,difficulty,2,2
4558fc642bc0489a,enrico,Copia di new_ad_populum_Enrico,122,scheme,popular_opinion,YES
4558fc642bc0489a,enrico,Copia di new_ad_populum_Enrico,122,verdict,ad_populum,ad populum
4558fc642bc0489a,base,new_ad_populum,122,starting_label,ad_populum,ad populum
45cc548a87d0245e,enrico,Copia di example_final_Enrico,14,difficulty,2,2
45cc548a87d0245e,enrico,Copia di example_final_Enrico,14,scheme,example,YES
45cc548a87d0245e,enrico,Copia di example_final_Enrico,14,verdict,cherry_picking,Cherry picking
46188a3d998f50df,base,Annotazione Dumitru Analogy,81,starting_label,weak_analogy,weak analogy
46188a3d998f50df,dumitru,Annotazione Dumitru Analogy,81,CQ1,yes,yes
46188a3d998f50df,dumitru,Annotazione Dumitru Analogy,81,CQ1.1,no,no
46188a3d998f50df,dumitru,Annotazione Dumitru Analogy,81,CQ2,yes,yes
46188a3d998f50df,dumitru,Annotazione Dumitru Analogy,81,CQ3,yes,yes
46188a3d998f50df,dumitru,Annotazione Dumitru Analogy,81,CQ4,no,no
46188a3d998f50df,dumitru,Annotazione Dumitru Analogy,81,scheme,analogy,YES
46188a3d998f50df,dumitru,Annotazione Dumitru Analogy,81,verdict,weak_analogy,Weak Analogy
46188a3d998f50df,eleni,new_analogy,7,verdict,weak_analogy,weak analogy
46188a3d998f50df,enrico,new_analogy,7,scheme,analogy,YES
46188a3d998f50df,enrico,new_analogy,7,verdict,weak_analogy,weak analogy
467dd610b63e82a0,dumitru,Annotazione Dumitru Analogy,71,CQ1,yes,yes
467dd610b63e82a0,dumitru,Annotazione Dumitru Analogy,71,CQ1.1,no,no
467dd610b63e82a0,dumitru,Annotazione Dumitru Analogy,71,CQ2,yes,yes
467dd610b63e82a0,dumitru,Annotazione Dumitru Analogy,71,CQ3,yes,yes
467dd610b63e82a0,dumitru,Annotazione Dumitru Analogy,71,CQ4,yes,yes
467dd610b63e82a0,dumitru,Annotazione Dumitru Analogy,71,scheme,analogy,YES
467dd610b63e82a0,dumitru,Annotazione Dumitru Analogy,71,uncertainty,CQ4:DIFF,CQ4:DIFF
467dd610b63e82a0,dumitru,Annotazione Dumitru Analogy,71,verdict,weak_analogy,Weak Analogy
467dd610b63e82a0,eleni,new_analogy,83,scheme,analogy,YES
467dd610b63e82a0,eleni,new_analogy,83,verdict,any_fallacy,YES
467dd610b63e82a0,enrico,new_analogy,83,scheme,analogy,YES
467dd610b63e82a0,enrico,new_analogy,83,verdict,weak_analogy,weak analogy
46896886fc6a3f01,dumitru,Annotazione Dumitru Analogy,27,CQ1,no,no
46896886fc6a3f01,dumitru,Annotazione Dumitru Analogy,27,CQ1.1,no,no
46896886fc6a3f01,dumitru,Annotazione Dumitru Analogy,27,CQ2,yes,yes
46896886fc6a3f01,dumitru,Annotazione Dumitru Analogy,27,CQ3,yes,yes
46896886fc6a3f01,dumitru,Annotazione Dumitru Analogy,27,CQ4,yes,yes
46896886fc6a3f01,dumitru,Annotazione Dumitru Analogy,27,scheme,analogy,YES
46896886fc6a3f01,dumitru,Annotazione Dumitru Analogy,27,uncertainty,CQ1:SUBJ;CQ4:DIFF,CQ1:SUBJ;CQ4:DIFF
46896886fc6a3f01,dumitru,Annotazione Dumitru Analogy,27,verdict,cherry_picking,Cherry Picking
46896886fc6a3f01,eleni,new_analogy,41,comment,Self-sacrifice involves your own body and autonomy; sacrificing someone else involves violating another person’s autonomy,Self-sacrifice involves your own body and autonomy; sacrificing someone else involves violating another person’s autonomy
46896886fc6a3f01,eleni,new_analogy,41,scheme,analogy,YES
46896886fc6a3f01,eleni,new_analogy,41,verdict,any_fallacy,YES
46896886fc6a3f01,enrico,new_analogy,41,scheme,analogy,YES
46896886fc6a3f01,enrico,new_analogy,41,verdict,weak_analogy,weak analogy
46bd0793ddfadc35,enrico,ad hominem,86,scheme,ad_hominem,Ad Hominem
46bd0793ddfadc35,enrico,ad hominem,86,verdict,poisoning_the_well,Poisoning the Well
46cd653595d4382d,enrico,Copia di example_final_Enrico,18,difficulty,3,3
46cd653595d4382d,enrico,Copia di example_final_Enrico,18,scheme,example,YES
46cd653595d4382d,enrico,Copia di example_final_Enrico,18,verdict,good_argumentation,no fallacy
47b38049b0f78722,base,Slippery slope,22,starting_label,slippery_slope,slippery slope
47e7125b46c3872f,base,Slippery slope,86,starting_label,slippery_slope,slippery slope
481669a0aee759a0,enrico,Copia di cause_to_effect_Enrico,8,comment,dato che le premesse siano vere,dato che le premesse siano vere
481669a0aee759a0,enrico,Copia di cause_to_effect_Enrico,8,difficulty,1,1
481669a0aee759a0,enrico,Copia di cause_to_effect_Enrico,8,scheme,cause_to_effect,Cause to effect
481669a0aee759a0,enrico,Copia di cause_to_effect_Enrico,8,verdict,good_argumentation,no fallacy
481669a0aee759a0,enrico,cause_to_effect,8,scheme,cause_to_effect,YES
483dbeceee357f34,enrico,Copia di hasty_generalization_E,33,scheme,none,none
483dbeceee357f34,enrico,Copia di hasty_generalization_E,33,verdict,hasty_generalization,hasty generalization
483dbeceee357f34,base,hasty_generalization,33,starting_label,hasty_generalization,hasty generalization
486274c5ef3a8d10,enrico,Copia di cause_to_effect_Enrico,5,difficulty,1,1
486274c5ef3a8d10,enrico,Copia di cause_to_effect_Enrico,5,scheme,cause_to_effect,Cause to effect
486274c5ef3a8d10,enrico,Copia di cause_to_effect_Enrico,5,verdict,good_argumentation,no fallacy
486274c5ef3a8d10,enrico,cause_to_effect,5,scheme,cause_to_effect,YES
48aa24c267177209,enrico,Copia di new_ad_populum_Enrico,144,scheme,none,NO
48aa24c267177209,enrico,Copia di new_ad_populum_Enrico,144,verdict,appeal_to_tradition,appeal to tradition
48aa24c267177209,base,new_ad_populum,144,starting_label,appeal_to_tradition,appeal to tradition
48ebd3f161c137d8,enrico,ad hominem,98,scheme,ad_hominem,Ad Hominem
48ebd3f161c137d8,enrico,ad hominem,98,verdict,ad_hominem_abusive,Abusive
4951b1f7b94b30dc,base,Annotazione Dumitru Expert Opin,4,starting_label,appeal_to_authority,appeal to authority
4951b1f7b94b30dc,dumitru,Annotazione Dumitru Expert Opin,4,CQ1,na,na
4951b1f7b94b30dc,dumitru,Annotazione Dumitru Expert Opin,4,CQ2,na,na
4951b1f7b94b30dc,dumitru,Annotazione Dumitru Expert Opin,4,CQ3,na,na
4951b1f7b94b30dc,dumitru,Annotazione Dumitru Expert Opin,4,CQ3.1,na,na
4951b1f7b94b30dc,dumitru,Annotazione Dumitru Expert Opin,4,CQ4,na,na
4951b1f7b94b30dc,dumitru,Annotazione Dumitru Expert Opin,4,CQ4.1,na,na
4951b1f7b94b30dc,dumitru,Annotazione Dumitru Expert Opin,4,scheme,none,NO
4951b1f7b94b30dc,eleni,new_expert_opinion,4,verdict,appeal_to_authority,appeal to authority
4951b1f7b94b30dc,enrico,new_expert_opinion,4,comment,conclusione non data,conclusione non data
4951b1f7b94b30dc,enrico,new_expert_opinion,4,scheme,idk,SNI
4951b1f7b94b30dc,enrico,new_expert_opinion,4,verdict,appeal_to_authority,appeal to authority
495a383a821fdc0b,enrico,Copia di new_ad_populum_Enrico,87,comment,non finisce,non finisce
495a383a821fdc0b,enrico,Copia di new_ad_populum_Enrico,87,difficulty,2,2
495a383a821fdc0b,enrico,Copia di new_ad_populum_Enrico,87,scheme,popular_opinion,YES
495a383a821fdc0b,enrico,Copia di new_ad_populum_Enrico,87,verdict,ad_populum,ad populum
495a383a821fdc0b,base,new_ad_populum,87,starting_label,ad_populum,ad populum
49abc356a7d647f8,base,Slippery slope,3,starting_label,slippery_slope,slippery slope
4a35db2297c66685,enrico,Copia di cause_to_effect_Enrico,73,scheme,none,NO
4a35db2297c66685,enrico,Copia di cause_to_effect_Enrico,73,verdict,false_cause,false causality
4a35db2297c66685,base,cause_to_effect,73,starting_label,false_cause,false causality
4af47a7a36347289,enrico,Copia di new_ad_populum_Enrico,112,difficulty,3,3
4af47a7a36347289,enrico,Copia di new_ad_populum_Enrico,112,scheme,none,NO
4af47a7a36347289,enrico,Copia di new_ad_populum_Enrico,112,verdict,ad_populum,ad populum
4af47a7a36347289,base,new_ad_populum,112,starting_label,ad_populum,ad populum
4b28ba0b0e01abe7,enrico,Copia di cause_to_effect_Enrico,2,difficulty,1,1
4b28ba0b0e01abe7,enrico,Copia di cause_to_effect_Enrico,2,scheme,cause_to_effect,Cause to effect
4b28ba0b0e01abe7,enrico,Copia di cause_to_effect_Enrico,2,verdict,good_argumentation,no fallacy
4b28ba0b0e01abe7,enrico,cause_to_effect,2,scheme,cause_to_effect,YES
4b2f513cd8c451fc,dumitru,Annotazione Dumitru Expert Opin,79,CQ1,yes,yes
4b2f513cd8c451fc,dumitru,Annotazione Dumitru Expert Opin,79,CQ2,no,no
4b2f513cd8c451fc,dumitru,Annotazione Dumitru Expert Opin,79,CQ3,yes,yes
4b2f513cd8c451fc,dumitru,Annotazione Dumitru Expert Opin,79,CQ3.1,yes,yes
4b2f513cd8c451fc,dumitru,Annotazione Dumitru Expert Opin,79,CQ4,yes,yes
4b2f513cd8c451fc,dumitru,Annotazione Dumitru Expert Opin,79,CQ4.1,no,no
4b2f513cd8c451fc,dumitru,Annotazione Dumitru Expert Opin,79,scheme,expert_opinion,YES
4b2f513cd8c451fc,dumitru,Annotazione Dumitru Expert Opin,79,uncertainty,CQ4:AMB,CQ4:AMB
4b2f513cd8c451fc,dumitru,Annotazione Dumitru Expert Opin,79,verdict,non_sequitur,Non Sequitur
4b2f513cd8c451fc,eleni,new_expert_opinion,82,scheme,expert_opinion,YES
4b2f513cd8c451fc,eleni,new_expert_opinion,82,verdict,good_argumentation,NO
4b2f513cd8c451fc,enrico,new_expert_opinion,82,comment,l'implicazione non è corretta,l'implicazione non è corretta
4b2f513cd8c451fc,enrico,new_expert_opinion,82,exit_cq,CQ4,CQ4
4b2f513cd8c451fc,enrico,new_expert_opinion,82,scheme,expert_opinion,YES
4b2f513cd8c451fc,enrico,new_expert_opinion,82,verdict,non_sequitur,non sequitur
4b59e519794b7ad0,dumitru,Annotazione Dumitru Analogy,48,CQ1,yes,yes
4b59e519794b7ad0,dumitru,Annotazione Dumitru Analogy,48,CQ1.1,no,no
4b59e519794b7ad0,dumitru,Annotazione Dumitru Analogy,48,CQ2,yes,yes
4b59e519794b7ad0,dumitru,Annotazione Dumitru Analogy,48,CQ3,yes,yes
4b59e519794b7ad0,dumitru,Annotazione Dumitru Analogy,48,CQ4,no,no
4b59e519794b7ad0,dumitru,Annotazione Dumitru Analogy,48,scheme,analogy,YES
4b59e519794b7ad0,dumitru,Annotazione Dumitru Analogy,48,uncertainty,CQ1:SUBJ;CQ3:AMB,CQ1:SUBJ;CQ3:AMB
4b59e519794b7ad0,dumitru,Annotazione Dumitru Analogy,48,verdict,weak_analogy,Weak Analogy
4b59e519794b7ad0,eleni,new_analogy,48,scheme,analogy,YES
4b59e519794b7ad0,eleni,new_analogy,48,verdict,any_fallacy,YES
4b59e519794b7ad0,enrico,new_analogy,48,comment,boh non sono esperto ma mi sembra un'analogia valida,boh non sono esperto ma mi sembra un'analogia valida
4b59e519794b7ad0,enrico,new_analogy,48,scheme,analogy,YES
4b59e519794b7ad0,enrico,new_analogy,48,verdict,good_argumentation,no
4bcf99c21067f66b,base,Slippery slope,60,starting_label,slippery_slope,slippery slope
4c2cba86e996ec55,base,Annotazione Dumitru Expert Opin,111,starting_label,strawman,straw man
4c2cba86e996ec55,dumitru,Annotazione Dumitru Expert Opin,111,CQ1,yes,yes
4c2cba86e996ec55,dumitru,Annotazione Dumitru Expert Opin,111,CQ2,no,no
4c2cba86e996ec55,dumitru,Annotazione Dumitru Expert Opin,111,CQ3,no,no
4c2cba86e996ec55,dumitru,Annotazione Dumitru Expert Opin,111,CQ3.1,yes,yes
4c2cba86e996ec55,dumitru,Annotazione Dumitru Expert Opin,111,CQ4,yes,yes
4c2cba86e996ec55,dumitru,Annotazione Dumitru Expert Opin,111,CQ4.1,yes,yes
4c2cba86e996ec55,dumitru,Annotazione Dumitru Expert Opin,111,scheme,expert_opinion,YES
4c2cba86e996ec55,dumitru,Annotazione Dumitru Expert Opin,111,uncertainty,CQ1:AMB;CQ2:AMB;CQ4.1:AMB,CQ1:AMB;CQ2:AMB;CQ4.1:AMB
4c2cba86e996ec55,dumitru,Annotazione Dumitru Expert Opin,111,verdict,strawman,Strawman
4c2cba86e996ec55,eleni,new_expert_opinion,111,verdict,strawman,straw man
4c2cba86e996ec55,enrico,new_expert_opinion,111,scheme,none,NO
4c2cba86e996ec55,enrico,new_expert_opinion,111,verdict,strawman,straw man
4c7540584c2cad78,base,Slippery slope,78,starting_label,slippery_slope,slippery slope
4ca07d7333b8a2f7,enrico,Copia di new_ad_populum_Enrico,142,scheme,none,NO
4ca07d7333b8a2f7,enrico,Copia di new_ad_populum_Enrico,142,verdict,appeal_to_tradition,appeal to tradition
4ca07d7333b8a2f7,base,new_ad_populum,142,starting_label,appeal_to_tradition,appeal to tradition
4cadbd64b2566207,dumitru,Annotazione Dumitru Expert Opin,71,CQ1,na,na
4cadbd64b2566207,dumitru,Annotazione Dumitru Expert Opin,71,CQ2,na,na
4cadbd64b2566207,dumitru,Annotazione Dumitru Expert Opin,71,CQ3,na,na
4cadbd64b2566207,dumitru,Annotazione Dumitru Expert Opin,71,CQ3.1,na,na
4cadbd64b2566207,dumitru,Annotazione Dumitru Expert Opin,71,CQ4,na,na
4cadbd64b2566207,dumitru,Annotazione Dumitru Expert Opin,71,CQ4.1,na,na
4cadbd64b2566207,dumitru,Annotazione Dumitru Expert Opin,71,scheme,none,NO
4cadbd64b2566207,eleni,new_expert_opinion,71,scheme,expert_opinion,YES
4cadbd64b2566207,eleni,new_expert_opinion,71,verdict,good_argumentation,NO
4cadbd64b2566207,enrico,new_expert_opinion,71,comment,chi è l'esperto?,chi è l'esperto?
4cadbd64b2566207,enrico,new_expert_opinion,71,scheme,expert_opinion,YES
4cadbd64b2566207,enrico,new_expert_opinion,71,verdict,idk,?
4cadbd64b2566207,unknown,new_expert_opinion,71,doubt,f,f
4cc51a06fecc0bc9,base,Slippery slope,33,starting_label,slippery_slope,slippery slope
4d31e79bb2460b78,base,Annotazione Dumitru Expert Opin,5,starting_label,appeal_to_authority,appeal to authority
4d31e79bb2460b78,dumitru,Annotazione Dumitru Expert Opin,5,CQ1,yes,yes
4d31e79bb2460b78,dumitru,Annotazione Dumitru Expert Opin,5,CQ2,yes,yes
4d31e79bb2460b78,dumitru,Annotazione Dumitru Expert Opin,5,CQ3,yes,yes
4d31e79bb2460b78,dumitru,Annotazione Dumitru Expert Opin,5,CQ3.1,yes,yes
4d31e79bb2460b78,dumitru,Annotazione Dumitru Expert Opin,5,CQ4,yes,yes
4d31e79bb2460b78,dumitru,Annotazione Dumitru Expert Opin,5,CQ4.1,no,no
4d31e79bb2460b78,dumitru,Annotazione Dumitru Expert Opin,5,scheme,expert_opinion,YES
4d31e79bb2460b78,dumitru,Annotazione Dumitru Expert Opin,5,uncertainty,CQ1:AMB;CQ3:DIFF,CQ1:AMB;CQ3:DIFF
4d31e79bb2460b78,dumitru,Annotazione Dumitru Expert Opin,5,verdict,appeal_to_authority,Appeal to Authority
4d31e79bb2460b78,eleni,new_expert_opinion,5,verdict,appeal_to_authority,appeal to authority
4d31e79bb2460b78,enrico,new_expert_opinion,5,scheme,expert_opinion,YES
4d31e79bb2460b78,enrico,new_expert_opinion,5,verdict,appeal_to_authority,appeal to authority
4dbfbda62261e36a,enrico,Copia di hasty_generalization_E,35,scheme,none,none
4dbfbda62261e36a,enrico,Copia di hasty_generalization_E,35,verdict,hasty_generalization,hasty generalization
4dbfbda62261e36a,base,hasty_generalization,35,starting_label,hasty_generalization,hasty generalization
4dc1f345268ee548,base,Slippery slope,99,starting_label,slippery_slope,slippery slope
4e2b80d1397839c0,base,Annotazione Dumitru Expert Opin,109,starting_label,strawman,straw man
4e2b80d1397839c0,dumitru,Annotazione Dumitru Expert Opin,109,CQ1,na,na
4e2b80d1397839c0,dumitru,Annotazione Dumitru Expert Opin,109,CQ2,na,na
4e2b80d1397839c0,dumitru,Annotazione Dumitru Expert Opin,109,CQ3,na,na
4e2b80d1397839c0,dumitru,Annotazione Dumitru Expert Opin,109,CQ3.1,na,na
4e2b80d1397839c0,dumitru,Annotazione Dumitru Expert Opin,109,CQ4,na,na
4e2b80d1397839c0,dumitru,Annotazione Dumitru Expert Opin,109,CQ4.1,na,na
4e2b80d1397839c0,dumitru,Annotazione Dumitru Expert Opin,109,scheme,none,NO
4e2b80d1397839c0,eleni,new_expert_opinion,109,verdict,strawman,straw man
4e2b80d1397839c0,enrico,new_expert_opinion,109,comment,forse altra fallacia?,forse altra fallacia?
4e2b80d1397839c0,enrico,new_expert_opinion,109,scheme,none,NO
4e2b80d1397839c0,enrico,new_expert_opinion,109,verdict,strawman,straw man
4e2b80d1397839c0,unknown,new_expert_opinion,109,doubt,s,s
4f8de83752cd60b4,enrico,Copia di cause_to_effect_Enrico,42,comment,non vedo lo schema,non vedo lo schema
4f8de83752cd60b4,enrico,Copia di cause_to_effect_Enrico,42,difficulty,2,2
4f8de83752cd60b4,enrico,Copia di cause_to_effect_Enrico,42,scheme,cause_to_effect,Cause to effect
4f8de83752cd60b4,enrico,Copia di cause_to_effect_Enrico,42,verdict,idk,?
4f8de83752cd60b4,enrico,cause_to_effect,42,scheme,cause_to_effect,YES
4fd68873005c75e5,dumitru,Annotazione Dumitru Analogy,60,CQ1,no,no
4fd68873005c75e5,dumitru,Annotazione Dumitru Analogy,60,CQ1.1,no,no
4fd68873005c75e5,dumitru,Annotazione Dumitru Analogy,60,CQ2,yes,yes
4fd68873005c75e5,dumitru,Annotazione Dumitru Analogy,60,CQ3,yes,yes
4fd68873005c75e5,dumitru,Annotazione Dumitru Analogy,60,CQ4,no,no
4fd68873005c75e5,dumitru,Annotazione Dumitru Analogy,60,scheme,analogy,YES
4fd68873005c75e5,dumitru,Annotazione Dumitru Analogy,60,verdict,good_argumentation,Good Argumentation
4fd68873005c75e5,eleni,new_analogy,60,scheme,analogy,YES
4fd68873005c75e5,eleni,new_analogy,60,verdict,good_argumentation,NO
4fd68873005c75e5,enrico,new_analogy,60,scheme,analogy,YES
4fd68873005c75e5,enrico,new_analogy,60,verdict,good_argumentation,no
5004569dcf538429,enrico,Copia di new_ad_populum_Enrico,11,difficulty,2,2
5004569dcf538429,enrico,Copia di new_ad_populum_Enrico,11,scheme,popular_opinion,YES
5004569dcf538429,enrico,Copia di new_ad_populum_Enrico,11,verdict,ad_populum,ad populum
5004569dcf538429,enrico,new_ad_populum,11,scheme,popular_opinion,YES
500deedfb846e301,enrico,Copia di new_ad_populum_Enrico,106,comment,preferenza?,preferenza?
500deedfb846e301,enrico,Copia di new_ad_populum_Enrico,106,difficulty,3,3
500deedfb846e301,enrico,Copia di new_ad_populum_Enrico,106,scheme,idk,SNI
500deedfb846e301,enrico,Copia di new_ad_populum_Enrico,106,verdict,ad_populum,ad populum
500deedfb846e301,base,new_ad_populum,106,starting_label,ad_populum,ad populum
5023eb1b4c023510,enrico,Copia di example_final_Enrico,33,comment,esempio vago,esempio vago
5023eb1b4c023510,enrico,Copia di example_final_Enrico,33,scheme,example,YES
5023eb1b4c023510,enrico,Copia di example_final_Enrico,33,verdict,good_argumentation,no fallacy
506e097560ae43ae,dumitru,Annotazione Dumitru Expert Opin,50,CQ1,yes,yes
506e097560ae43ae,dumitru,Annotazione Dumitru Expert Opin,50,CQ2,no,no
506e097560ae43ae,dumitru,Annotazione Dumitru Expert Opin,50,CQ3,yes,yes
506e097560ae43ae,dumitru,Annotazione Dumitru Expert Opin,50,CQ3.1,yes,yes
506e097560ae43ae,dumitru,Annotazione Dumitru Expert Opin,50,CQ4,idk,idk
506e097560ae43ae,dumitru,Annotazione Dumitru Expert Opin,50,CQ4.1,idk,idk
506e097560ae43ae,dumitru,Annotazione Dumitru Expert Opin,50,note,la conclusione è implicita e la sua polarità non è determinabile dal testo.,la conclusione è implicita e la sua polarità non è determinabile dal testo.
506e097560ae43ae,dumitru,Annotazione Dumitru Expert Opin,50,scheme,expert_opinion,YES
506e097560ae43ae,dumitru,Annotazione Dumitru Expert Opin,50,uncertainty,CQ1:AMB,CQ1:AMB
506e097560ae43ae,dumitru,Annotazione Dumitru Expert Opin,50,verdict,idk,indeterminato
506e097560ae43ae,eleni,new_expert_opinion,50,scheme,expert_opinion,YES
506e097560ae43ae,eleni,new_expert_opinion,50,verdict,good_argumentation,NO
506e097560ae43ae,enrico,new_expert_opinion,50,comment,sono statistiche e non c'è un esperto,sono statistiche e non c'è un esperto
506e097560ae43ae,enrico,new_expert_opinion,50,scheme,expert_opinion,YES
506e097560ae43ae,enrico,new_expert_opinion,50,verdict,idk,?
506e097560ae43ae,unknown,new_expert_opinion,50,doubt,x,x
5094b03cda4c08ed,enrico,Copia di cause_to_effect_Enrico,30,difficulty,2,2
5094b03cda4c08ed,enrico,Copia di cause_to_effect_Enrico,30,scheme,cause_to_effect,Cause to effect
5094b03cda4c08ed,enrico,Copia di cause_to_effect_Enrico,30,verdict,good_argumentation,no fallacy
5094b03cda4c08ed,enrico,cause_to_effect,30,scheme,cause_to_effect,YES
50fcf44804f50bfa,base,Annotazione Dumitru Expert Opin,92,starting_label,appeal_to_authority,appeal to authority
50fcf44804f50bfa,dumitru,Annotazione Dumitru Expert Opin,92,CQ1,no,no
50fcf44804f50bfa,dumitru,Annotazione Dumitru Expert Opin,92,CQ2,yes,yes
50fcf44804f50bfa,dumitru,Annotazione Dumitru Expert Opin,92,CQ3,yes,yes
50fcf44804f50bfa,dumitru,Annotazione Dumitru Expert Opin,92,CQ3.1,yes,yes
50fcf44804f50bfa,dumitru,Annotazione Dumitru Expert Opin,92,CQ4,no,no
50fcf44804f50bfa,dumitru,Annotazione Dumitru Expert Opin,92,CQ4.1,yes,yes
50fcf44804f50bfa,dumitru,Annotazione Dumitru Expert Opin,92,scheme,expert_opinion,YES
50fcf44804f50bfa,dumitru,Annotazione Dumitru Expert Opin,92,uncertainty,CQ1:SUBJ,CQ1:SUBJ
50fcf44804f50bfa,dumitru,Annotazione Dumitru Expert Opin,92,verdict,irrelevant_authority,Irrelevant Authority
50fcf44804f50bfa,eleni,new_expert_opinion,92,verdict,appeal_to_authority,appeal to authority
50fcf44804f50bfa,enrico,new_expert_opinion,92,comment,dichiarazione senza conclusione,dichiarazione senza conclusione
50fcf44804f50bfa,enrico,new_expert_opinion,92,scheme,expert_opinion,YES
50fcf44804f50bfa,enrico,new_expert_opinion,92,verdict,appeal_to_authority,appeal to authority
515009a26eef823b,dumitru,Annotazione Dumitru Analogy,56,CQ1,yes,yes
515009a26eef823b,dumitru,Annotazione Dumitru Analogy,56,CQ1.1,no,no
515009a26eef823b,dumitru,Annotazione Dumitru Analogy,56,CQ2,yes,yes
515009a26eef823b,dumitru,Annotazione Dumitru Analogy,56,CQ3,yes,yes
515009a26eef823b,dumitru,Annotazione Dumitru Analogy,56,CQ4,no,no
515009a26eef823b,dumitru,Annotazione Dumitru Analogy,56,scheme,analogy,YES
515009a26eef823b,dumitru,Annotazione Dumitru Analogy,56,verdict,weak_analogy,Weak Analogy
515009a26eef823b,eleni,new_analogy,56,comment,"Same principle. However, rats != crash test dummies","Same principle. However, rats != crash test dummies"
515009a26eef823b,eleni,new_analogy,56,scheme,analogy,YES
515009a26eef823b,eleni,new_analogy,56,verdict,good_argumentation,NO
515009a26eef823b,enrico,new_analogy,56,comment,anche se ci sono diverse teorie,anche se ci sono diverse teorie
515009a26eef823b,enrico,new_analogy,56,scheme,analogy,YES
515009a26eef823b,enrico,new_analogy,56,verdict,good_argumentation,no
51b6aeb06734d1f9,enrico,Copia di example_final_Enrico,24,comment,esempio vago,esempio vago
51b6aeb06734d1f9,enrico,Copia di example_final_Enrico,24,scheme,example,YES
51b6aeb06734d1f9,enrico,Copia di example_final_Enrico,24,verdict,idk,?
5238e866bd659d8f,base,Annotazione Dumitru Analogy,94,starting_label,cherry_picking,cherry picking
5238e866bd659d8f,dumitru,Annotazione Dumitru Analogy,94,CQ1,na,na
5238e866bd659d8f,dumitru,Annotazione Dumitru Analogy,94,CQ1.1,na,na
5238e866bd659d8f,dumitru,Annotazione Dumitru Analogy,94,CQ2,na,na
5238e866bd659d8f,dumitru,Annotazione Dumitru Analogy,94,CQ3,na,na
5238e866bd659d8f,dumitru,Annotazione Dumitru Analogy,94,CQ4,na,na
5238e866bd659d8f,dumitru,Annotazione Dumitru Analogy,94,scheme,none,NO
5238e866bd659d8f,eleni,new_analogy,94,verdict,cherry_picking,cherry picking
5238e866bd659d8f,enrico,new_analogy,94,scheme,none,NO
5238e866bd659d8f,enrico,new_analogy,94,verdict,cherry_picking,cherry picking
536fa6d59011bce2,dumitru,Annotazione Dumitru Analogy,17,CQ1,yes,yes
536fa6d59011bce2,dumitru,Annotazione Dumitru Analogy,17,CQ1.1,yes,yes
536fa6d59011bce2,dumitru,Annotazione Dumitru Analogy,17,CQ2,yes,yes
536fa6d59011bce2,dumitru,Annotazione Dumitru Analogy,17,CQ3,yes,yes
536fa6d59011bce2,dumitru,Annotazione Dumitru Analogy,17,CQ4,yes,yes
536fa6d59011bce2,dumitru,Annotazione Dumitru Analogy,17,scheme,analogy,YES
536fa6d59011bce2,dumitru,Annotazione Dumitru Analogy,17,uncertainty,CQ1.1:SUBJ;CQ4:SUBJ,CQ1.1:SUBJ;CQ4:SUBJ
536fa6d59011bce2,dumitru,Annotazione Dumitru Analogy,17,verdict,appeal_to_extremes,Appeal to Extremes
536fa6d59011bce2,eleni,new_analogy,4,comment,mask -> protect theirselves and others -> harming others. Comparable (to a certain extent) to theft and murder?,mask -> protect theirselves and others -> harming others. Comparable (to a certain extent) to theft and murder?
536fa6d59011bce2,eleni,new_analogy,4,scheme,analogy,YES
536fa6d59011bce2,eleni,new_analogy,4,verdict,good_argumentation,NO
536fa6d59011bce2,enrico,new_analogy,4,comment,cherry picking?,cherry picking?
536fa6d59011bce2,enrico,new_analogy,4,exit_cq,CQ1,CQ1
536fa6d59011bce2,enrico,new_analogy,4,scheme,analogy,YES
536fa6d59011bce2,enrico,new_analogy,4,verdict,appeal_to_extremes,Appeal to Extremes
538dbbccf7342c2f,enrico,Copia di new_ad_populum_Enrico,86,difficulty,2,2
538dbbccf7342c2f,enrico,Copia di new_ad_populum_Enrico,86,scheme,popular_opinion,YES
538dbbccf7342c2f,enrico,Copia di new_ad_populum_Enrico,86,verdict,ad_populum,ad populum
538dbbccf7342c2f,base,new_ad_populum,86,starting_label,ad_populum,ad populum
53b42dd7c63c2bda,enrico,Copia di hasty_generalization_E,54,scheme,example,Example
53b42dd7c63c2bda,enrico,Copia di hasty_generalization_E,54,verdict,hasty_generalization,hasty generalization
53b42dd7c63c2bda,base,hasty_generalization,54,starting_label,hasty_generalization,hasty generalization
53e55e300e3ded46,enrico,Copia di example_final_Enrico,15,difficulty,3,3
53e55e300e3ded46,enrico,Copia di example_final_Enrico,15,scheme,example,YES
53e55e300e3ded46,enrico,Copia di example_final_Enrico,15,verdict,cherry_picking,Cherry picking
540788b71b00fab7,enrico,Copia di cause_to_effect_Enrico,21,difficulty,1,1
540788b71b00fab7,enrico,Copia di cause_to_effect_Enrico,21,scheme,cause_to_effect,Cause to effect
540788b71b00fab7,enrico,Copia di cause_to_effect_Enrico,21,verdict,good_argumentation,no fallacy
540788b71b00fab7,enrico,cause_to_effect,21,scheme,cause_to_effect,YES
5535b3800bddb721,dumitru,Annotazione Dumitru Expert Opin,33,CQ1,yes,yes
5535b3800bddb721,dumitru,Annotazione Dumitru Expert Opin,33,CQ2,no,no
5535b3800bddb721,dumitru,Annotazione Dumitru Expert Opin,33,CQ3,yes,yes
5535b3800bddb721,dumitru,Annotazione Dumitru Expert Opin,33,CQ3.1,yes,yes
5535b3800bddb721,dumitru,Annotazione Dumitru Expert Opin,33,CQ4,no,no
5535b3800bddb721,dumitru,Annotazione Dumitru Expert Opin,33,CQ4.1,yes,yes
5535b3800bddb721,dumitru,Annotazione Dumitru Expert Opin,33,scheme,expert_opinion,YES
5535b3800bddb721,dumitru,Annotazione Dumitru Expert Opin,33,verdict,good_argumentation,Good Argumentation
5535b3800bddb721,eleni,new_expert_opinion,33,comment,No evidence,No evidence
5535b3800bddb721,eleni,new_expert_opinion,33,scheme,expert_opinion,YES
5535b3800bddb721,eleni,new_expert_opinion,33,verdict,any_fallacy,YES
5535b3800bddb721,enrico,new_expert_opinion,33,comment,"è un campo in cui ci sono molte teorie e non c'è assoluto accordo. sebbene non condivisibile e non rappresenti un'argoemtnezione schiacciante, non mi pare neanche fallace","è un campo in cui ci sono molte teorie e non c'è assoluto accordo. sebbene non condivisibile e non rappresenti un'argoemtnezione schiacciante, non mi pare neanche fallace"
5535b3800bddb721,enrico,new_expert_opinion,33,scheme,expert_opinion,YES
5535b3800bddb721,enrico,new_expert_opinion,33,verdict,good_argumentation,no
5536c662f2416e88,enrico,Copia di new_ad_populum_Enrico,18,difficulty,3,3
5536c662f2416e88,enrico,Copia di new_ad_populum_Enrico,18,scheme,popular_opinion,YES
5536c662f2416e88,enrico,Copia di new_ad_populum_Enrico,18,verdict,ad_populum,ad populum
5536c662f2416e88,enrico,new_ad_populum,18,scheme,popular_opinion,YES
559198bec51574c0,enrico,ad hominem,8,scheme,ad_hominem,Ad Hominem
559198bec51574c0,enrico,ad hominem,8,verdict,ad_hominem_tu_quoque,Tu Quoque
55de272396ac30b8,dumitru,Annotazione Dumitru Analogy,79,CQ1,no,no
55de272396ac30b8,dumitru,Annotazione Dumitru Analogy,79,CQ1.1,no,no
55de272396ac30b8,dumitru,Annotazione Dumitru Analogy,79,CQ2,yes,yes
55de272396ac30b8,dumitru,Annotazione Dumitru Analogy,79,CQ3,yes,yes
55de272396ac30b8,dumitru,Annotazione Dumitru Analogy,79,CQ4,no,no
55de272396ac30b8,dumitru,Annotazione Dumitru Analogy,79,scheme,analogy,YES
55de272396ac30b8,dumitru,Annotazione Dumitru Analogy,79,uncertainty,CQ1:SUBJ,CQ1:SUBJ
55de272396ac30b8,dumitru,Annotazione Dumitru Analogy,79,verdict,good_argumentation,Good Argumentation
55de272396ac30b8,eleni,new_analogy,79,scheme,analogy,YES
55de272396ac30b8,eleni,new_analogy,79,verdict,good_argumentation,NO
55de272396ac30b8,enrico,new_analogy,79,scheme,analogy,YES
55de272396ac30b8,enrico,new_analogy,79,verdict,good_argumentation,no
55f41349f258e4f3,enrico,Copia di new_ad_populum_Enrico,85,comment,domanda,domanda
55f41349f258e4f3,enrico,Copia di new_ad_populum_Enrico,85,difficulty,2,2
55f41349f258e4f3,enrico,Copia di new_ad_populum_Enrico,85,scheme,idk,?
55f41349f258e4f3,enrico,Copia di new_ad_populum_Enrico,85,verdict,ad_populum,ad populum
55f41349f258e4f3,base,new_ad_populum,85,starting_label,ad_populum,ad populum
566fcd3274763460,enrico,Copia di new_ad_populum_Enrico,67,difficulty,1,1
566fcd3274763460,enrico,Copia di new_ad_populum_Enrico,67,scheme,popular_opinion,YES
566fcd3274763460,enrico,Copia di new_ad_populum_Enrico,67,verdict,ad_populum,ad populum
566fcd3274763460,base,new_ad_populum,67,starting_label,ad_populum,ad populum
56dc9ff5674d8af5,dumitru,Annotazione Dumitru Analogy,41,CQ1,yes,yes
56dc9ff5674d8af5,dumitru,Annotazione Dumitru Analogy,41,CQ1.1,no,no
56dc9ff5674d8af5,dumitru,Annotazione Dumitru Analogy,41,CQ2,yes,yes
56dc9ff5674d8af5,dumitru,Annotazione Dumitru Analogy,41,CQ3,yes,yes
56dc9ff5674d8af5,dumitru,Annotazione Dumitru Analogy,41,CQ4,yes,yes
56dc9ff5674d8af5,dumitru,Annotazione Dumitru Analogy,41,scheme,analogy,YES
56dc9ff5674d8af5,dumitru,Annotazione Dumitru Analogy,41,uncertainty,CQ1:SUBJ;CQ3:AMB;CQ4:DIFF,CQ1:SUBJ;CQ3:AMB;CQ4:DIFF
56dc9ff5674d8af5,dumitru,Annotazione Dumitru Analogy,41,verdict,weak_analogy,Weak Analogy
56dc9ff5674d8af5,eleni,new_analogy,55,scheme,analogy,YES
56dc9ff5674d8af5,eleni,new_analogy,55,verdict,any_fallacy,YES
56dc9ff5674d8af5,enrico,new_analogy,55,scheme,analogy,YES
56dc9ff5674d8af5,enrico,new_analogy,55,verdict,weak_analogy,weak analogy
56ed61184509ffa2,dumitru,Annotazione Dumitru Expert Opin,54,CQ1,na,na
56ed61184509ffa2,dumitru,Annotazione Dumitru Expert Opin,54,CQ2,na,na
56ed61184509ffa2,dumitru,Annotazione Dumitru Expert Opin,54,CQ3,na,na
56ed61184509ffa2,dumitru,Annotazione Dumitru Expert Opin,54,CQ3.1,na,na
56ed61184509ffa2,dumitru,Annotazione Dumitru Expert Opin,54,CQ4,na,na
56ed61184509ffa2,dumitru,Annotazione Dumitru Expert Opin,54,CQ4.1,na,na
56ed61184509ffa2,dumitru,Annotazione Dumitru Expert Opin,54,scheme,none,NO
56ed61184509ffa2,eleni,new_expert_opinion,54,scheme,expert_opinion,YES
56ed61184509ffa2,eleni,new_expert_opinion,54,verdict,good_argumentation,NO
56ed61184509ffa2,enrico,new_expert_opinion,54,comment,è un ragionamento e non c'è un esperto,è un ragionamento e non c'è un esperto
56ed61184509ffa2,enrico,new_expert_opinion,54,scheme,expert_opinion,YES
56ed61184509ffa2,enrico,new_expert_opinion,54,verdict,idk,?
56ed61184509ffa2,unknown,new_expert_opinion,54,doubt,f,f
56eded7624bb99e0,enrico,Copia di cause_to_effect_Enrico,44,difficulty,3,3
56eded7624bb99e0,enrico,Copia di cause_to_effect_Enrico,44,scheme,cause_to_effect,Cause to effect
56eded7624bb99e0,enrico,Copia di cause_to_effect_Enrico,44,verdict,cherry_picking,Cherry picking
56eded7624bb99e0,enrico,cause_to_effect,44,scheme,cause_to_effect,YES
5772a0e3e1914591,enrico,ad hominem,96,scheme,ad_hominem,Ad Hominem
5772a0e3e1914591,enrico,ad hominem,96,verdict,ad_hominem_tu_quoque,Tu Quoque
579a2e83b3554b69,enrico,Copia di hasty_generalization_E,50,scheme,popular_opinion,Popular opinion
579a2e83b3554b69,enrico,Copia di hasty_generalization_E,50,verdict,hasty_generalization,hasty generalization
579a2e83b3554b69,base,hasty_generalization,50,starting_label,hasty_generalization,hasty generalization
57b5e1a21874b226,enrico,ad hominem,75,scheme,ad_hominem,Ad Hominem
57b5e1a21874b226,enrico,ad hominem,75,verdict,ad_hominem_abusive,Abusive
57df90e878a69523,enrico,Copia di hasty_generalization_E,60,scheme,example,Example
57df90e878a69523,enrico,Copia di hasty_generalization_E,60,verdict,hasty_generalization,hasty generalization
57df90e878a69523,base,hasty_generalization,60,starting_label,hasty_generalization,hasty generalization
581504d112994e8f,enrico,Copia di new_ad_populum_Enrico,57,comment,ammissione di possibile errore,ammissione di possibile errore
581504d112994e8f,enrico,Copia di new_ad_populum_Enrico,57,difficulty,3,3
581504d112994e8f,enrico,Copia di new_ad_populum_Enrico,57,scheme,expert_opinion,Expert opinion
581504d112994e8f,enrico,Copia di new_ad_populum_Enrico,57,verdict,good_argumentation,no fallacy
581504d112994e8f,enrico,new_ad_populum,57,scheme,popular_opinion,YES
581ecfb8f5738b05,enrico,ad hominem,34,scheme,ad_hominem,Ad Hominem
581ecfb8f5738b05,enrico,ad hominem,34,verdict,ad_hominem_tu_quoque,Tu Quoque
5901029a3e840cc4,enrico,Copia di hasty_generalization_E,29,scheme,correlation_to_cause,Correlation to cause
5901029a3e840cc4,enrico,Copia di hasty_generalization_E,29,verdict,hasty_generalization,hasty generalization
5901029a3e840cc4,base,hasty_generalization,29,starting_label,hasty_generalization,hasty generalization
5992eab8866e337b,base,Annotazione Dumitru Expert Opin,19,starting_label,appeal_to_authority,appeal to authority
5992eab8866e337b,dumitru,Annotazione Dumitru Expert Opin,19,CQ1,no,no
5992eab8866e337b,dumitru,Annotazione Dumitru Expert Opin,19,CQ2,yes,yes
5992eab8866e337b,dumitru,Annotazione Dumitru Expert Opin,19,CQ3,yes,yes
5992eab8866e337b,dumitru,Annotazione Dumitru Expert Opin,19,CQ3.1,yes,yes
5992eab8866e337b,dumitru,Annotazione Dumitru Expert Opin,19,CQ4,no,no
5992eab8866e337b,dumitru,Annotazione Dumitru Expert Opin,19,CQ4.1,yes,yes
5992eab8866e337b,dumitru,Annotazione Dumitru Expert Opin,19,scheme,expert_opinion,YES
5992eab8866e337b,dumitru,Annotazione Dumitru Expert Opin,19,uncertainty,CQ1:SUBJ,CQ1:SUBJ
5992eab8866e337b,dumitru,Annotazione Dumitru Expert Opin,19,verdict,irrelevant_authority,Irrelevant Authority
5992eab8866e337b,eleni,new_expert_opinion,19,verdict,appeal_to_authority,appeal to authority
5992eab8866e337b,enrico,new_expert_opinion,19,comment,è una domanda,è una domanda
5992eab8866e337b,enrico,new_expert_opinion,19,scheme,none,NO
5992eab8866e337b,enrico,new_expert_opinion,19,verdict,appeal_to_authority,appeal to authority
5ab4c426045f85fd,base,Slippery slope,51,starting_label,slippery_slope,slippery slope
5ab9c79508d4cc70,dumitru,Annotazione Dumitru Analogy,28,CQ1,na,na
5ab9c79508d4cc70,dumitru,Annotazione Dumitru Analogy,28,CQ1.1,na,na
5ab9c79508d4cc70,dumitru,Annotazione Dumitru Analogy,28,CQ2,na,na
5ab9c79508d4cc70,dumitru,Annotazione Dumitru Analogy,28,CQ3,na,na
5ab9c79508d4cc70,dumitru,Annotazione Dumitru Analogy,28,CQ4,na,na
5ab9c79508d4cc70,dumitru,Annotazione Dumitru Analogy,28,scheme,none,NO
5ab9c79508d4cc70,eleni,new_analogy,28,scheme,analogy,YES
5ab9c79508d4cc70,eleni,new_analogy,28,verdict,idk,?
5ab9c79508d4cc70,enrico,new_analogy,28,comment,non c'è analogia ma è un'implicazione,non c'è analogia ma è un'implicazione
5ab9c79508d4cc70,enrico,new_analogy,28,scheme,analogy,YES
5ab9c79508d4cc70,enrico,new_analogy,28,verdict,idk,?
5ab9c79508d4cc70,unknown,new_analogy,28,doubt,f,f
5b4ad3550dba9360,dumitru,Annotazione Dumitru Analogy,9,CQ1,no,no
5b4ad3550dba9360,dumitru,Annotazione Dumitru Analogy,9,CQ1.1,yes,yes
5b4ad3550dba9360,dumitru,Annotazione Dumitru Analogy,9,CQ2,no,no
5b4ad3550dba9360,dumitru,Annotazione Dumitru Analogy,9,CQ3,yes,yes
5b4ad3550dba9360,dumitru,Annotazione Dumitru Analogy,9,CQ4,no,no
5b4ad3550dba9360,dumitru,Annotazione Dumitru Analogy,9,scheme,analogy,YES
5b4ad3550dba9360,dumitru,Annotazione Dumitru Analogy,9,uncertainty,CQ1.1:AMB,CQ1.1:AMB
5b4ad3550dba9360,dumitru,Annotazione Dumitru Analogy,9,verdict,appeal_to_extremes,Appeal to Extremes
5b4ad3550dba9360,eleni,new_analogy,3,comment,cherry picking?,cherry picking?
5b4ad3550dba9360,eleni,new_analogy,3,scheme,analogy,YES
5b4ad3550dba9360,eleni,new_analogy,3,verdict,any_fallacy,YES
5b4ad3550dba9360,enrico,new_analogy,3,comment,analogie volutamente estreme e viziate,analogie volutamente estreme e viziate
5b4ad3550dba9360,enrico,new_analogy,3,exit_cq,CQ1,CQ1
5b4ad3550dba9360,enrico,new_analogy,3,scheme,analogy,YES
5b4ad3550dba9360,enrico,new_analogy,3,verdict,appeal_to_extremes,Appeal to Extremes
5bfdbe9d7ff883b3,dumitru,Annotazione Dumitru Expert Opin,30,CQ1,yes,yes
5bfdbe9d7ff883b3,dumitru,Annotazione Dumitru Expert Opin,30,CQ2,yes,yes
5bfdbe9d7ff883b3,dumitru,Annotazione Dumitru Expert Opin,30,CQ3,yes,yes
5bfdbe9d7ff883b3,dumitru,Annotazione Dumitru Expert Opin,30,CQ3.1,yes,yes
5bfdbe9d7ff883b3,dumitru,Annotazione Dumitru Expert Opin,30,CQ4,no,no
5bfdbe9d7ff883b3,dumitru,Annotazione Dumitru Expert Opin,30,CQ4.1,yes,yes
5bfdbe9d7ff883b3,dumitru,Annotazione Dumitru Expert Opin,30,scheme,expert_opinion,YES
5bfdbe9d7ff883b3,dumitru,Annotazione Dumitru Expert Opin,30,uncertainty,CQ2:AMB,CQ2:AMB
5bfdbe9d7ff883b3,dumitru,Annotazione Dumitru Expert Opin,30,verdict,appeal_to_authority,Appeal to Authority
5bfdbe9d7ff883b3,eleni,new_expert_opinion,30,comment,No evidence,No evidence
5bfdbe9d7ff883b3,eleni,new_expert_opinion,30,scheme,expert_opinion,YES
5bfdbe9d7ff883b3,eleni,new_expert_opinion,30,verdict,any_fallacy,YES
5bfdbe9d7ff883b3,enrico,new_expert_opinion,30,comment,"è un campo in cui ci sono molte teorie e non c'è assoluto accordo. sebbene non condivisibile e non rappresenti un'argoemtnezione schiacciante, non mi pare neanche fallace","è un campo in cui ci sono molte teorie e non c'è assoluto accordo. sebbene non condivisibile e non rappresenti un'argoemtnezione schiacciante, non mi pare neanche fallace"
5bfdbe9d7ff883b3,enrico,new_expert_opinion,30,scheme,expert_opinion,YES
5bfdbe9d7ff883b3,enrico,new_expert_opinion,30,verdict,good_argumentation,no
5c3a82867bd37e0e,enrico,Copia di new_ad_populum_Enrico,37,difficulty,2,2
5c3a82867bd37e0e,enrico,Copia di new_ad_populum_Enrico,37,scheme,popular_opinion,YES
5c3a82867bd37e0e,enrico,Copia di new_ad_populum_Enrico,37,verdict,ad_populum,ad populum
5c3a82867bd37e0e,enrico,new_ad_populum,37,scheme,popular_opinion,YES
5c726a4ef4cfb6f7,enrico,Copia di cause_to_effect_Enrico,47,comment,non vedo lo schema,non vedo lo schema
5c726a4ef4cfb6f7,enrico,Copia di cause_to_effect_Enrico,47,difficulty,2,2
5c726a4ef4cfb6f7,enrico,Copia di cause_to_effect_Enrico,47,scheme,cause_to_effect,Cause to effect
5c726a4ef4cfb6f7,enrico,Copia di cause_to_effect_Enrico,47,verdict,idk,?
5c726a4ef4cfb6f7,enrico,cause_to_effect,47,scheme,cause_to_effect,YES
5ce0b0fdd717b387,enrico,Copia di hasty_generalization_E,72,scheme,none,none
5ce0b0fdd717b387,enrico,Copia di hasty_generalization_E,72,verdict,hasty_generalization,hasty generalization
5ce0b0fdd717b387,base,hasty_generalization,72,starting_label,hasty_generalization,hasty generalization
5d9786b2a6f2d923,enrico,ad hominem,33,scheme,ad_hominem,Ad Hominem
5d9786b2a6f2d923,enrico,ad hominem,33,verdict,ad_hominem_guilt_by_association,Guilt by Association
5e21831fe1389240,base,Slippery slope,52,starting_label,slippery_slope,slippery slope
5e34c6d46d00658f,dumitru,Annotazione Dumitru Expert Opin,49,CQ1,yes,yes
5e34c6d46d00658f,dumitru,Annotazione Dumitru Expert Opin,49,CQ2,no,no
5e34c6d46d00658f,dumitru,Annotazione Dumitru Expert Opin,49,CQ3,yes,yes
5e34c6d46d00658f,dumitru,Annotazione Dumitru Expert Opin,49,CQ3.1,yes,yes
5e34c6d46d00658f,dumitru,Annotazione Dumitru Expert Opin,49,CQ4,yes,yes
5e34c6d46d00658f,dumitru,Annotazione Dumitru Expert Opin,49,CQ4.1,yes,yes
5e34c6d46d00658f,dumitru,Annotazione Dumitru Expert Opin,49,scheme,expert_opinion,YES
5e34c6d46d00658f,dumitru,Annotazione Dumitru Expert Opin,49,uncertainty,CQ1:AMB;CQ4:AMB,CQ1:AMB;CQ4:AMB
5e34c6d46d00658f,dumitru,Annotazione Dumitru Expert Opin,49,verdict,good_argumentation,Good Argumentation
5e34c6d46d00658f,eleni,new_expert_opinion,26,scheme,expert_opinion,YES
5e34c6d46d00658f,eleni,new_expert_opinion,26,verdict,any_fallacy,YES
5e34c6d46d00658f,enrico,new_expert_opinion,26,comment,davvero carente dal punto divista argomentativo,davvero carente dal punto divista argomentativo
5e34c6d46d00658f,enrico,new_expert_opinion,26,exit_cq,CQ2,CQ2
5e34c6d46d00658f,enrico,new_expert_opinion,26,scheme,expert_opinion,YES
5e34c6d46d00658f,enrico,new_expert_opinion,26,verdict,appeal_to_authority,appeal to authority
5e50a8a9d8179380,base,Annotazione Dumitru Expert Opin,7,starting_label,appeal_to_authority,appeal to authority
5e50a8a9d8179380,dumitru,Annotazione Dumitru Expert Opin,7,CQ1,yes,yes
5e50a8a9d8179380,dumitru,Annotazione Dumitru Expert Opin,7,CQ2,yes,yes
5e50a8a9d8179380,dumitru,Annotazione Dumitru Expert Opin,7,CQ3,yes,yes
5e50a8a9d8179380,dumitru,Annotazione Dumitru Expert Opin,7,CQ3.1,yes,yes
5e50a8a9d8179380,dumitru,Annotazione Dumitru Expert Opin,7,CQ4,na,na
5e50a8a9d8179380,dumitru,Annotazione Dumitru Expert Opin,7,CQ4.1,yes,yes
5e50a8a9d8179380,dumitru,Annotazione Dumitru Expert Opin,7,scheme,expert_opinion,YES
5e50a8a9d8179380,dumitru,Annotazione Dumitru Expert Opin,7,verdict,appeal_to_authority,Appeal to Authority
5e50a8a9d8179380,eleni,new_expert_opinion,7,verdict,appeal_to_authority,appeal to authority
5e50a8a9d8179380,enrico,new_expert_opinion,7,scheme,expert_opinion,YES
5e50a8a9d8179380,enrico,new_expert_opinion,7,verdict,appeal_to_authority,appeal to authority
5e75440c39e1d88a,base,Slippery slope,81,starting_label,slippery_slope,slippery slope
5f4e3b92648e23a5,enrico,ad hominem,29,scheme,ad_hominem,Ad Hominem
5f4e3b92648e23a5,enrico,ad hominem,29,verdict,ad_hominem_abusive,Abusive
5f57c752fd8c82c3,enrico,Copia di cause_to_effect_Enrico,15,difficulty,4,4
5f57c752fd8c82c3,enrico,Copia di cause_to_effect_Enrico,15,scheme,cause_to_effect,Cause to effect
5f57c752fd8c82c3,enrico,Copia di cause_to_effect_Enrico,15,verdict,good_argumentation,no fallacy
5f57c752fd8c82c3,enrico,cause_to_effect,15,scheme,cause_to_effect,YES
5fb235e9caf4766c,enrico,Copia di new_ad_populum_Enrico,39,comment,forse non è un ad populum?,forse non è un ad populum?
5fb235e9caf4766c,enrico,Copia di new_ad_populum_Enrico,39,scheme,popular_opinion,YES
5fb235e9caf4766c,enrico,Copia di new_ad_populum_Enrico,39,verdict,idk,?
5fb235e9caf4766c,enrico,new_ad_populum,39,scheme,popular_opinion,YES
5fccde78a040dee8,base,Annotazione Dumitru Analogy,85,starting_label,weak_analogy,weak analogy
5fccde78a040dee8,dumitru,Annotazione Dumitru Analogy,85,CQ1,yes,yes
5fccde78a040dee8,dumitru,Annotazione Dumitru Analogy,85,CQ1.1,yes,yes
5fccde78a040dee8,dumitru,Annotazione Dumitru Analogy,85,CQ2,yes,yes
5fccde78a040dee8,dumitru,Annotazione Dumitru Analogy,85,CQ3,yes,yes
5fccde78a040dee8,dumitru,Annotazione Dumitru Analogy,85,CQ4,no,no
5fccde78a040dee8,dumitru,Annotazione Dumitru Analogy,85,scheme,analogy,YES
5fccde78a040dee8,dumitru,Annotazione Dumitru Analogy,85,uncertainty,CQ1.1:SUBJ,CQ1.1:SUBJ
5fccde78a040dee8,dumitru,Annotazione Dumitru Analogy,85,verdict,appeal_to_extremes,Appeal to Extremes
5fccde78a040dee8,eleni,new_analogy,12,verdict,weak_analogy,weak analogy
5fccde78a040dee8,enrico,new_analogy,12,scheme,analogy,YES
5fccde78a040dee8,enrico,new_analogy,12,verdict,weak_analogy,weak analogy
601d1c2b4dc12ff4,enrico,Copia di new_ad_populum_Enrico,30,difficulty,3,3
601d1c2b4dc12ff4,enrico,Copia di new_ad_populum_Enrico,30,scheme,popular_opinion,YES
601d1c2b4dc12ff4,enrico,Copia di new_ad_populum_Enrico,30,verdict,ad_populum,ad populum
601d1c2b4dc12ff4,enrico,new_ad_populum,30,scheme,popular_opinion,YES
60ebb3d3d4604901,dumitru,Annotazione Dumitru Expert Opin,82,CQ1,yes,yes
60ebb3d3d4604901,dumitru,Annotazione Dumitru Expert Opin,82,CQ2,no,no
60ebb3d3d4604901,dumitru,Annotazione Dumitru Expert Opin,82,CQ3,yes,yes
60ebb3d3d4604901,dumitru,Annotazione Dumitru Expert Opin,82,CQ3.1,no,no
60ebb3d3d4604901,dumitru,Annotazione Dumitru Expert Opin,82,CQ4,yes,yes
60ebb3d3d4604901,dumitru,Annotazione Dumitru Expert Opin,82,CQ4.1,no,no
60ebb3d3d4604901,dumitru,Annotazione Dumitru Expert Opin,82,scheme,expert_opinion,YES
60ebb3d3d4604901,dumitru,Annotazione Dumitru Expert Opin,82,uncertainty,CQ1:AMB;CQ4:AMB;CQ4.1:DIFF,CQ1:AMB;CQ4:AMB;CQ4.1:DIFF
60ebb3d3d4604901,dumitru,Annotazione Dumitru Expert Opin,82,verdict,non_sequitur,Non Sequitur
60ebb3d3d4604901,eleni,new_expert_opinion,84,scheme,expert_opinion,YES
60ebb3d3d4604901,eleni,new_expert_opinion,84,verdict,good_argumentation,NO
60ebb3d3d4604901,enrico,new_expert_opinion,84,comment,l'implicazione non è corretta,l'implicazione non è corretta
60ebb3d3d4604901,enrico,new_expert_opinion,84,exit_cq,CQ4,CQ4
60ebb3d3d4604901,enrico,new_expert_opinion,84,scheme,expert_opinion,YES
60ebb3d3d4604901,enrico,new_expert_opinion,84,verdict,non_sequitur,non sequitur
60ec57cbebc1f12d,enrico,Copia di new_ad_populum_Enrico,71,comment,contrario,contrario
60ec57cbebc1f12d,enrico,Copia di new_ad_populum_Enrico,71,difficulty,3,3
60ec57cbebc1f12d,enrico,Copia di new_ad_populum_Enrico,71,scheme,none,NO
60ec57cbebc1f12d,enrico,Copia di new_ad_populum_Enrico,71,verdict,ad_populum,ad populum
60ec57cbebc1f12d,base,new_ad_populum,71,starting_label,ad_populum,ad populum
612742242a2593ed,enrico,Copia di example_final_Enrico,62,comment,sempre che si parli dei primi mesi di gravidanza (?),sempre che si parli dei primi mesi di gravidanza (?)
612742242a2593ed,enrico,Copia di example_final_Enrico,62,difficulty,3,3
612742242a2593ed,enrico,Copia di example_final_Enrico,62,scheme,example,YES
612742242a2593ed,enrico,Copia di example_final_Enrico,62,verdict,good_argumentation,no fallacy
62a34637fc59d7bd,enrico,ad hominem,72,scheme,ad_hominem,Ad Hominem
62a34637fc59d7bd,enrico,ad hominem,72,verdict,ad_hominem_abusive,Abusive
636106d3071316ac,enrico,Copia di cause_to_effect_Enrico,49,difficulty,4,4
636106d3071316ac,enrico,Copia di cause_to_effect_Enrico,49,scheme,cause_to_effect,Cause to effect
636106d3071316ac,enrico,Copia di cause_to_effect_Enrico,49,verdict,cherry_picking,Cherry picking
636106d3071316ac,enrico,cause_to_effect,49,scheme,cause_to_effect,YES
63b629eb6f7ef5c0,enrico,ad hominem,79,scheme,ad_hominem,Ad Hominem
63b629eb6f7ef5c0,enrico,ad hominem,79,verdict,ad_hominem_abusive,Abusive
63e340c8e7d6e44e,base,Annotazione Dumitru Analogy,83,starting_label,weak_analogy,weak analogy
63e340c8e7d6e44e,dumitru,Annotazione Dumitru Analogy,83,CQ1,yes,yes
63e340c8e7d6e44e,dumitru,Annotazione Dumitru Analogy,83,CQ1.1,no,no
63e340c8e7d6e44e,dumitru,Annotazione Dumitru Analogy,83,CQ2,yes,yes
63e340c8e7d6e44e,dumitru,Annotazione Dumitru Analogy,83,CQ3,yes,yes
63e340c8e7d6e44e,dumitru,Annotazione Dumitru Analogy,83,CQ4,no,no
63e340c8e7d6e44e,dumitru,Annotazione Dumitru Analogy,83,scheme,analogy,YES
63e340c8e7d6e44e,dumitru,Annotazione Dumitru Analogy,83,uncertainty,CQ3:SUBJ,CQ3:SUBJ
63e340c8e7d6e44e,dumitru,Annotazione Dumitru Analogy,83,verdict,weak_analogy,Weak Analogy
63e340c8e7d6e44e,base,Annotazione Dumitru Analogy,90,starting_label,weak_analogy,weak analogy
63e340c8e7d6e44e,dumitru,Annotazione Dumitru Analogy,90,CQ1,yes,yes
63e340c8e7d6e44e,dumitru,Annotazione Dumitru Analogy,90,CQ1.1,no,no
63e340c8e7d6e44e,dumitru,Annotazione Dumitru Analogy,90,CQ2,yes,yes
63e340c8e7d6e44e,dumitru,Annotazione Dumitru Analogy,90,CQ3,yes,yes
63e340c8e7d6e44e,dumitru,Annotazione Dumitru Analogy,90,CQ4,no,no
63e340c8e7d6e44e,dumitru,Annotazione Dumitru Analogy,90,scheme,analogy,YES
63e340c8e7d6e44e,dumitru,Annotazione Dumitru Analogy,90,uncertainty,CQ3:SUBJ,CQ3:SUBJ
63e340c8e7d6e44e,dumitru,Annotazione Dumitru Analogy,90,verdict,weak_analogy,Weak Analogy
63e340c8e7d6e44e,eleni,new_analogy,10,verdict,weak_analogy,weak analogy
63e340c8e7d6e44e,enrico,new_analogy,10,scheme,analogy,YES
63e340c8e7d6e44e,enrico,new_analogy,10,verdict,weak_analogy,weak analogy
63e340c8e7d6e44e,eleni,new_analogy,90,verdict,weak_analogy,weak analogy
63e340c8e7d6e44e,enrico,new_analogy,90,scheme,analogy,YES
63e340c8e7d6e44e,enrico,new_analogy,90,verdict,weak_analogy,weak analogy
64c142bad9047cbf,enrico,Copia di example_final_Enrico,12,difficulty,5,5
64c142bad9047cbf,enrico,Copia di example_final_Enrico,12,scheme,example,YES
64c142bad9047cbf,enrico,Copia di example_final_Enrico,12,verdict,good_argumentation,no fallacy
651bcd3ecc151320,enrico,Copia di example_final_Enrico,13,difficulty,2,2
651bcd3ecc151320,enrico,Copia di example_final_Enrico,13,scheme,example,YES
651bcd3ecc151320,enrico,Copia di example_final_Enrico,13,verdict,cherry_picking,Cherry picking
65f7fe9ddaca2673,enrico,Copia di hasty_generalization_E,24,scheme,example,Example
65f7fe9ddaca2673,enrico,Copia di hasty_generalization_E,24,verdict,hasty_generalization,hasty generalization
65f7fe9ddaca2673,base,hasty_generalization,24,starting_label,hasty_generalization,hasty generalization
660cc87d8b23242c,enrico,ad hominem,27,scheme,ad_hominem,Ad Hominem
660cc87d8b23242c,enrico,ad hominem,27,verdict,poisoning_the_well,Poisoning the Well
66a089cc5291d227,dumitru,Annotazione Dumitru Analogy,42,CQ1,no,no
66a089cc5291d227,dumitru,Annotazione Dumitru Analogy,42,CQ1.1,no,no
66a089cc5291d227,dumitru,Annotazione Dumitru Analogy,42,CQ2,yes,yes
66a089cc5291d227,dumitru,Annotazione Dumitru Analogy,42,CQ3,yes,yes
66a089cc5291d227,dumitru,Annotazione Dumitru Analogy,42,CQ4,no,no
66a089cc5291d227,dumitru,Annotazione Dumitru Analogy,42,scheme,analogy,YES
66a089cc5291d227,dumitru,Annotazione Dumitru Analogy,42,uncertainty,CQ1:SUBJ,CQ1:SUBJ
66a089cc5291d227,dumitru,Annotazione Dumitru Analogy,42,verdict,good_argumentation,Good Argumentation
66a089cc5291d227,eleni,new_analogy,58,scheme,analogy,YES
66a089cc5291d227,eleni,new_analogy,58,verdict,any_fallacy,YES
66a089cc5291d227,enrico,new_analogy,58,scheme,analogy,YES
66a089cc5291d227,enrico,new_analogy,58,verdict,weak_analogy,weak analogy
66ff844c59ea1f3b,dumitru,Annotazione Dumitru Analogy,18,CQ1,no,no
66ff844c59ea1f3b,dumitru,Annotazione Dumitru Analogy,18,CQ1.1,no,no
66ff844c59ea1f3b,dumitru,Annotazione Dumitru Analogy,18,CQ2,yes,yes
66ff844c59ea1f3b,dumitru,Annotazione Dumitru Analogy,18,CQ3,yes,yes
66ff844c59ea1f3b,dumitru,Annotazione Dumitru Analogy,18,CQ4,no,no
66ff844c59ea1f3b,dumitru,Annotazione Dumitru Analogy,18,scheme,analogy,YES
66ff844c59ea1f3b,dumitru,Annotazione Dumitru Analogy,18,uncertainty,CQ1:SUBJ,CQ1:SUBJ
66ff844c59ea1f3b,dumitru,Annotazione Dumitru Analogy,18,verdict,good_argumentation,Good Argumentation
66ff844c59ea1f3b,eleni,new_analogy,18,comment,Compare drugs to alcohol,Compare drugs to alcohol
66ff844c59ea1f3b,eleni,new_analogy,18,scheme,analogy,YES
66ff844c59ea1f3b,eleni,new_analogy,18,verdict,good_argumentation,NO
66ff844c59ea1f3b,enrico,new_analogy,18,scheme,analogy,YES
66ff844c59ea1f3b,enrico,new_analogy,18,verdict,good_argumentation,no
686a58b34900f285,enrico,Copia di hasty_generalization_E,92,scheme,none,none
686a58b34900f285,enrico,Copia di hasty_generalization_E,92,verdict,hasty_generalization,hasty generalization
686a58b34900f285,base,hasty_generalization,92,starting_label,hasty_generalization,Hasty Generalization
6870019ca4b5bd8c,base,Annotazione Dumitru Expert Opin,9,starting_label,appeal_to_authority,appeal to authority
6870019ca4b5bd8c,dumitru,Annotazione Dumitru Expert Opin,9,CQ1,yes,yes
6870019ca4b5bd8c,dumitru,Annotazione Dumitru Expert Opin,9,CQ2,yes,yes
6870019ca4b5bd8c,dumitru,Annotazione Dumitru Expert Opin,9,CQ3,yes,yes
6870019ca4b5bd8c,dumitru,Annotazione Dumitru Expert Opin,9,CQ3.1,yes,yes
6870019ca4b5bd8c,dumitru,Annotazione Dumitru Expert Opin,9,CQ4,yes,yes
6870019ca4b5bd8c,dumitru,Annotazione Dumitru Expert Opin,9,CQ4.1,yes,yes
6870019ca4b5bd8c,dumitru,Annotazione Dumitru Expert Opin,9,scheme,expert_opinion,YES
6870019ca4b5bd8c,dumitru,Annotazione Dumitru Expert Opin,9,uncertainty,CQ1:AMB;CQ4.1:SUBJ,CQ1:AMB;CQ4.1:SUBJ
6870019ca4b5bd8c,dumitru,Annotazione Dumitru Expert Opin,9,verdict,appeal_to_authority,Appeal to Authority
6870019ca4b5bd8c,eleni,new_expert_opinion,9,verdict,appeal_to_authority,appeal to authority
6870019ca4b5bd8c,enrico,new_expert_opinion,9,scheme,expert_opinion,YES
6870019ca4b5bd8c,enrico,new_expert_opinion,9,verdict,appeal_to_authority,appeal to authority
688021128a27befd,dumitru,Annotazione Dumitru Analogy,38,CQ1,yes,yes
688021128a27befd,dumitru,Annotazione Dumitru Analogy,38,CQ1.1,no,no
688021128a27befd,dumitru,Annotazione Dumitru Analogy,38,CQ2,yes,yes
688021128a27befd,dumitru,Annotazione Dumitru Analogy,38,CQ3,idk,idk
688021128a27befd,dumitru,Annotazione Dumitru Analogy,38,CQ4,yes,yes
688021128a27befd,dumitru,Annotazione Dumitru Analogy,38,note,pone l'eticità di C1 in forma ipotetica e non la asserisce.,pone l'eticità di C1 in forma ipotetica e non la asserisce.
688021128a27befd,dumitru,Annotazione Dumitru Analogy,38,scheme,analogy,YES
688021128a27befd,dumitru,Annotazione Dumitru Analogy,38,uncertainty,CQ1:DIFF;CQ4:DIFF,CQ1:DIFF;CQ4:DIFF
688021128a27befd,dumitru,Annotazione Dumitru Analogy,38,verdict,weak_analogy,Weak Analogy
688021128a27befd,eleni,new_analogy,51,scheme,analogy,YES
688021128a27befd,eleni,new_analogy,51,verdict,any_fallacy,YES
688021128a27befd,enrico,new_analogy,51,scheme,analogy,YES
688021128a27befd,enrico,new_analogy,51,verdict,weak_analogy,weak analogy
68b18011d9fcd403,base,Slippery slope,79,starting_label,slippery_slope,slippery slope
68edefa2dc788a16,dumitru,Annotazione Dumitru Expert Opin,37,CQ1,yes,yes
68edefa2dc788a16,dumitru,Annotazione Dumitru Expert Opin,37,CQ2,no,no
68edefa2dc788a16,dumitru,Annotazione Dumitru Expert Opin,37,CQ3,yes,yes
68edefa2dc788a16,dumitru,Annotazione Dumitru Expert Opin,37,CQ3.1,yes,yes
68edefa2dc788a16,dumitru,Annotazione Dumitru Expert Opin,37,CQ4,no,no
68edefa2dc788a16,dumitru,Annotazione Dumitru Expert Opin,37,CQ4.1,yes,yes
68edefa2dc788a16,dumitru,Annotazione Dumitru Expert Opin,37,scheme,expert_opinion,YES
68edefa2dc788a16,dumitru,Annotazione Dumitru Expert Opin,37,verdict,good_argumentation,Good Argumentation
68edefa2dc788a16,eleni,new_expert_opinion,37,comment,No factual evidence,No factual evidence
68edefa2dc788a16,eleni,new_expert_opinion,37,scheme,expert_opinion,YES
68edefa2dc788a16,eleni,new_expert_opinion,37,verdict,any_fallacy,YES
68edefa2dc788a16,enrico,new_expert_opinion,37,comment,"è un campo in cui ci sono molte teorie e non c'è assoluto accordo. sebbene non condivisibile e non rappresenti un'argoemtnezione schiacciante, non mi pare neanche fallace","è un campo in cui ci sono molte teorie e non c'è assoluto accordo. sebbene non condivisibile e non rappresenti un'argoemtnezione schiacciante, non mi pare neanche fallace"
68edefa2dc788a16,enrico,new_expert_opinion,37,scheme,expert_opinion,YES
68edefa2dc788a16,enrico,new_expert_opinion,37,verdict,good_argumentation,no
68f61a7a8b5128dc,enrico,Copia di hasty_generalization_E,12,scheme,none,none
68f61a7a8b5128dc,enrico,Copia di hasty_generalization_E,12,verdict,hasty_generalization,hasty generalization
68f61a7a8b5128dc,base,hasty_generalization,12,starting_label,hasty_generalization,hasty generalization
691cca91c94af85d,enrico,Copia di new_ad_populum_Enrico,99,difficulty,2,2
691cca91c94af85d,enrico,Copia di new_ad_populum_Enrico,99,scheme,popular_opinion,YES
691cca91c94af85d,enrico,Copia di new_ad_populum_Enrico,99,verdict,ad_populum,ad populum
691cca91c94af85d,base,new_ad_populum,99,starting_label,ad_populum,ad populum
69664e96c7c07ca6,base,Slippery slope,10,starting_label,slippery_slope,slippery slope
69a105e15b5c143a,dumitru,Annotazione Dumitru Analogy,40,CQ1,no,no
69a105e15b5c143a,dumitru,Annotazione Dumitru Analogy,40,CQ1.1,yes,yes
69a105e15b5c143a,dumitru,Annotazione Dumitru Analogy,40,CQ2,no,no
69a105e15b5c143a,dumitru,Annotazione Dumitru Analogy,40,CQ3,yes,yes
69a105e15b5c143a,dumitru,Annotazione Dumitru Analogy,40,CQ4,no,no
69a105e15b5c143a,dumitru,Annotazione Dumitru Analogy,40,scheme,analogy,YES
69a105e15b5c143a,dumitru,Annotazione Dumitru Analogy,40,uncertainty,CQ1.1:AMB,CQ1.1:AMB
69a105e15b5c143a,dumitru,Annotazione Dumitru Analogy,40,verdict,appeal_to_extremes,Appeal to Extremes
69a105e15b5c143a,eleni,new_analogy,5,comment,Comparing killing to create an agi,Comparing killing to create an agi
69a105e15b5c143a,eleni,new_analogy,5,scheme,analogy,YES
69a105e15b5c143a,eleni,new_analogy,5,verdict,any_fallacy,YES
69a105e15b5c143a,enrico,new_analogy,5,comment,strumentale,strumentale
69a105e15b5c143a,enrico,new_analogy,5,exit_cq,CQ1,CQ1
69a105e15b5c143a,enrico,new_analogy,5,scheme,analogy,YES
69a105e15b5c143a,enrico,new_analogy,5,verdict,appeal_to_extremes,Appeal to Extremes
69b2fe249eca36f7,enrico,Copia di new_ad_populum_Enrico,91,difficulty,2,2
69b2fe249eca36f7,enrico,Copia di new_ad_populum_Enrico,91,scheme,popular_opinion,YES
69b2fe249eca36f7,enrico,Copia di new_ad_populum_Enrico,91,verdict,ad_populum,ad populum
69b2fe249eca36f7,base,new_ad_populum,91,starting_label,ad_populum,ad populum
69ed844981cff591,enrico,ad hominem,25,scheme,ad_hominem,Ad Hominem
69ed844981cff591,enrico,ad hominem,25,verdict,ad_hominem_tu_quoque,Tu Quoque
6a72e8cca08dd861,base,Annotazione Dumitru Expert Opin,91,starting_label,irrelevant_authority,false authority
6a72e8cca08dd861,dumitru,Annotazione Dumitru Expert Opin,91,CQ1,no,no
6a72e8cca08dd861,dumitru,Annotazione Dumitru Expert Opin,91,CQ2,yes,yes
6a72e8cca08dd861,dumitru,Annotazione Dumitru Expert Opin,91,CQ3,yes,yes
6a72e8cca08dd861,dumitru,Annotazione Dumitru Expert Opin,91,CQ3.1,yes,yes
6a72e8cca08dd861,dumitru,Annotazione Dumitru Expert Opin,91,CQ4,no,no
6a72e8cca08dd861,dumitru,Annotazione Dumitru Expert Opin,91,CQ4.1,yes,yes
6a72e8cca08dd861,dumitru,Annotazione Dumitru Expert Opin,91,scheme,expert_opinion,YES
6a72e8cca08dd861,dumitru,Annotazione Dumitru Expert Opin,91,verdict,irrelevant_authority,Irrelevant Authority
6a72e8cca08dd861,eleni,new_expert_opinion,91,verdict,irrelevant_authority,false authority
6a72e8cca08dd861,enrico,new_expert_opinion,91,comment,difficile capire se è davvero presa come autorità,difficile capire se è davvero presa come autorità
6a72e8cca08dd861,enrico,new_expert_opinion,91,scheme,idk,SNI
6a72e8cca08dd861,enrico,new_expert_opinion,91,verdict,irrelevant_authority,false authority
6b1f87d8d74427aa,enrico,Copia di cause_to_effect_Enrico,16,difficulty,1,1
6b1f87d8d74427aa,enrico,Copia di cause_to_effect_Enrico,16,scheme,cause_to_effect,Cause to effect
6b1f87d8d74427aa,enrico,Copia di cause_to_effect_Enrico,16,verdict,good_argumentation,no fallacy
6b1f87d8d74427aa,enrico,cause_to_effect,16,scheme,cause_to_effect,YES
6b5f9d479f1a362f,dumitru,Annotazione Dumitru Analogy,30,CQ1,no,no
6b5f9d479f1a362f,dumitru,Annotazione Dumitru Analogy,30,CQ1.1,no,no
6b5f9d479f1a362f,dumitru,Annotazione Dumitru Analogy,30,CQ2,yes,yes
6b5f9d479f1a362f,dumitru,Annotazione Dumitru Analogy,30,CQ3,yes,yes
6b5f9d479f1a362f,dumitru,Annotazione Dumitru Analogy,30,CQ4,no,no
6b5f9d479f1a362f,dumitru,Annotazione Dumitru Analogy,30,scheme,analogy,YES
6b5f9d479f1a362f,dumitru,Annotazione Dumitru Analogy,30,uncertainty,CQ1:SUBJ,CQ1:SUBJ
6b5f9d479f1a362f,dumitru,Annotazione Dumitru Analogy,30,verdict,good_argumentation,Good Argumentation
6b5f9d479f1a362f,eleni,new_analogy,42,scheme,analogy,YES
6b5f9d479f1a362f,eleni,new_analogy,42,verdict,any_fallacy,YES
6b5f9d479f1a362f,enrico,new_analogy,42,scheme,analogy,YES
6b5f9d479f1a362f,enrico,new_analogy,42,verdict,weak_analogy,weak analogy
6b7095f6c067f141,dumitru,Annotazione Dumitru Analogy,24,CQ1,yes,yes
6b7095f6c067f141,dumitru,Annotazione Dumitru Analogy,24,CQ1.1,no,no
6b7095f6c067f141,dumitru,Annotazione Dumitru Analogy,24,CQ2,yes,yes
6b7095f6c067f141,dumitru,Annotazione Dumitru Analogy,24,CQ3,yes,yes
6b7095f6c067f141,dumitru,Annotazione Dumitru Analogy,24,CQ4,no,no
6b7095f6c067f141,dumitru,Annotazione Dumitru Analogy,24,scheme,analogy,YES
6b7095f6c067f141,dumitru,Annotazione Dumitru Analogy,24,uncertainty,CQ1.1:AMB,CQ1.1:AMB
6b7095f6c067f141,dumitru,Annotazione Dumitru Analogy,24,verdict,weak_analogy,Weak Analogy
6b7095f6c067f141,eleni,new_analogy,24,scheme,analogy,YES
6b7095f6c067f141,eleni,new_analogy,24,verdict,any_fallacy,YES
6b7095f6c067f141,enrico,new_analogy,24,comment,paradosso del sorite,paradosso del sorite
6b7095f6c067f141,enrico,new_analogy,24,scheme,analogy,YES
6b7095f6c067f141,enrico,new_analogy,24,verdict,idk,?
6b7095f6c067f141,unknown,new_analogy,24,doubt,f,f
6c04b6b62c0738dd,enrico,Copia di new_ad_populum_Enrico,76,difficulty,2,2
6c04b6b62c0738dd,enrico,Copia di new_ad_populum_Enrico,76,scheme,popular_opinion,YES
6c04b6b62c0738dd,enrico,Copia di new_ad_populum_Enrico,76,verdict,ad_populum,ad populum
6c04b6b62c0738dd,base,new_ad_populum,76,starting_label,ad_populum,ad populum
6c24c50ffa84f87d,enrico,Copia di cause_to_effect_Enrico,33,difficulty,2,2
6c24c50ffa84f87d,enrico,Copia di cause_to_effect_Enrico,33,scheme,cause_to_effect,Cause to effect
6c24c50ffa84f87d,enrico,Copia di cause_to_effect_Enrico,33,verdict,cherry_picking,Cherry picking
6c24c50ffa84f87d,enrico,cause_to_effect,33,scheme,cause_to_effect,YES
6c75e4f0d6de2257,enrico,Copia di new_ad_populum_Enrico,120,difficulty,1,1
6c75e4f0d6de2257,enrico,Copia di new_ad_populum_Enrico,120,scheme,popular_opinion,YES
6c75e4f0d6de2257,enrico,Copia di new_ad_populum_Enrico,120,verdict,ad_populum,ad populum
6c75e4f0d6de2257,base,new_ad_populum,120,starting_label,ad_populum,ad populum
6cc4f28e462c829a,base,Annotazione Dumitru Expert Opin,116,starting_label,strawman,straw man
6cc4f28e462c829a,dumitru,Annotazione Dumitru Expert Opin,116,CQ1,yes,yes
6cc4f28e462c829a,dumitru,Annotazione Dumitru Expert Opin,116,CQ2,no,no
6cc4f28e462c829a,dumitru,Annotazione Dumitru Expert Opin,116,CQ3,no,no
6cc4f28e462c829a,dumitru,Annotazione Dumitru Expert Opin,116,CQ3.1,yes,yes
6cc4f28e462c829a,dumitru,Annotazione Dumitru Expert Opin,116,CQ4,yes,yes
6cc4f28e462c829a,dumitru,Annotazione Dumitru Expert Opin,116,CQ4.1,yes,yes
6cc4f28e462c829a,dumitru,Annotazione Dumitru Expert Opin,116,scheme,expert_opinion,YES
6cc4f28e462c829a,dumitru,Annotazione Dumitru Expert Opin,116,uncertainty,CQ1:AMB;CQ2:AMB;CQ4.1:AMB,CQ1:AMB;CQ2:AMB;CQ4.1:AMB
6cc4f28e462c829a,dumitru,Annotazione Dumitru Expert Opin,116,verdict,strawman,Strawman
6cc4f28e462c829a,eleni,new_expert_opinion,116,verdict,strawman,straw man
6cc4f28e462c829a,enrico,new_expert_opinion,116,scheme,expert_opinion,YES
6cc4f28e462c829a,enrico,new_expert_opinion,116,verdict,strawman,straw man
6cd1bbc92769446a,base,Annotazione Dumitru Analogy,93,starting_label,cherry_picking,cherry picking
6cd1bbc92769446a,dumitru,Annotazione Dumitru Analogy,93,CQ1,na,na
6cd1bbc92769446a,dumitru,Annotazione Dumitru Analogy,93,CQ1.1,na,na
6cd1bbc92769446a,dumitru,Annotazione Dumitru Analogy,93,CQ2,na,na
6cd1bbc92769446a,dumitru,Annotazione Dumitru Analogy,93,CQ3,na,na
6cd1bbc92769446a,dumitru,Annotazione Dumitru Analogy,93,CQ4,na,na
6cd1bbc92769446a,dumitru,Annotazione Dumitru Analogy,93,scheme,none,NO
6cd1bbc92769446a,eleni,new_analogy,93,verdict,cherry_picking,cherry picking
6cd1bbc92769446a,enrico,new_analogy,93,scheme,none,NO
6cd1bbc92769446a,enrico,new_analogy,93,verdict,cherry_picking,cherry picking
6d949919e5e188c1,enrico,Copia di hasty_generalization_E,47,scheme,none,none
6d949919e5e188c1,enrico,Copia di hasty_generalization_E,47,verdict,hasty_generalization,hasty generalization
6d949919e5e188c1,base,hasty_generalization,47,starting_label,hasty_generalization,hasty generalization
6d98a6845362e81b,enrico,ad hominem,55,scheme,ad_hominem,Ad Hominem
6d98a6845362e81b,enrico,ad hominem,55,verdict,ad_hominem_abusive,Abusive
6ecaa4492d97fa85,enrico,Copia di hasty_generalization_E,39,scheme,example,Example
6ecaa4492d97fa85,enrico,Copia di hasty_generalization_E,39,verdict,hasty_generalization,hasty generalization
6ecaa4492d97fa85,base,hasty_generalization,39,starting_label,hasty_generalization,hasty generalization
6f194f110c8cfd1a,base,Annotazione Dumitru Expert Opin,120,starting_label,strawman,straw man
6f194f110c8cfd1a,dumitru,Annotazione Dumitru Expert Opin,120,CQ1,yes,yes
6f194f110c8cfd1a,dumitru,Annotazione Dumitru Expert Opin,120,CQ2,no,no
6f194f110c8cfd1a,dumitru,Annotazione Dumitru Expert Opin,120,CQ3,no,no
6f194f110c8cfd1a,dumitru,Annotazione Dumitru Expert Opin,120,CQ3.1,yes,yes
6f194f110c8cfd1a,dumitru,Annotazione Dumitru Expert Opin,120,CQ4,yes,yes
6f194f110c8cfd1a,dumitru,Annotazione Dumitru Expert Opin,120,CQ4.1,yes,yes
6f194f110c8cfd1a,dumitru,Annotazione Dumitru Expert Opin,120,scheme,expert_opinion,YES
6f194f110c8cfd1a,dumitru,Annotazione Dumitru Expert Opin,120,uncertainty,CQ1:AMB;CQ2:AMB;CQ4.1:AMB,CQ1:AMB;CQ2:AMB;CQ4.1:AMB
6f194f110c8cfd1a,dumitru,Annotazione Dumitru Expert Opin,120,verdict,strawman,Strawman
6f194f110c8cfd1a,eleni,new_expert_opinion,120,verdict,strawman,straw man
6f194f110c8cfd1a,enrico,new_expert_opinion,120,scheme,none,NO
6f194f110c8cfd1a,enrico,new_expert_opinion,120,verdict,strawman,straw man
6fa43436de93ae76,base,Annotazione Dumitru Expert Opin,87,starting_label,irrelevant_authority,false authority
6fa43436de93ae76,dumitru,Annotazione Dumitru Expert Opin,87,CQ1,idk,idk
6fa43436de93ae76,dumitru,Annotazione Dumitru Expert Opin,87,CQ2,yes,yes
6fa43436de93ae76,dumitru,Annotazione Dumitru Expert Opin,87,CQ3,yes,yes
6fa43436de93ae76,dumitru,Annotazione Dumitru Expert Opin,87,CQ3.1,yes,yes
6fa43436de93ae76,dumitru,Annotazione Dumitru Expert Opin,87,CQ4,yes,yes
6fa43436de93ae76,dumitru,Annotazione Dumitru Expert Opin,87,CQ4.1,no,no
6fa43436de93ae76,dumitru,Annotazione Dumitru Expert Opin,87,note,l'identità e il dominio di S dipendono da un contesto assente dal testo.,l'identità e il dominio di S dipendono da un contesto assente dal testo.
6fa43436de93ae76,dumitru,Annotazione Dumitru Expert Opin,87,scheme,expert_opinion,YES
6fa43436de93ae76,dumitru,Annotazione Dumitru Expert Opin,87,verdict,idk,indeterminato
6fa43436de93ae76,eleni,new_expert_opinion,87,verdict,irrelevant_authority,false authority
6fa43436de93ae76,enrico,new_expert_opinion,87,scheme,expert_opinion,YES
6fa43436de93ae76,enrico,new_expert_opinion,87,verdict,irrelevant_authority,false authority
6faa731376fcbff2,enrico,ad hominem,5,scheme,ad_hominem,Ad Hominem
6faa731376fcbff2,enrico,ad hominem,5,verdict,poisoning_the_well,Poisoning the Well
6fb91cb4d62c140c,enrico,ad hominem,4,scheme,ad_hominem,Ad Hominem
6fb91cb4d62c140c,enrico,ad hominem,4,verdict,ad_hominem_tu_quoque,Tu Quoque
70696891b482eab2,enrico,Copia di cause_to_effect_Enrico,69,scheme,none,NO
70696891b482eab2,enrico,Copia di cause_to_effect_Enrico,69,verdict,false_cause,false causality
70696891b482eab2,base,cause_to_effect,69,starting_label,false_cause,false causality
71663118e8c33fbf,enrico,Copia di new_ad_populum_Enrico,90,comment,non c'è nessuna tesi,non c'è nessuna tesi
71663118e8c33fbf,enrico,Copia di new_ad_populum_Enrico,90,difficulty,3,3
71663118e8c33fbf,enrico,Copia di new_ad_populum_Enrico,90,scheme,idk,?
71663118e8c33fbf,enrico,Copia di new_ad_populum_Enrico,90,verdict,ad_populum,ad populum
71663118e8c33fbf,base,new_ad_populum,90,starting_label,ad_populum,ad populum
719252b57dca6de0,enrico,Copia di cause_to_effect_Enrico,10,difficulty,1,1
719252b57dca6de0,enrico,Copia di cause_to_effect_Enrico,10,scheme,cause_to_effect,Cause to effect
719252b57dca6de0,enrico,Copia di cause_to_effect_Enrico,10,verdict,good_argumentation,no fallacy
719252b57dca6de0,enrico,cause_to_effect,10,scheme,cause_to_effect,YES
71f774dfd2843adb,enrico,ad hominem,76,scheme,ad_hominem,Ad Hominem
71f774dfd2843adb,enrico,ad hominem,76,verdict,ad_hominem_circumstantial,Circumstantial
721cbb833b17c401,base,Annotazione Dumitru Expert Opin,104,starting_label,strawman,straw man
721cbb833b17c401,dumitru,Annotazione Dumitru Expert Opin,104,CQ1,yes,yes
721cbb833b17c401,dumitru,Annotazione Dumitru Expert Opin,104,CQ2,no,no
721cbb833b17c401,dumitru,Annotazione Dumitru Expert Opin,104,CQ3,no,no
721cbb833b17c401,dumitru,Annotazione Dumitru Expert Opin,104,CQ3.1,yes,yes
721cbb833b17c401,dumitru,Annotazione Dumitru Expert Opin,104,CQ4,no,no
721cbb833b17c401,dumitru,Annotazione Dumitru Expert Opin,104,CQ4.1,yes,yes
721cbb833b17c401,dumitru,Annotazione Dumitru Expert Opin,104,scheme,expert_opinion,YES
721cbb833b17c401,dumitru,Annotazione Dumitru Expert Opin,104,uncertainty,CQ1:SUBJ;CQ2:AMB,CQ1:SUBJ;CQ2:AMB
721cbb833b17c401,dumitru,Annotazione Dumitru Expert Opin,104,verdict,strawman,Strawman
721cbb833b17c401,eleni,new_expert_opinion,104,verdict,strawman,straw man
721cbb833b17c401,enrico,new_expert_opinion,104,comment,dichiarazione senza conclusione,dichiarazione senza conclusione
721cbb833b17c401,enrico,new_expert_opinion,104,scheme,expert_opinion,YES
721cbb833b17c401,enrico,new_expert_opinion,104,verdict,strawman,straw man
721cbb833b17c401,unknown,new_expert_opinion,104,doubt,x,x
726fc0dc6c7b74a1,enrico,Copia di example_final_Enrico,26,difficulty,3,3
726fc0dc6c7b74a1,enrico,Copia di example_final_Enrico,26,scheme,example,YES
726fc0dc6c7b74a1,enrico,Copia di example_final_Enrico,26,verdict,weak_analogy,Weak analogy
728ef9fb532df68f,enrico,Copia di new_ad_populum_Enrico,139,difficulty,4,4
728ef9fb532df68f,enrico,Copia di new_ad_populum_Enrico,139,scheme,idk,?
728ef9fb532df68f,enrico,Copia di new_ad_populum_Enrico,139,verdict,appeal_to_tradition,appeal to tradition
728ef9fb532df68f,base,new_ad_populum,139,starting_label,appeal_to_tradition,appeal to tradition
72e2e48beda30f6b,enrico,Copia di new_ad_populum_Enrico,33,difficulty,2,2
72e2e48beda30f6b,enrico,Copia di new_ad_populum_Enrico,33,scheme,popular_opinion,YES
72e2e48beda30f6b,enrico,Copia di new_ad_populum_Enrico,33,verdict,ad_populum,ad populum
72e2e48beda30f6b,enrico,new_ad_populum,33,scheme,popular_opinion,YES
73c05e299601dd47,enrico,Copia di hasty_generalization_E,19,scheme,none,none
73c05e299601dd47,enrico,Copia di hasty_generalization_E,19,verdict,hasty_generalization,hasty generalization
73c05e299601dd47,base,hasty_generalization,19,starting_label,hasty_generalization,hasty generalization
73dce316e02719e3,base,Slippery slope,82,starting_label,slippery_slope,slippery slope
7424f04767d8a7c3,enrico,Copia di new_ad_populum_Enrico,20,difficulty,2,2
7424f04767d8a7c3,enrico,Copia di new_ad_populum_Enrico,20,scheme,popular_opinion,YES
7424f04767d8a7c3,enrico,Copia di new_ad_populum_Enrico,20,verdict,ad_populum,ad populum
7424f04767d8a7c3,enrico,new_ad_populum,20,scheme,popular_opinion,YES
747427041250b7f0,dumitru,Annotazione Dumitru Analogy,55,CQ1,yes,yes
747427041250b7f0,dumitru,Annotazione Dumitru Analogy,55,CQ1.1,no,no
747427041250b7f0,dumitru,Annotazione Dumitru Analogy,55,CQ2,yes,yes
747427041250b7f0,dumitru,Annotazione Dumitru Analogy,55,CQ3,yes,yes
747427041250b7f0,dumitru,Annotazione Dumitru Analogy,55,CQ4,no,no
747427041250b7f0,dumitru,Annotazione Dumitru Analogy,55,scheme,analogy,YES
747427041250b7f0,dumitru,Annotazione Dumitru Analogy,55,uncertainty,CQ1:AMB,CQ1:AMB
747427041250b7f0,dumitru,Annotazione Dumitru Analogy,55,verdict,weak_analogy,Weak Analogy
747427041250b7f0,eleni,new_analogy,67,scheme,analogy,YES
747427041250b7f0,eleni,new_analogy,67,verdict,any_fallacy,YES
747427041250b7f0,enrico,new_analogy,67,comment,chiudere la casa non porta una violazione di privacy o libertà,chiudere la casa non porta una violazione di privacy o libertà
747427041250b7f0,enrico,new_analogy,67,scheme,analogy,YES
747427041250b7f0,enrico,new_analogy,67,verdict,weak_analogy,weak analogy
748ff3b541dae332,enrico,Copia di new_ad_populum_Enrico,58,comment,"ammissione di possibile errore, ma il fatto che tutti lo facciano non prova alcunché","ammissione di possibile errore, ma il fatto che tutti lo facciano non prova alcunché"
748ff3b541dae332,enrico,Copia di new_ad_populum_Enrico,58,difficulty,4,4
748ff3b541dae332,enrico,Copia di new_ad_populum_Enrico,58,scheme,popular_opinion,YES
748ff3b541dae332,enrico,Copia di new_ad_populum_Enrico,58,verdict,ad_populum,ad populum
748ff3b541dae332,enrico,new_ad_populum,58,scheme,popular_opinion,YES
74cd5204be4e2993,enrico,ad hominem,31,scheme,ad_hominem,Ad Hominem
74cd5204be4e2993,enrico,ad hominem,31,verdict,poisoning_the_well,Poisoning the Well
74fb573039aeaf58,enrico,Copia di cause_to_effect_Enrico,74,scheme,cause_to_effect,Cause to effect
74fb573039aeaf58,enrico,Copia di cause_to_effect_Enrico,74,verdict,post_hoc,post hoc
74fb573039aeaf58,base,cause_to_effect,74,starting_label,false_cause,false causality
74fe698264cfc153,base,Slippery slope,77,starting_label,slippery_slope,slippery slope
75511a9aebdfc9da,enrico,ad hominem,53,scheme,ad_hominem,Ad Hominem
75511a9aebdfc9da,enrico,ad hominem,53,verdict,ad_hominem_abusive,Abusive
75de21b074c9b79a,enrico,ad hominem,9,scheme,ad_hominem,Ad Hominem
75de21b074c9b79a,enrico,ad hominem,9,verdict,ad_hominem_abusive,Abusive
763eb769cb4e307b,enrico,ad hominem,68,scheme,ad_hominem,Ad Hominem
763eb769cb4e307b,enrico,ad hominem,68,verdict,ad_hominem_guilt_by_association,Guilt by Association
76b301ffee1e6283,base,Annotazione Dumitru Expert Opin,6,starting_label,appeal_to_authority,appeal to authority
76b301ffee1e6283,dumitru,Annotazione Dumitru Expert Opin,6,CQ1,yes,yes
76b301ffee1e6283,dumitru,Annotazione Dumitru Expert Opin,6,CQ2,idk,idk
76b301ffee1e6283,dumitru,Annotazione Dumitru Expert Opin,6,CQ3,yes,yes
76b301ffee1e6283,dumitru,Annotazione Dumitru Expert Opin,6,CQ3.1,yes,yes
76b301ffee1e6283,dumitru,Annotazione Dumitru Expert Opin,6,CQ4,yes,yes
76b301ffee1e6283,dumitru,Annotazione Dumitru Expert Opin,6,CQ4.1,no,no
76b301ffee1e6283,dumitru,Annotazione Dumitru Expert Opin,6,note,A non è esplicita,A non è esplicita
76b301ffee1e6283,dumitru,Annotazione Dumitru Expert Opin,6,scheme,expert_opinion,YES
76b301ffee1e6283,dumitru,Annotazione Dumitru Expert Opin,6,uncertainty,CQ1:AMB,CQ1:AMB
76b301ffee1e6283,dumitru,Annotazione Dumitru Expert Opin,6,verdict,idk,indeterminato
76b301ffee1e6283,eleni,new_expert_opinion,6,verdict,appeal_to_authority,appeal to authority
76b301ffee1e6283,enrico,new_expert_opinion,6,comment,GOOD ARG?,GOOD ARG?
76b301ffee1e6283,enrico,new_expert_opinion,6,scheme,none,NO
76b301ffee1e6283,enrico,new_expert_opinion,6,verdict,appeal_to_authority,appeal to authority
76b301ffee1e6283,unknown,new_expert_opinion,6,doubt,s,s
76bba823c20db0dd,enrico,Copia di example_final_Enrico,44,difficulty,2,2
76bba823c20db0dd,enrico,Copia di example_final_Enrico,44,scheme,example,YES
76bba823c20db0dd,enrico,Copia di example_final_Enrico,44,verdict,cherry_picking,Cherry picking
77efcc8b61d3fd3b,enrico,Copia di new_ad_populum_Enrico,104,difficulty,2,2
77efcc8b61d3fd3b,enrico,Copia di new_ad_populum_Enrico,104,scheme,popular_opinion,YES
77efcc8b61d3fd3b,enrico,Copia di new_ad_populum_Enrico,104,verdict,ad_populum,ad populum
77efcc8b61d3fd3b,base,new_ad_populum,104,starting_label,ad_populum,ad populum
7818ac595e113b52,enrico,ad hominem,92,scheme,ad_hominem,Ad Hominem
7818ac595e113b52,enrico,ad hominem,92,verdict,poisoning_the_well,Poisoning the Well
785b9f73ff215102,enrico,ad hominem,81,scheme,ad_hominem,Ad Hominem
785b9f73ff215102,enrico,ad hominem,81,verdict,ad_hominem_guilt_by_association,Guilt by Association
7889ff5843deedd7,base,Slippery slope,7,starting_label,slippery_slope,slippery slope
78adfea23273bc01,enrico,Copia di new_ad_populum_Enrico,59,difficulty,1,1
78adfea23273bc01,enrico,Copia di new_ad_populum_Enrico,59,scheme,popular_opinion,YES
78adfea23273bc01,enrico,Copia di new_ad_populum_Enrico,59,verdict,ad_populum,ad populum
78adfea23273bc01,enrico,new_ad_populum,59,scheme,popular_opinion,YES
78da367b4dda2164,enrico,ad hominem,42,scheme,ad_hominem,Ad Hominem
78da367b4dda2164,enrico,ad hominem,42,verdict,ad_hominem_abusive,Abusive
78ea2b30ba96571c,base,Slippery slope,9,starting_label,slippery_slope,slippery slope
7a40876b50823239,dumitru,Annotazione Dumitru Analogy,21,CQ1,yes,yes
7a40876b50823239,dumitru,Annotazione Dumitru Analogy,21,CQ1.1,no,no
7a40876b50823239,dumitru,Annotazione Dumitru Analogy,21,CQ2,yes,yes
7a40876b50823239,dumitru,Annotazione Dumitru Analogy,21,CQ3,yes,yes
7a40876b50823239,dumitru,Annotazione Dumitru Analogy,21,CQ4,yes,yes
7a40876b50823239,dumitru,Annotazione Dumitru Analogy,21,scheme,analogy,YES
7a40876b50823239,dumitru,Annotazione Dumitru Analogy,21,uncertainty,CQ1:SUBJ;CQ4:DIFF,CQ1:SUBJ;CQ4:DIFF
7a40876b50823239,dumitru,Annotazione Dumitru Analogy,21,verdict,weak_analogy,Weak Analogy
7a40876b50823239,eleni,new_analogy,21,comment,ONLY for this reason,ONLY for this reason
7a40876b50823239,eleni,new_analogy,21,scheme,analogy,YES
7a40876b50823239,eleni,new_analogy,21,verdict,good_argumentation,NO
7a40876b50823239,enrico,new_analogy,21,scheme,analogy,YES
7a40876b50823239,enrico,new_analogy,21,verdict,good_argumentation,no
7ad1b2c593c72fea,enrico,ad hominem,65,scheme,ad_hominem,Ad Hominem
7ad1b2c593c72fea,enrico,ad hominem,65,verdict,ad_hominem_tu_quoque,Tu Quoque
7af7ab1f0907cdee,enrico,Copia di new_ad_populum_Enrico,35,difficulty,2,2
7af7ab1f0907cdee,enrico,Copia di new_ad_populum_Enrico,35,scheme,popular_opinion,YES
7af7ab1f0907cdee,enrico,Copia di new_ad_populum_Enrico,35,verdict,ad_populum,ad populum
7af7ab1f0907cdee,enrico,new_ad_populum,35,scheme,popular_opinion,YES
7b51c61ab2d59c16,enrico,Copia di new_ad_populum_Enrico,108,difficulty,1,1
7b51c61ab2d59c16,enrico,Copia di new_ad_populum_Enrico,108,scheme,popular_opinion,YES
7b51c61ab2d59c16,enrico,Copia di new_ad_populum_Enrico,108,verdict,ad_populum,ad populum
7b51c61ab2d59c16,base,new_ad_populum,108,starting_label,ad_populum,ad populum
7bc11f1cd039ea78,base,Annotazione Dumitru Expert Opin,47,starting_label,appeal_to_authority,appeal to authority
7bc11f1cd039ea78,dumitru,Annotazione Dumitru Expert Opin,47,CQ1,yes,yes
7bc11f1cd039ea78,dumitru,Annotazione Dumitru Expert Opin,47,CQ2,yes,yes
7bc11f1cd039ea78,dumitru,Annotazione Dumitru Expert Opin,47,CQ3,yes,yes
7bc11f1cd039ea78,dumitru,Annotazione Dumitru Expert Opin,47,CQ3.1,yes,yes
7bc11f1cd039ea78,dumitru,Annotazione Dumitru Expert Opin,47,CQ4,no,no
7bc11f1cd039ea78,dumitru,Annotazione Dumitru Expert Opin,47,CQ4.1,yes,yes
7bc11f1cd039ea78,dumitru,Annotazione Dumitru Expert Opin,47,scheme,expert_opinion,YES
7bc11f1cd039ea78,dumitru,Annotazione Dumitru Expert Opin,47,uncertainty,CQ2:AMB,CQ2:AMB
7bc11f1cd039ea78,dumitru,Annotazione Dumitru Expert Opin,47,verdict,appeal_to_authority,Appeal to Authority
7bc11f1cd039ea78,eleni,new_expert_opinion,47,verdict,appeal_to_authority,appeal to authority
7bc11f1cd039ea78,enrico,new_expert_opinion,47,scheme,none,NO
7bc11f1cd039ea78,enrico,new_expert_opinion,47,verdict,appeal_to_authority,appeal to authority
7be5f42de57ed6a6,base,Slippery slope,29,starting_label,slippery_slope,slippery slope
7bf82c8cc1403e2e,enrico,ad hominem,41,scheme,ad_hominem,Ad Hominem
7bf82c8cc1403e2e,enrico,ad hominem,41,verdict,ad_hominem_abusive,Abusive
7c6d573b89c5dcaf,base,Slippery slope,73,starting_label,slippery_slope,slippery slope
7c92b76b16d4ca82,dumitru,Annotazione Dumitru Expert Opin,56,CQ1,yes,yes
7c92b76b16d4ca82,dumitru,Annotazione Dumitru Expert Opin,56,CQ2,no,no
7c92b76b16d4ca82,dumitru,Annotazione Dumitru Expert Opin,56,CQ3,yes,yes
7c92b76b16d4ca82,dumitru,Annotazione Dumitru Expert Opin,56,CQ3.1,yes,yes
7c92b76b16d4ca82,dumitru,Annotazione Dumitru Expert Opin,56,CQ4,yes,yes
7c92b76b16d4ca82,dumitru,Annotazione Dumitru Expert Opin,56,CQ4.1,no,no
7c92b76b16d4ca82,dumitru,Annotazione Dumitru Expert Opin,56,scheme,expert_opinion,YES
7c92b76b16d4ca82,dumitru,Annotazione Dumitru Expert Opin,56,uncertainty,CQ1:AMB;CQ4:AMB;CQ4.1:SUBJ,CQ1:AMB;CQ4:AMB;CQ4.1:SUBJ
7c92b76b16d4ca82,dumitru,Annotazione Dumitru Expert Opin,56,verdict,non_sequitur,Non Sequitur
7c92b76b16d4ca82,eleni,new_expert_opinion,56,scheme,expert_opinion,YES
7c92b76b16d4ca82,eleni,new_expert_opinion,56,verdict,good_argumentation,NO
7c92b76b16d4ca82,enrico,new_expert_opinion,56,scheme,expert_opinion,YES
7c92b76b16d4ca82,enrico,new_expert_opinion,56,verdict,good_argumentation,no
7ca41fd1478d0526,base,Annotazione Dumitru Expert Opin,98,starting_label,appeal_to_authority,appeal to authority
7ca41fd1478d0526,dumitru,Annotazione Dumitru Expert Opin,98,CQ1,no,no
7ca41fd1478d0526,dumitru,Annotazione Dumitru Expert Opin,98,CQ2,yes,yes
7ca41fd1478d0526,dumitru,Annotazione Dumitru Expert Opin,98,CQ3,yes,yes
7ca41fd1478d0526,dumitru,Annotazione Dumitru Expert Opin,98,CQ3.1,yes,yes
7ca41fd1478d0526,dumitru,Annotazione Dumitru Expert Opin,98,CQ4,no,no
7ca41fd1478d0526,dumitru,Annotazione Dumitru Expert Opin,98,CQ4.1,yes,yes
7ca41fd1478d0526,dumitru,Annotazione Dumitru Expert Opin,98,scheme,expert_opinion,YES
7ca41fd1478d0526,dumitru,Annotazione Dumitru Expert Opin,98,uncertainty,CQ1:AMB,CQ1:AMB
7ca41fd1478d0526,dumitru,Annotazione Dumitru Expert Opin,98,verdict,irrelevant_authority,Irrelevant Authority
7ca41fd1478d0526,eleni,new_expert_opinion,98,verdict,appeal_to_authority,appeal to authority
7ca41fd1478d0526,enrico,new_expert_opinion,98,scheme,expert_opinion,YES
7ca41fd1478d0526,enrico,new_expert_opinion,98,verdict,appeal_to_authority,appeal to authority
7d4be8287a32e8c8,enrico,ad hominem,19,scheme,ad_hominem,Ad Hominem
7d4be8287a32e8c8,enrico,ad hominem,19,verdict,poisoning_the_well,Poisoning the Well
7da1bb9ac5e6d802,enrico,Copia di new_ad_populum_Enrico,8,comment,non capisco,non capisco
7da1bb9ac5e6d802,enrico,Copia di new_ad_populum_Enrico,8,difficulty,5,5
7da1bb9ac5e6d802,enrico,Copia di new_ad_populum_Enrico,8,scheme,popular_opinion,YES
7da1bb9ac5e6d802,enrico,Copia di new_ad_populum_Enrico,8,verdict,idk,?
7da1bb9ac5e6d802,enrico,new_ad_populum,8,scheme,popular_opinion,YES
7dbb54e1e697d868,base,Annotazione Dumitru Analogy,98,starting_label,cherry_picking,cherry picking
7dbb54e1e697d868,dumitru,Annotazione Dumitru Analogy,98,CQ1,na,na
7dbb54e1e697d868,dumitru,Annotazione Dumitru Analogy,98,CQ1.1,na,na
7dbb54e1e697d868,dumitru,Annotazione Dumitru Analogy,98,CQ2,na,na
7dbb54e1e697d868,dumitru,Annotazione Dumitru Analogy,98,CQ3,na,na
7dbb54e1e697d868,dumitru,Annotazione Dumitru Analogy,98,CQ4,na,na
7dbb54e1e697d868,dumitru,Annotazione Dumitru Analogy,98,scheme,none,NO
7dbb54e1e697d868,eleni,new_analogy,98,verdict,cherry_picking,cherry picking
7dbb54e1e697d868,enrico,new_analogy,98,scheme,none,NO
7dbb54e1e697d868,enrico,new_analogy,98,verdict,cherry_picking,cherry picking
7e064facc9dfb284,base,Annotazione Dumitru Expert Opin,94,starting_label,appeal_to_authority,appeal to authority
7e064facc9dfb284,dumitru,Annotazione Dumitru Expert Opin,94,CQ1,na,na
7e064facc9dfb284,dumitru,Annotazione Dumitru Expert Opin,94,CQ2,na,na
7e064facc9dfb284,dumitru,Annotazione Dumitru Expert Opin,94,CQ3,na,na
7e064facc9dfb284,dumitru,Annotazione Dumitru Expert Opin,94,CQ3.1,na,na
7e064facc9dfb284,dumitru,Annotazione Dumitru Expert Opin,94,CQ4,na,na
7e064facc9dfb284,dumitru,Annotazione Dumitru Expert Opin,94,CQ4.1,na,na
7e064facc9dfb284,dumitru,Annotazione Dumitru Expert Opin,94,scheme,none,NO
7e064facc9dfb284,eleni,new_expert_opinion,94,verdict,appeal_to_authority,appeal to authority
7e064facc9dfb284,enrico,new_expert_opinion,94,comment,è una domanda,è una domanda
7e064facc9dfb284,enrico,new_expert_opinion,94,scheme,none,NO
7e064facc9dfb284,enrico,new_expert_opinion,94,verdict,appeal_to_authority,appeal to authority
7e064facc9dfb284,unknown,new_expert_opinion,94,doubt,s,s
7e18840c836c0b62,enrico,Copia di new_ad_populum_Enrico,61,difficulty,3,3
7e18840c836c0b62,enrico,Copia di new_ad_populum_Enrico,61,scheme,popular_opinion,YES
7e18840c836c0b62,enrico,Copia di new_ad_populum_Enrico,61,verdict,good_argumentation,no fallacy
7e18840c836c0b62,enrico,new_ad_populum,61,scheme,popular_opinion,YES
7e7ede193e1df14d,enrico,Copia di new_ad_populum_Enrico,98,difficulty,1,1
7e7ede193e1df14d,enrico,Copia di new_ad_populum_Enrico,98,scheme,popular_opinion,YES
7e7ede193e1df14d,enrico,Copia di new_ad_populum_Enrico,98,verdict,ad_populum,ad populum
7e7ede193e1df14d,base,new_ad_populum,98,starting_label,ad_populum,ad populum
7e91f26938867c25,enrico,Copia di cause_to_effect_Enrico,61,scheme,example,Example
7e91f26938867c25,enrico,Copia di cause_to_effect_Enrico,61,verdict,hasty_generalization,Hasty generalization
7e91f26938867c25,base,cause_to_effect,61,starting_label,false_cause,false causality
7f28d7ccd6cb7c22,enrico,Copia di cause_to_effect_Enrico,4,difficulty,1,1
7f28d7ccd6cb7c22,enrico,Copia di cause_to_effect_Enrico,4,scheme,cause_to_effect,Cause to effect
7f28d7ccd6cb7c22,enrico,Copia di cause_to_effect_Enrico,4,verdict,good_argumentation,no fallacy
7f28d7ccd6cb7c22,enrico,cause_to_effect,4,scheme,cause_to_effect,YES
7f296bf939118e57,dumitru,Annotazione Dumitru Analogy,5,CQ1,yes,yes
7f296bf939118e57,dumitru,Annotazione Dumitru Analogy,5,CQ1.1,no,no
7f296bf939118e57,dumitru,Annotazione Dumitru Analogy,5,CQ2,yes,yes
7f296bf939118e57,dumitru,Annotazione Dumitru Analogy,5,CQ3,yes,yes
7f296bf939118e57,dumitru,Annotazione Dumitru Analogy,5,CQ4,yes,yes
7f296bf939118e57,dumitru,Annotazione Dumitru Analogy,5,scheme,analogy,YES
7f296bf939118e57,dumitru,Annotazione Dumitru Analogy,5,uncertainty,CQ1:AMB;CQ4:SUBJ,CQ1:AMB;CQ4:SUBJ
7f296bf939118e57,dumitru,Annotazione Dumitru Analogy,5,verdict,weak_analogy,Weak Analogy
7f296bf939118e57,eleni,new_analogy,23,comment,Comparing murder (crime) to death penalty,Comparing murder (crime) to death penalty
7f296bf939118e57,eleni,new_analogy,23,scheme,analogy,YES
7f296bf939118e57,eleni,new_analogy,23,verdict,any_fallacy,YES
7f296bf939118e57,enrico,new_analogy,23,scheme,analogy,YES
7f296bf939118e57,enrico,new_analogy,23,verdict,weak_analogy,weak analogy
7f54da9a5587e68d,enrico,Copia di example_final_Enrico,71,difficulty,2,2
7f54da9a5587e68d,enrico,Copia di example_final_Enrico,71,scheme,example,YES
7f54da9a5587e68d,enrico,Copia di example_final_Enrico,71,verdict,good_argumentation,no fallacy
7f6e726816c24e73,enrico,ad hominem,21,scheme,ad_hominem,Ad Hominem
7f6e726816c24e73,enrico,ad hominem,21,verdict,ad_hominem_guilt_by_association,Guilt by Association
7f77911577d51306,base,Slippery slope,84,starting_label,slippery_slope,slippery slope
7f7f964c3c8d6a6d,enrico,Copia di hasty_generalization_E,40,comment,EXPERT OPINION ?,EXPERT OPINION ?
7f7f964c3c8d6a6d,enrico,Copia di hasty_generalization_E,40,scheme,expert_opinion,Expert opinion
7f7f964c3c8d6a6d,enrico,Copia di hasty_generalization_E,40,verdict,irrelevant_authority,irrelevant authority
7f7f964c3c8d6a6d,base,hasty_generalization,40,starting_label,hasty_generalization,hasty generalization
7fc69b6870ab2cfb,base,Slippery slope,65,starting_label,slippery_slope,slippery slope
80c79f0daa954d98,enrico,Copia di example_final_Enrico,27,comment,conclusione non chiara,conclusione non chiara
80c79f0daa954d98,enrico,Copia di example_final_Enrico,27,scheme,example,YES
80c79f0daa954d98,enrico,Copia di example_final_Enrico,27,verdict,idk,?
80f4a3096a1dc8b6,enrico,ad hominem,43,scheme,ad_hominem,Ad Hominem
80f4a3096a1dc8b6,enrico,ad hominem,43,verdict,ad_hominem_circumstantial,Circumstantial
8196fe2f0f65a8b4,base,Slippery slope,41,starting_label,slippery_slope,slippery slope
81ab7b6c1bacb1c7,enrico,Copia di new_ad_populum_Enrico,74,comment,domanda,domanda
81ab7b6c1bacb1c7,enrico,Copia di new_ad_populum_Enrico,74,difficulty,3,3
81ab7b6c1bacb1c7,enrico,Copia di new_ad_populum_Enrico,74,scheme,idk,SNI
81ab7b6c1bacb1c7,enrico,Copia di new_ad_populum_Enrico,74,verdict,ad_populum,ad populum
81ab7b6c1bacb1c7,base,new_ad_populum,74,starting_label,ad_populum,ad populum
81fe3d0388bb49a3,enrico,ad hominem,24,scheme,ad_hominem,Ad Hominem
81fe3d0388bb49a3,enrico,ad hominem,24,verdict,ad_hominem_abusive,Abusive
820887044e5f59ca,enrico,Copia di example_final_Enrico,35,comment,AD POPULUM?,AD POPULUM?
820887044e5f59ca,enrico,Copia di example_final_Enrico,35,scheme,example,YES
820887044e5f59ca,enrico,Copia di example_final_Enrico,35,verdict,idk,?
824be88b8247028f,base,Slippery slope,72,starting_label,slippery_slope,slippery slope
82b0409877c603f1,dumitru,Annotazione Dumitru Analogy,63,CQ1,no,no
82b0409877c603f1,dumitru,Annotazione Dumitru Analogy,63,CQ1.1,no,no
82b0409877c603f1,dumitru,Annotazione Dumitru Analogy,63,CQ2,yes,yes
82b0409877c603f1,dumitru,Annotazione Dumitru Analogy,63,CQ3,yes,yes
82b0409877c603f1,dumitru,Annotazione Dumitru Analogy,63,CQ4,no,no
82b0409877c603f1,dumitru,Annotazione Dumitru Analogy,63,scheme,analogy,YES
82b0409877c603f1,dumitru,Annotazione Dumitru Analogy,63,verdict,good_argumentation,Good Argumentation
82b0409877c603f1,eleni,new_analogy,63,scheme,analogy,YES
82b0409877c603f1,eleni,new_analogy,63,verdict,good_argumentation,NO
82b0409877c603f1,enrico,new_analogy,63,scheme,analogy,YES
82b0409877c603f1,enrico,new_analogy,63,verdict,good_argumentation,no
82bf40698be70a45,dumitru,Annotazione Dumitru Expert Opin,77,CQ1,yes,yes
82bf40698be70a45,dumitru,Annotazione Dumitru Expert Opin,77,CQ2,no,no
82bf40698be70a45,dumitru,Annotazione Dumitru Expert Opin,77,CQ3,yes,yes
82bf40698be70a45,dumitru,Annotazione Dumitru Expert Opin,77,CQ3.1,yes,yes
82bf40698be70a45,dumitru,Annotazione Dumitru Expert Opin,77,CQ4,yes,yes
82bf40698be70a45,dumitru,Annotazione Dumitru Expert Opin,77,CQ4.1,no,no
82bf40698be70a45,dumitru,Annotazione Dumitru Expert Opin,77,scheme,expert_opinion,YES
82bf40698be70a45,dumitru,Annotazione Dumitru Expert Opin,77,uncertainty,CQ4:AMB;CQ4.1:SUBJ,CQ4:AMB;CQ4.1:SUBJ
82bf40698be70a45,dumitru,Annotazione Dumitru Expert Opin,77,verdict,non_sequitur,Non Sequitur
82bf40698be70a45,eleni,new_expert_opinion,77,scheme,expert_opinion,YES
82bf40698be70a45,eleni,new_expert_opinion,77,verdict,good_argumentation,NO
82bf40698be70a45,enrico,new_expert_opinion,77,scheme,expert_opinion,YES
82bf40698be70a45,enrico,new_expert_opinion,77,verdict,good_argumentation,no
8350e4e12bc87412,base,Slippery slope,26,starting_label,slippery_slope,slippery slope
8397dee9cda3fd04,enrico,Copia di example_final_Enrico,47,difficulty,3,3
8397dee9cda3fd04,enrico,Copia di example_final_Enrico,47,scheme,example,YES
8397dee9cda3fd04,enrico,Copia di example_final_Enrico,47,verdict,cherry_picking,Cherry picking
840cca7bf747296b,dumitru,Annotazione Dumitru Analogy,76,CQ1,no,no
840cca7bf747296b,dumitru,Annotazione Dumitru Analogy,76,CQ1.1,no,no
840cca7bf747296b,dumitru,Annotazione Dumitru Analogy,76,CQ2,yes,yes
840cca7bf747296b,dumitru,Annotazione Dumitru Analogy,76,CQ3,yes,yes
840cca7bf747296b,dumitru,Annotazione Dumitru Analogy,76,CQ4,no,no
840cca7bf747296b,dumitru,Annotazione Dumitru Analogy,76,scheme,analogy,YES
840cca7bf747296b,dumitru,Annotazione Dumitru Analogy,76,verdict,good_argumentation,Good Argumentation
840cca7bf747296b,eleni,new_analogy,76,scheme,analogy,YES
840cca7bf747296b,eleni,new_analogy,76,verdict,good_argumentation,NO
840cca7bf747296b,enrico,new_analogy,76,scheme,analogy,YES
840cca7bf747296b,enrico,new_analogy,76,verdict,good_argumentation,no
846b9f91cd7bd9e3,dumitru,Annotazione Dumitru Analogy,80,CQ1,no,no
846b9f91cd7bd9e3,dumitru,Annotazione Dumitru Analogy,80,CQ1.1,no,no
846b9f91cd7bd9e3,dumitru,Annotazione Dumitru Analogy,80,CQ2,yes,yes
846b9f91cd7bd9e3,dumitru,Annotazione Dumitru Analogy,80,CQ3,yes,yes
846b9f91cd7bd9e3,dumitru,Annotazione Dumitru Analogy,80,CQ4,no,no
846b9f91cd7bd9e3,dumitru,Annotazione Dumitru Analogy,80,scheme,analogy,YES
846b9f91cd7bd9e3,dumitru,Annotazione Dumitru Analogy,80,verdict,good_argumentation,Good Argumentation
846b9f91cd7bd9e3,eleni,new_analogy,80,scheme,analogy,YES
846b9f91cd7bd9e3,eleni,new_analogy,80,verdict,good_argumentation,NO
846b9f91cd7bd9e3,enrico,new_analogy,80,scheme,analogy,YES
846b9f91cd7bd9e3,enrico,new_analogy,80,verdict,good_argumentation,no
8475f3134468e058,enrico,Copia di hasty_generalization_E,25,scheme,popular_opinion,Popular opinion
8475f3134468e058,enrico,Copia di hasty_generalization_E,25,verdict,hasty_generalization,hasty generalization
8475f3134468e058,base,hasty_generalization,25,starting_label,hasty_generalization,hasty generalization
847757459f4474a0,enrico,Copia di hasty_generalization_E,65,scheme,none,none
847757459f4474a0,enrico,Copia di hasty_generalization_E,65,verdict,hasty_generalization,hasty generalization
847757459f4474a0,base,hasty_generalization,65,starting_label,hasty_generalization,hasty generalization
84b00b6ab483d14a,enrico,ad hominem,62,scheme,ad_hominem,Ad Hominem
84b00b6ab483d14a,enrico,ad hominem,62,verdict,ad_hominem_abusive,Abusive
8575882b57b32cf1,enrico,ad hominem,80,scheme,ad_hominem,Ad Hominem
8575882b57b32cf1,enrico,ad hominem,80,verdict,poisoning_the_well,Poisoning the Well
86903f23ce112420,dumitru,Annotazione Dumitru Analogy,69,CQ1,yes,yes
86903f23ce112420,dumitru,Annotazione Dumitru Analogy,69,CQ1.1,no,no
86903f23ce112420,dumitru,Annotazione Dumitru Analogy,69,CQ2,yes,yes
86903f23ce112420,dumitru,Annotazione Dumitru Analogy,69,CQ3,yes,yes
86903f23ce112420,dumitru,Annotazione Dumitru Analogy,69,CQ4,no,no
86903f23ce112420,dumitru,Annotazione Dumitru Analogy,69,scheme,analogy,YES
86903f23ce112420,dumitru,Annotazione Dumitru Analogy,69,verdict,weak_analogy,Weak Analogy
86903f23ce112420,eleni,new_analogy,82,scheme,analogy,YES
86903f23ce112420,eleni,new_analogy,82,verdict,any_fallacy,YES
86903f23ce112420,enrico,new_analogy,82,scheme,analogy,YES
86903f23ce112420,enrico,new_analogy,82,verdict,weak_analogy,weak analogy
869c43f5ad3ce327,enrico,Copia di example_final_Enrico,61,comment,c'è il condizionale,c'è il condizionale
869c43f5ad3ce327,enrico,Copia di example_final_Enrico,61,difficulty,4,4
869c43f5ad3ce327,enrico,Copia di example_final_Enrico,61,scheme,example,YES
869c43f5ad3ce327,enrico,Copia di example_final_Enrico,61,verdict,hasty_generalization,Hasty generalization
8703402c9573bcb6,dumitru,Annotazione Dumitru Analogy,19,CQ1,no,no
8703402c9573bcb6,dumitru,Annotazione Dumitru Analogy,19,CQ1.1,no,no
8703402c9573bcb6,dumitru,Annotazione Dumitru Analogy,19,CQ2,yes,yes
8703402c9573bcb6,dumitru,Annotazione Dumitru Analogy,19,CQ3,yes,yes
8703402c9573bcb6,dumitru,Annotazione Dumitru Analogy,19,CQ4,no,no
8703402c9573bcb6,dumitru,Annotazione Dumitru Analogy,19,scheme,analogy,YES
8703402c9573bcb6,dumitru,Annotazione Dumitru Analogy,19,verdict,good_argumentation,Good Argumentation
8703402c9573bcb6,eleni,new_analogy,19,comment,Compare drugs to alcohol,Compare drugs to alcohol
8703402c9573bcb6,eleni,new_analogy,19,scheme,analogy,YES
8703402c9573bcb6,eleni,new_analogy,19,verdict,good_argumentation,NO
8703402c9573bcb6,enrico,new_analogy,19,scheme,analogy,YES
8703402c9573bcb6,enrico,new_analogy,19,verdict,good_argumentation,no
8732b193a0679072,enrico,Copia di new_ad_populum_Enrico,96,difficulty,1,1
8732b193a0679072,enrico,Copia di new_ad_populum_Enrico,96,scheme,popular_opinion,YES
8732b193a0679072,enrico,Copia di new_ad_populum_Enrico,96,verdict,ad_populum,ad populum
8732b193a0679072,base,new_ad_populum,96,starting_label,ad_populum,ad populum
873f1549143f210e,dumitru,Annotazione Dumitru Expert Opin,70,CQ1,yes,yes
873f1549143f210e,dumitru,Annotazione Dumitru Expert Opin,70,CQ2,no,no
873f1549143f210e,dumitru,Annotazione Dumitru Expert Opin,70,CQ3,yes,yes
873f1549143f210e,dumitru,Annotazione Dumitru Expert Opin,70,CQ3.1,yes,yes
873f1549143f210e,dumitru,Annotazione Dumitru Expert Opin,70,CQ4,yes,yes
873f1549143f210e,dumitru,Annotazione Dumitru Expert Opin,70,CQ4.1,no,no
873f1549143f210e,dumitru,Annotazione Dumitru Expert Opin,70,scheme,expert_opinion,YES
873f1549143f210e,dumitru,Annotazione Dumitru Expert Opin,70,uncertainty,CQ4:AMB;CQ4.1:SUBJ,CQ4:AMB;CQ4.1:SUBJ
873f1549143f210e,dumitru,Annotazione Dumitru Expert Opin,70,verdict,non_sequitur,Non Sequitur
873f1549143f210e,eleni,new_expert_opinion,78,scheme,expert_opinion,YES
873f1549143f210e,eleni,new_expert_opinion,78,verdict,any_fallacy,YES
873f1549143f210e,enrico,new_expert_opinion,78,comment,l'implicazione non è corretta,l'implicazione non è corretta
873f1549143f210e,enrico,new_expert_opinion,78,exit_cq,CQ4,CQ4
873f1549143f210e,enrico,new_expert_opinion,78,scheme,expert_opinion,YES
873f1549143f210e,enrico,new_expert_opinion,78,verdict,non_sequitur,non sequitur
8804b2cf6f1666d8,enrico,Copia di hasty_generalization_E,52,scheme,popular_opinion,Popular opinion
8804b2cf6f1666d8,enrico,Copia di hasty_generalization_E,52,verdict,hasty_generalization,hasty generalization
8804b2cf6f1666d8,base,hasty_generalization,52,starting_label,hasty_generalization,hasty generalization
8839c4cfd07d947e,enrico,ad hominem,44,scheme,ad_hominem,Ad Hominem
8839c4cfd07d947e,enrico,ad hominem,44,verdict,poisoning_the_well,Poisoning the Well
884a1e74262cda1b,dumitru,Annotazione Dumitru Analogy,4,CQ1,yes,yes
884a1e74262cda1b,dumitru,Annotazione Dumitru Analogy,4,CQ1.1,no,no
884a1e74262cda1b,dumitru,Annotazione Dumitru Analogy,4,CQ2,yes,yes
884a1e74262cda1b,dumitru,Annotazione Dumitru Analogy,4,CQ3,yes,yes
884a1e74262cda1b,dumitru,Annotazione Dumitru Analogy,4,CQ4,yes,yes
884a1e74262cda1b,dumitru,Annotazione Dumitru Analogy,4,scheme,analogy,YES
884a1e74262cda1b,dumitru,Annotazione Dumitru Analogy,4,uncertainty,CQ3:AMB;CQ4:DIFF,CQ3:AMB;CQ4:DIFF
884a1e74262cda1b,dumitru,Annotazione Dumitru Analogy,4,verdict,weak_analogy,Weak Analogy
884a1e74262cda1b,eleni,new_analogy,22,scheme,analogy,YES
884a1e74262cda1b,eleni,new_analogy,22,verdict,any_fallacy,YES
884a1e74262cda1b,enrico,new_analogy,22,scheme,analogy,YES
884a1e74262cda1b,enrico,new_analogy,22,verdict,weak_analogy,weak analogy
88eaaf87a59e959a,enrico,Copia di example_final_Enrico,23,difficulty,4,4
88eaaf87a59e959a,enrico,Copia di example_final_Enrico,23,scheme,example,YES
88eaaf87a59e959a,enrico,Copia di example_final_Enrico,23,verdict,good_argumentation,no fallacy
88fe5eaff0e28d5f,enrico,Copia di cause_to_effect_Enrico,17,difficulty,1,1
88fe5eaff0e28d5f,enrico,Copia di cause_to_effect_Enrico,17,scheme,cause_to_effect,Cause to effect
88fe5eaff0e28d5f,enrico,Copia di cause_to_effect_Enrico,17,verdict,good_argumentation,no fallacy
88fe5eaff0e28d5f,enrico,cause_to_effect,17,scheme,cause_to_effect,YES
8919246b269b6806,enrico,Copia di example_final_Enrico,17,difficulty,2,2
8919246b269b6806,enrico,Copia di example_final_Enrico,17,scheme,example,YES
8919246b269b6806,enrico,Copia di example_final_Enrico,17,verdict,weak_analogy,Weak analogy
896580e58edd66db,enrico,Copia di hasty_generalization_E,31,scheme,example,Example
896580e58edd66db,enrico,Copia di hasty_generalization_E,31,verdict,hasty_generalization,hasty generalization
896580e58edd66db,base,hasty_generalization,31,starting_label,hasty_generalization,hasty generalization
897bcbe0b4535170,enrico,Copia di cause_to_effect_Enrico,13,comment,forse la conclusione non è così scontata,forse la conclusione non è così scontata
897bcbe0b4535170,enrico,Copia di cause_to_effect_Enrico,13,difficulty,4,4
897bcbe0b4535170,enrico,Copia di cause_to_effect_Enrico,13,scheme,cause_to_effect,Cause to effect
897bcbe0b4535170,enrico,Copia di cause_to_effect_Enrico,13,verdict,good_argumentation,no fallacy
897bcbe0b4535170,enrico,cause_to_effect,13,scheme,cause_to_effect,YES
8a0458a5cfba16af,enrico,Copia di new_ad_populum_Enrico,32,difficulty,2,2
8a0458a5cfba16af,enrico,Copia di new_ad_populum_Enrico,32,scheme,popular_opinion,YES
8a0458a5cfba16af,enrico,Copia di new_ad_populum_Enrico,32,verdict,ad_populum,ad populum
8a0458a5cfba16af,enrico,new_ad_populum,32,scheme,popular_opinion,YES
8a14298967be7114,base,Slippery slope,12,starting_label,slippery_slope,slippery slope
8addbef70c890f0e,enrico,Copia di new_ad_populum_Enrico,44,difficulty,2,2
8addbef70c890f0e,enrico,Copia di new_ad_populum_Enrico,44,scheme,popular_opinion,YES
8addbef70c890f0e,enrico,Copia di new_ad_populum_Enrico,44,verdict,good_argumentation,no fallacy
8addbef70c890f0e,enrico,new_ad_populum,44,scheme,popular_opinion,YES
8b90d475f5139eea,enrico,Copia di hasty_generalization_E,23,scheme,none,none
8b90d475f5139eea,enrico,Copia di hasty_generalization_E,23,verdict,hasty_generalization,hasty generalization
8b90d475f5139eea,base,hasty_generalization,23,starting_label,hasty_generalization,hasty generalization
8b9928f7f1d19782,enrico,Copia di new_ad_populum_Enrico,27,comment,ammissione di possibile errore,ammissione di possibile errore
8b9928f7f1d19782,enrico,Copia di new_ad_populum_Enrico,27,difficulty,1,1
8b9928f7f1d19782,enrico,Copia di new_ad_populum_Enrico,27,scheme,popular_opinion,YES
8b9928f7f1d19782,enrico,Copia di new_ad_populum_Enrico,27,verdict,good_argumentation,no fallacy
8b9928f7f1d19782,enrico,new_ad_populum,27,scheme,popular_opinion,YES
8bacd04cc2fde79b,enrico,Copia di cause_to_effect_Enrico,27,comment,immaginado il contesto della sanità americana,immaginado il contesto della sanità americana
8bacd04cc2fde79b,enrico,Copia di cause_to_effect_Enrico,27,difficulty,3,3
8bacd04cc2fde79b,enrico,Copia di cause_to_effect_Enrico,27,scheme,cause_to_effect,Cause to effect
8bacd04cc2fde79b,enrico,Copia di cause_to_effect_Enrico,27,verdict,good_argumentation,no fallacy
8bacd04cc2fde79b,enrico,cause_to_effect,27,scheme,cause_to_effect,YES
8bbe8806b3a18040,enrico,Copia di hasty_generalization_E,61,scheme,example,Example
8bbe8806b3a18040,enrico,Copia di hasty_generalization_E,61,verdict,hasty_generalization,hasty generalization
8bbe8806b3a18040,base,hasty_generalization,61,starting_label,hasty_generalization,hasty generalization
8bf5610ec89739d7,dumitru,Annotazione Dumitru Analogy,70,CQ1,yes,yes
8bf5610ec89739d7,dumitru,Annotazione Dumitru Analogy,70,CQ1.1,yes,yes
8bf5610ec89739d7,dumitru,Annotazione Dumitru Analogy,70,CQ2,yes,yes
8bf5610ec89739d7,dumitru,Annotazione Dumitru Analogy,70,CQ3,yes,yes
8bf5610ec89739d7,dumitru,Annotazione Dumitru Analogy,70,CQ4,no,no
8bf5610ec89739d7,dumitru,Annotazione Dumitru Analogy,70,scheme,analogy,YES
8bf5610ec89739d7,dumitru,Annotazione Dumitru Analogy,70,uncertainty,CQ1.1:AMB,CQ1.1:AMB
8bf5610ec89739d7,dumitru,Annotazione Dumitru Analogy,70,verdict,appeal_to_extremes,Appeal to Extremes
8bf5610ec89739d7,eleni,new_analogy,6,scheme,analogy,YES
8bf5610ec89739d7,eleni,new_analogy,6,verdict,any_fallacy,YES
8bf5610ec89739d7,enrico,new_analogy,6,exit_cq,CQ1,CQ1
8bf5610ec89739d7,enrico,new_analogy,6,scheme,analogy,YES
8bf5610ec89739d7,enrico,new_analogy,6,verdict,appeal_to_extremes,Appeal to Extremes
8bfdac1ae8c857c1,enrico,Copia di new_ad_populum_Enrico,68,difficulty,1,1
8bfdac1ae8c857c1,enrico,Copia di new_ad_populum_Enrico,68,scheme,popular_opinion,YES
8bfdac1ae8c857c1,enrico,Copia di new_ad_populum_Enrico,68,verdict,ad_populum,ad populum
8bfdac1ae8c857c1,base,new_ad_populum,68,starting_label,ad_populum,ad populum
8bfef3a2395b3f3d,enrico,Copia di example_final_Enrico,54,comment,EXPERT OPINION,EXPERT OPINION
8bfef3a2395b3f3d,enrico,Copia di example_final_Enrico,54,scheme,example,YES
8bfef3a2395b3f3d,enrico,Copia di example_final_Enrico,54,verdict,idk,?
8c2556a2ea17384b,base,Annotazione Dumitru Expert Opin,45,starting_label,appeal_to_authority,appeal to authority
8c2556a2ea17384b,dumitru,Annotazione Dumitru Expert Opin,45,CQ1,yes,yes
8c2556a2ea17384b,dumitru,Annotazione Dumitru Expert Opin,45,CQ2,yes,yes
8c2556a2ea17384b,dumitru,Annotazione Dumitru Expert Opin,45,CQ3,yes,yes
8c2556a2ea17384b,dumitru,Annotazione Dumitru Expert Opin,45,CQ3.1,yes,yes
8c2556a2ea17384b,dumitru,Annotazione Dumitru Expert Opin,45,CQ4,no,no
8c2556a2ea17384b,dumitru,Annotazione Dumitru Expert Opin,45,CQ4.1,yes,yes
8c2556a2ea17384b,dumitru,Annotazione Dumitru Expert Opin,45,scheme,expert_opinion,YES
8c2556a2ea17384b,dumitru,Annotazione Dumitru Expert Opin,45,uncertainty,CQ2:AMB;CQ3:DIFF,CQ2:AMB;CQ3:DIFF
8c2556a2ea17384b,dumitru,Annotazione Dumitru Expert Opin,45,verdict,appeal_to_authority,Appeal to Authority
8c2556a2ea17384b,eleni,new_expert_opinion,45,verdict,appeal_to_authority,appeal to authority
8c2556a2ea17384b,enrico,new_expert_opinion,45,scheme,expert_opinion,YES
8c2556a2ea17384b,enrico,new_expert_opinion,45,verdict,appeal_to_authority,appeal to authority
8c269dcf7721afb9,base,Slippery slope,30,starting_label,slippery_slope,slippery slope
8c40842d1ae3e454,enrico,Copia di cause_to_effect_Enrico,37,difficulty,3,3
8c40842d1ae3e454,enrico,Copia di cause_to_effect_Enrico,37,scheme,cause_to_effect,Cause to effect
8c40842d1ae3e454,enrico,Copia di cause_to_effect_Enrico,37,verdict,false_premise,false premise
8c40842d1ae3e454,enrico,cause_to_effect,37,scheme,cause_to_effect,YES
8c75bc80b5fd17a0,enrico,Copia di hasty_generalization_E,64,scheme,popular_opinion,Popular opinion
8c75bc80b5fd17a0,enrico,Copia di hasty_generalization_E,64,verdict,hasty_generalization,hasty generalization
8c75bc80b5fd17a0,base,hasty_generalization,64,starting_label,hasty_generalization,hasty generalization
8cd08d00d48ee8c4,enrico,Copia di cause_to_effect_Enrico,45,difficulty,2,2
8cd08d00d48ee8c4,enrico,Copia di cause_to_effect_Enrico,45,scheme,cause_to_effect,Cause to effect
8cd08d00d48ee8c4,enrico,Copia di cause_to_effect_Enrico,45,verdict,good_argumentation,no fallacy
8cd08d00d48ee8c4,enrico,cause_to_effect,45,scheme,cause_to_effect,YES
8ced2792106e4ab9,dumitru,Annotazione Dumitru Expert Opin,76,CQ1,yes,yes
8ced2792106e4ab9,dumitru,Annotazione Dumitru Expert Opin,76,CQ2,no,no
8ced2792106e4ab9,dumitru,Annotazione Dumitru Expert Opin,76,CQ3,yes,yes
8ced2792106e4ab9,dumitru,Annotazione Dumitru Expert Opin,76,CQ3.1,yes,yes
8ced2792106e4ab9,dumitru,Annotazione Dumitru Expert Opin,76,CQ4,yes,yes
8ced2792106e4ab9,dumitru,Annotazione Dumitru Expert Opin,76,CQ4.1,yes,yes
8ced2792106e4ab9,dumitru,Annotazione Dumitru Expert Opin,76,scheme,expert_opinion,YES
8ced2792106e4ab9,dumitru,Annotazione Dumitru Expert Opin,76,uncertainty,CQ1:AMB;CQ4:AMB,CQ1:AMB;CQ4:AMB
8ced2792106e4ab9,dumitru,Annotazione Dumitru Expert Opin,76,verdict,good_argumentation,Good Argumentation
8ced2792106e4ab9,eleni,new_expert_opinion,79,scheme,expert_opinion,YES
8ced2792106e4ab9,eleni,new_expert_opinion,79,verdict,good_argumentation,NO
8ced2792106e4ab9,enrico,new_expert_opinion,79,comment,l'implicazione non è corretta,l'implicazione non è corretta
8ced2792106e4ab9,enrico,new_expert_opinion,79,exit_cq,CQ4,CQ4
8ced2792106e4ab9,enrico,new_expert_opinion,79,scheme,expert_opinion,YES
8ced2792106e4ab9,enrico,new_expert_opinion,79,verdict,non_sequitur,non sequitur
8d9d592be369d861,enrico,Copia di new_ad_populum_Enrico,49,difficulty,2,2
8d9d592be369d861,enrico,Copia di new_ad_populum_Enrico,49,scheme,popular_opinion,YES
8d9d592be369d861,enrico,Copia di new_ad_populum_Enrico,49,verdict,appeal_to_nature,appeal to nature
8d9d592be369d861,enrico,new_ad_populum,49,scheme,popular_opinion,YES
8dab1ff77b609c7e,enrico,Copia di new_ad_populum_Enrico,7,comment,EXPERT OPINION?,EXPERT OPINION?
8dab1ff77b609c7e,enrico,Copia di new_ad_populum_Enrico,7,difficulty,4,4
8dab1ff77b609c7e,enrico,Copia di new_ad_populum_Enrico,7,scheme,popular_opinion,YES
8dab1ff77b609c7e,enrico,Copia di new_ad_populum_Enrico,7,verdict,good_argumentation,no fallacy
8dab1ff77b609c7e,enrico,new_ad_populum,7,scheme,popular_opinion,YES
8dff4d982083a15c,enrico,Copia di hasty_generalization_E,22,scheme,none,none
8dff4d982083a15c,enrico,Copia di hasty_generalization_E,22,verdict,hasty_generalization,hasty generalization
8dff4d982083a15c,enrico,Copia di hasty_generalization_E,58,comment,doppia,doppia
8dff4d982083a15c,enrico,Copia di hasty_generalization_E,58,scheme,none,none
8dff4d982083a15c,enrico,Copia di hasty_generalization_E,58,verdict,hasty_generalization,hasty generalization
8dff4d982083a15c,base,hasty_generalization,22,starting_label,hasty_generalization,hasty generalization
8dff4d982083a15c,base,hasty_generalization,58,starting_label,hasty_generalization,hasty generalization
8eafe25a85f04234,enrico,Copia di new_ad_populum_Enrico,130,difficulty,1,1
8eafe25a85f04234,enrico,Copia di new_ad_populum_Enrico,130,scheme,popular_opinion,YES
8eafe25a85f04234,enrico,Copia di new_ad_populum_Enrico,130,verdict,ad_populum,ad populum
8eafe25a85f04234,base,new_ad_populum,130,starting_label,ad_populum,ad populum
8ebbd3b485d0d35c,enrico,Copia di example_final_Enrico,20,difficulty,5,5
8ebbd3b485d0d35c,enrico,Copia di example_final_Enrico,20,scheme,example,YES
8ebbd3b485d0d35c,enrico,Copia di example_final_Enrico,20,verdict,cherry_picking,Cherry picking
8efb2a75a3a0dba7,enrico,Copia di cause_to_effect_Enrico,56,scheme,correlation_to_cause,Correlation to effect
8efb2a75a3a0dba7,enrico,Copia di cause_to_effect_Enrico,56,verdict,questionable_cause,Questionable cause
8efb2a75a3a0dba7,base,cause_to_effect,56,starting_label,post_hoc,post hoc ergo propter hoc
8f1d7a08a13df829,enrico,Copia di example_final_Enrico,51,scheme,example,YES
8f1d7a08a13df829,enrico,Copia di example_final_Enrico,51,verdict,hasty_generalization,Hasty generalization
8f891b98cf7e7dd3,base,Annotazione Dumitru Expert Opin,40,starting_label,appeal_to_authority,appeal to authority
8f891b98cf7e7dd3,dumitru,Annotazione Dumitru Expert Opin,40,CQ1,yes,yes
8f891b98cf7e7dd3,dumitru,Annotazione Dumitru Expert Opin,40,CQ2,yes,yes
8f891b98cf7e7dd3,dumitru,Annotazione Dumitru Expert Opin,40,CQ3,yes,yes
8f891b98cf7e7dd3,dumitru,Annotazione Dumitru Expert Opin,40,CQ3.1,yes,yes
8f891b98cf7e7dd3,dumitru,Annotazione Dumitru Expert Opin,40,CQ4,yes,yes
8f891b98cf7e7dd3,dumitru,Annotazione Dumitru Expert Opin,40,CQ4.1,yes,yes
8f891b98cf7e7dd3,dumitru,Annotazione Dumitru Expert Opin,40,scheme,expert_opinion,YES
8f891b98cf7e7dd3,dumitru,Annotazione Dumitru Expert Opin,40,uncertainty,CQ2:SUBJ,CQ2:SUBJ
8f891b98cf7e7dd3,dumitru,Annotazione Dumitru Expert Opin,40,verdict,appeal_to_authority,Appeal to Authority
8f891b98cf7e7dd3,eleni,new_expert_opinion,40,verdict,appeal_to_authority,appeal to authority
8f891b98cf7e7dd3,enrico,new_expert_opinion,40,comment,non capisco,non capisco
8f891b98cf7e7dd3,enrico,new_expert_opinion,40,scheme,none,NO
8f891b98cf7e7dd3,enrico,new_expert_opinion,40,verdict,appeal_to_authority,appeal to authority
8fa5e87243de2b4f,enrico,Copia di new_ad_populum_Enrico,64,difficulty,1,1
8fa5e87243de2b4f,enrico,Copia di new_ad_populum_Enrico,64,scheme,popular_opinion,YES
8fa5e87243de2b4f,enrico,Copia di new_ad_populum_Enrico,64,verdict,ad_populum,ad populum
8fa5e87243de2b4f,base,new_ad_populum,64,starting_label,ad_populum,ad populum
8fbdf5e66209126d,enrico,Copia di cause_to_effect_Enrico,24,difficulty,2,2
8fbdf5e66209126d,enrico,Copia di cause_to_effect_Enrico,24,scheme,cause_to_effect,Cause to effect
8fbdf5e66209126d,enrico,Copia di cause_to_effect_Enrico,24,verdict,good_argumentation,no fallacy
8fbdf5e66209126d,enrico,cause_to_effect,24,scheme,cause_to_effect,YES
8fbfc1092519bc11,dumitru,Annotazione Dumitru Analogy,59,CQ1,yes,yes
8fbfc1092519bc11,dumitru,Annotazione Dumitru Analogy,59,CQ1.1,no,no
8fbfc1092519bc11,dumitru,Annotazione Dumitru Analogy,59,CQ2,yes,yes
8fbfc1092519bc11,dumitru,Annotazione Dumitru Analogy,59,CQ3,yes,yes
8fbfc1092519bc11,dumitru,Annotazione Dumitru Analogy,59,CQ4,no,no
8fbfc1092519bc11,dumitru,Annotazione Dumitru Analogy,59,scheme,analogy,YES
8fbfc1092519bc11,dumitru,Annotazione Dumitru Analogy,59,uncertainty,CQ1:SUBJ;CQ3:SUBJ,CQ1:SUBJ;CQ3:SUBJ
8fbfc1092519bc11,dumitru,Annotazione Dumitru Analogy,59,verdict,weak_analogy,Weak Analogy
8fbfc1092519bc11,eleni,new_analogy,59,scheme,analogy,YES
8fbfc1092519bc11,eleni,new_analogy,59,verdict,any_fallacy,YES
8fbfc1092519bc11,enrico,new_analogy,59,comment,premesse non verificabili?,premesse non verificabili?
8fbfc1092519bc11,enrico,new_analogy,59,scheme,analogy,YES
8fbfc1092519bc11,enrico,new_analogy,59,verdict,idk,?
8fbfc1092519bc11,unknown,new_analogy,59,doubt,f,f
8fdfc761e4aab007,base,Annotazione Dumitru Expert Opin,23,starting_label,appeal_to_authority,appeal to authority
8fdfc761e4aab007,dumitru,Annotazione Dumitru Expert Opin,23,CQ1,yes,yes
8fdfc761e4aab007,dumitru,Annotazione Dumitru Expert Opin,23,CQ2,yes,yes
8fdfc761e4aab007,dumitru,Annotazione Dumitru Expert Opin,23,CQ3,yes,yes
8fdfc761e4aab007,dumitru,Annotazione Dumitru Expert Opin,23,CQ3.1,yes,yes
8fdfc761e4aab007,dumitru,Annotazione Dumitru Expert Opin,23,CQ4,no,no
8fdfc761e4aab007,dumitru,Annotazione Dumitru Expert Opin,23,CQ4.1,yes,yes
8fdfc761e4aab007,dumitru,Annotazione Dumitru Expert Opin,23,scheme,expert_opinion,YES
8fdfc761e4aab007,dumitru,Annotazione Dumitru Expert Opin,23,uncertainty,CQ1:AMB;CQ3:DIFF,CQ1:AMB;CQ3:DIFF
8fdfc761e4aab007,dumitru,Annotazione Dumitru Expert Opin,23,verdict,appeal_to_authority,Appeal to Authority
8fdfc761e4aab007,base,Slippery slope,53,starting_label,slippery_slope,slippery slope
8fdfc761e4aab007,eleni,new_expert_opinion,23,verdict,appeal_to_authority,appeal to authority
8fdfc761e4aab007,enrico,new_expert_opinion,23,comment,è più che altro una citazione,è più che altro una citazione
8fdfc761e4aab007,enrico,new_expert_opinion,23,scheme,idk,SNI
8fdfc761e4aab007,enrico,new_expert_opinion,23,verdict,appeal_to_authority,appeal to authority
9002e08bfd477f31,dumitru,Annotazione Dumitru Analogy,31,CQ1,yes,yes
9002e08bfd477f31,dumitru,Annotazione Dumitru Analogy,31,CQ1.1,no,no
9002e08bfd477f31,dumitru,Annotazione Dumitru Analogy,31,CQ2,yes,yes
9002e08bfd477f31,dumitru,Annotazione Dumitru Analogy,31,CQ3,no,no
9002e08bfd477f31,dumitru,Annotazione Dumitru Analogy,31,CQ4,yes,yes
9002e08bfd477f31,dumitru,Annotazione Dumitru Analogy,31,scheme,analogy,YES
9002e08bfd477f31,dumitru,Annotazione Dumitru Analogy,31,uncertainty,CQ3:SUBJ;CQ4:SUBJ,CQ3:SUBJ;CQ4:SUBJ
9002e08bfd477f31,dumitru,Annotazione Dumitru Analogy,31,verdict,weak_analogy,Weak Analogy
9002e08bfd477f31,eleni,new_analogy,43,scheme,analogy,YES
9002e08bfd477f31,eleni,new_analogy,43,verdict,idk,?
9002e08bfd477f31,enrico,new_analogy,43,comment,conclusiuone non valida ma analogia non sbagliata,conclusiuone non valida ma analogia non sbagliata
9002e08bfd477f31,enrico,new_analogy,43,scheme,analogy,YES
9002e08bfd477f31,enrico,new_analogy,43,verdict,weak_analogy,weak analogy
9086a45356ffbfcf,enrico,Copia di new_ad_populum_Enrico,135,difficulty,2,2
9086a45356ffbfcf,enrico,Copia di new_ad_populum_Enrico,135,scheme,none,NO
9086a45356ffbfcf,enrico,Copia di new_ad_populum_Enrico,135,verdict,appeal_to_nature,appeal to nature
9086a45356ffbfcf,base,new_ad_populum,135,starting_label,appeal_to_nature,appeal to nature
90b2d983dfa96e41,enrico,Copia di cause_to_effect_Enrico,40,comment,non vedo lo schema,non vedo lo schema
90b2d983dfa96e41,enrico,Copia di cause_to_effect_Enrico,40,scheme,cause_to_effect,Cause to effect
90b2d983dfa96e41,enrico,Copia di cause_to_effect_Enrico,40,verdict,idk,?
90b2d983dfa96e41,enrico,cause_to_effect,40,scheme,cause_to_effect,YES
90c911fc269da4ce,enrico,Copia di example_final_Enrico,69,difficulty,2,2
90c911fc269da4ce,enrico,Copia di example_final_Enrico,69,scheme,example,YES
90c911fc269da4ce,enrico,Copia di example_final_Enrico,69,verdict,good_argumentation,no fallacy
91402432aa9b4412,enrico,Copia di cause_to_effect_Enrico,29,difficulty,4,4
91402432aa9b4412,enrico,Copia di cause_to_effect_Enrico,29,scheme,cause_to_effect,Cause to effect
91402432aa9b4412,enrico,Copia di cause_to_effect_Enrico,29,verdict,good_argumentation,no fallacy
91402432aa9b4412,enrico,cause_to_effect,29,scheme,cause_to_effect,YES
916b58c5a69b7a6a,enrico,Copia di new_ad_populum_Enrico,13,difficulty,3,3
916b58c5a69b7a6a,enrico,Copia di new_ad_populum_Enrico,13,scheme,popular_opinion,YES
916b58c5a69b7a6a,enrico,Copia di new_ad_populum_Enrico,13,verdict,ad_populum,ad populum
916b58c5a69b7a6a,enrico,new_ad_populum,13,scheme,popular_opinion,YES
917e881399bf20ba,base,Slippery slope,38,starting_label,slippery_slope,slippery slope
9181808711505b5e,enrico,Copia di cause_to_effect_Enrico,38,difficulty,3,3
9181808711505b5e,enrico,Copia di cause_to_effect_Enrico,38,scheme,cause_to_effect,Cause to effect
9181808711505b5e,enrico,Copia di cause_to_effect_Enrico,38,verdict,cherry_picking,Cherry picking
9181808711505b5e,enrico,cause_to_effect,38,scheme,cause_to_effect,YES
91e76a1cdfc3b577,enrico,Copia di hasty_generalization_E,80,scheme,none,none
91e76a1cdfc3b577,enrico,Copia di hasty_generalization_E,80,verdict,hasty_generalization,hasty generalization
91e76a1cdfc3b577,base,hasty_generalization,80,starting_label,hasty_generalization,Hasty Generalization
92326ae961e877d3,base,Annotazione Dumitru Expert Opin,110,starting_label,strawman,straw man
92326ae961e877d3,dumitru,Annotazione Dumitru Expert Opin,110,CQ1,yes,yes
92326ae961e877d3,dumitru,Annotazione Dumitru Expert Opin,110,CQ2,no,no
92326ae961e877d3,dumitru,Annotazione Dumitru Expert Opin,110,CQ3,no,no
92326ae961e877d3,dumitru,Annotazione Dumitru Expert Opin,110,CQ3.1,yes,yes
92326ae961e877d3,dumitru,Annotazione Dumitru Expert Opin,110,CQ4,yes,yes
92326ae961e877d3,dumitru,Annotazione Dumitru Expert Opin,110,CQ4.1,yes,yes
92326ae961e877d3,dumitru,Annotazione Dumitru Expert Opin,110,scheme,expert_opinion,YES
92326ae961e877d3,dumitru,Annotazione Dumitru Expert Opin,110,uncertainty,CQ1:AMB;CQ2:AMB;CQ3.1:AMB;CQ4.1:AMB,CQ1:AMB;CQ2:AMB;CQ3.1:AMB;CQ4.1:AMB
92326ae961e877d3,dumitru,Annotazione Dumitru Expert Opin,110,verdict,strawman,Strawman
92326ae961e877d3,eleni,new_expert_opinion,110,verdict,strawman,straw man
92326ae961e877d3,enrico,new_expert_opinion,110,comment,forse altra fallacia?,forse altra fallacia?
92326ae961e877d3,enrico,new_expert_opinion,110,scheme,none,NO
92326ae961e877d3,enrico,new_expert_opinion,110,verdict,strawman,straw man
92326ae961e877d3,unknown,new_expert_opinion,110,doubt,s,s
93f10255bd486dfd,base,Slippery slope,16,starting_label,slippery_slope,slippery slope
93f28cc6fa0e4304,base,Slippery slope,67,starting_label,slippery_slope,slippery slope
943f9884ee99ca74,enrico,Copia di cause_to_effect_Enrico,70,scheme,none,NO
943f9884ee99ca74,enrico,Copia di cause_to_effect_Enrico,70,verdict,false_cause,false causality
943f9884ee99ca74,enrico,Copia di cause_to_effect_Enrico,72,scheme,none,NO
943f9884ee99ca74,enrico,Copia di cause_to_effect_Enrico,72,verdict,false_cause,false causality
943f9884ee99ca74,base,cause_to_effect,70,starting_label,false_cause,false causality
943f9884ee99ca74,base,cause_to_effect,72,starting_label,false_cause,false causality
946e766615e2fc8c,base,Slippery slope,61,starting_label,slippery_slope,slippery slope
948ff6982ddacf6a,base,Slippery slope,25,starting_label,slippery_slope,slippery slope
94b212f8e13a782c,base,Slippery slope,80,starting_label,slippery_slope,slippery slope
94f8e2cb1052a626,enrico,ad hominem,59,scheme,ad_hominem,Ad Hominem
94f8e2cb1052a626,enrico,ad hominem,59,verdict,ad_hominem_abusive,Abusive
9531facb0d187105,enrico,Copia di new_ad_populum_Enrico,125,comment,sua preferenza. non fallacia,sua preferenza. non fallacia
9531facb0d187105,enrico,Copia di new_ad_populum_Enrico,125,difficulty,3,3
9531facb0d187105,enrico,Copia di new_ad_populum_Enrico,125,scheme,idk,?
9531facb0d187105,enrico,Copia di new_ad_populum_Enrico,125,verdict,ad_populum,ad populum
9531facb0d187105,base,new_ad_populum,125,starting_label,ad_populum,ad populum
95a2a7c73b24d13a,enrico,Copia di example_final_Enrico,21,difficulty,4,4
95a2a7c73b24d13a,enrico,Copia di example_final_Enrico,21,scheme,example,YES
95a2a7c73b24d13a,enrico,Copia di example_final_Enrico,21,verdict,cherry_picking,Cherry picking
970ba421a2290678,dumitru,Annotazione Dumitru Expert Opin,38,CQ1,yes,yes
970ba421a2290678,dumitru,Annotazione Dumitru Expert Opin,38,CQ2,no,no
970ba421a2290678,dumitru,Annotazione Dumitru Expert Opin,38,CQ3,yes,yes
970ba421a2290678,dumitru,Annotazione Dumitru Expert Opin,38,CQ3.1,yes,yes
970ba421a2290678,dumitru,Annotazione Dumitru Expert Opin,38,CQ4,yes,yes
970ba421a2290678,dumitru,Annotazione Dumitru Expert Opin,38,CQ4.1,no,no
970ba421a2290678,dumitru,Annotazione Dumitru Expert Opin,38,scheme,expert_opinion,YES
970ba421a2290678,dumitru,Annotazione Dumitru Expert Opin,38,uncertainty,CQ2:AMB;CQ4.1:SUBJ,CQ2:AMB;CQ4.1:SUBJ
970ba421a2290678,dumitru,Annotazione Dumitru Expert Opin,38,verdict,non_sequitur,Non Sequitur
970ba421a2290678,eleni,new_expert_opinion,38,comment,Uniformly -> consensus?,Uniformly -> consensus?
970ba421a2290678,eleni,new_expert_opinion,38,scheme,expert_opinion,YES
970ba421a2290678,eleni,new_expert_opinion,38,verdict,good_argumentation,NO
970ba421a2290678,enrico,new_expert_opinion,38,scheme,expert_opinion,YES
970ba421a2290678,enrico,new_expert_opinion,38,verdict,good_argumentation,no
97695052f03f5191,base,Annotazione Dumitru Analogy,86,starting_label,weak_analogy,weak analogy
97695052f03f5191,dumitru,Annotazione Dumitru Analogy,86,CQ1,yes,yes
97695052f03f5191,dumitru,Annotazione Dumitru Analogy,86,CQ1.1,yes,yes
97695052f03f5191,dumitru,Annotazione Dumitru Analogy,86,CQ2,no,no
97695052f03f5191,dumitru,Annotazione Dumitru Analogy,86,CQ3,yes,yes
97695052f03f5191,dumitru,Annotazione Dumitru Analogy,86,CQ4,no,no
97695052f03f5191,dumitru,Annotazione Dumitru Analogy,86,scheme,analogy,YES
97695052f03f5191,dumitru,Annotazione Dumitru Analogy,86,uncertainty,CQ1.1:AMB,CQ1.1:AMB
97695052f03f5191,dumitru,Annotazione Dumitru Analogy,86,verdict,appeal_to_extremes,Appeal to Extremes
97695052f03f5191,eleni,new_analogy,13,verdict,weak_analogy,weak analogy
97695052f03f5191,enrico,new_analogy,13,scheme,analogy,YES
97695052f03f5191,enrico,new_analogy,13,verdict,weak_analogy,weak analogy
9782a6ac6a3c160f,base,Slippery slope,28,starting_label,slippery_slope,slippery slope
982972efca9fea89,enrico,Copia di new_ad_populum_Enrico,83,comment,LO FANNO TUTTI NEL REPARTO,LO FANNO TUTTI NEL REPARTO
982972efca9fea89,enrico,Copia di new_ad_populum_Enrico,83,difficulty,5,5
982972efca9fea89,enrico,Copia di new_ad_populum_Enrico,83,scheme,idk,SNI
982972efca9fea89,enrico,Copia di new_ad_populum_Enrico,83,verdict,appeal_to_tradition,appeal to tradition
982972efca9fea89,base,new_ad_populum,83,starting_label,appeal_to_tradition,appeal to tradition
985679abf9ef21d4,enrico,Copia di cause_to_effect_Enrico,18,difficulty,1,1
985679abf9ef21d4,enrico,Copia di cause_to_effect_Enrico,18,scheme,cause_to_effect,Cause to effect
985679abf9ef21d4,enrico,Copia di cause_to_effect_Enrico,18,verdict,good_argumentation,no fallacy
985679abf9ef21d4,enrico,cause_to_effect,18,scheme,cause_to_effect,YES
99425168aaa2beff,enrico,ad hominem,30,scheme,ad_hominem,Ad Hominem
99425168aaa2beff,enrico,ad hominem,30,verdict,ad_hominem_tu_quoque,Tu Quoque
99eeec3f7d4924a7,dumitru,Annotazione Dumitru Expert Opin,84,CQ1,no,no
99eeec3f7d4924a7,dumitru,Annotazione Dumitru Expert Opin,84,CQ2,no,no
99eeec3f7d4924a7,dumitru,Annotazione Dumitru Expert Opin,84,CQ3,yes,yes
99eeec3f7d4924a7,dumitru,Annotazione Dumitru Expert Opin,84,CQ3.1,yes,yes
99eeec3f7d4924a7,dumitru,Annotazione Dumitru Expert Opin,84,CQ4,yes,yes
99eeec3f7d4924a7,dumitru,Annotazione Dumitru Expert Opin,84,CQ4.1,no,no
99eeec3f7d4924a7,dumitru,Annotazione Dumitru Expert Opin,84,scheme,expert_opinion,YES
99eeec3f7d4924a7,dumitru,Annotazione Dumitru Expert Opin,84,uncertainty,CQ1:SUBJ;CQ4:AMB;CQ4.1:SUBJ,CQ1:SUBJ;CQ4:AMB;CQ4.1:SUBJ
99eeec3f7d4924a7,dumitru,Annotazione Dumitru Expert Opin,84,verdict,irrelevant_authority,Irrelevant Authority
99eeec3f7d4924a7,eleni,new_expert_opinion,70,scheme,expert_opinion,YES
99eeec3f7d4924a7,eleni,new_expert_opinion,70,verdict,any_fallacy,YES
99eeec3f7d4924a7,enrico,new_expert_opinion,70,comment,chiesa non è autorità,chiesa non è autorità
99eeec3f7d4924a7,enrico,new_expert_opinion,70,exit_cq,CQ1,CQ1
99eeec3f7d4924a7,enrico,new_expert_opinion,70,scheme,expert_opinion,YES
99eeec3f7d4924a7,enrico,new_expert_opinion,70,verdict,irrelevant_authority,false authority
9a26534bd1531231,base,Slippery slope,98,starting_label,slippery_slope,slippery slope
9a2cc34795d1020e,enrico,Copia di new_ad_populum_Enrico,137,difficulty,4,4
9a2cc34795d1020e,enrico,Copia di new_ad_populum_Enrico,137,scheme,none,NO
9a2cc34795d1020e,enrico,Copia di new_ad_populum_Enrico,137,verdict,appeal_to_nature,appeal to nature
9a2cc34795d1020e,base,new_ad_populum,137,starting_label,appeal_to_nature,appeal to nature
9a3ba57feabc3f79,enrico,Copia di new_ad_populum_Enrico,95,comment,descrizione storica,descrizione storica
9a3ba57feabc3f79,enrico,Copia di new_ad_populum_Enrico,95,difficulty,2,2
9a3ba57feabc3f79,enrico,Copia di new_ad_populum_Enrico,95,scheme,popular_opinion,YES
9a3ba57feabc3f79,enrico,Copia di new_ad_populum_Enrico,95,verdict,ad_populum,ad populum
9a3ba57feabc3f79,base,new_ad_populum,95,starting_label,ad_populum,ad populum
9a3ccd6bcd93546b,enrico,ad hominem,37,scheme,ad_hominem,Ad Hominem
9a3ccd6bcd93546b,enrico,ad hominem,37,verdict,ad_hominem_circumstantial,Circumstantial
9a4f11aa172d3108,enrico,Copia di hasty_generalization_E,17,scheme,example,Example
9a4f11aa172d3108,enrico,Copia di hasty_generalization_E,17,verdict,hasty_generalization,hasty generalization
9a4f11aa172d3108,base,hasty_generalization,17,starting_label,hasty_generalization,hasty generalization
9a4fef9844b7341b,base,Annotazione Dumitru Expert Opin,41,starting_label,appeal_to_authority,appeal to authority
9a4fef9844b7341b,dumitru,Annotazione Dumitru Expert Opin,41,CQ1,idk,idk
9a4fef9844b7341b,dumitru,Annotazione Dumitru Expert Opin,41,CQ2,yes,yes
9a4fef9844b7341b,dumitru,Annotazione Dumitru Expert Opin,41,CQ3,idk,idk
9a4fef9844b7341b,dumitru,Annotazione Dumitru Expert Opin,41,CQ3.1,yes,yes
9a4fef9844b7341b,dumitru,Annotazione Dumitru Expert Opin,41,CQ4,idk,idk
9a4fef9844b7341b,dumitru,Annotazione Dumitru Expert Opin,41,CQ4.1,idk,idk
9a4fef9844b7341b,dumitru,Annotazione Dumitru Expert Opin,41,note,"ironico e senza contesto: S, D, A e C non identificabili","ironico e senza contesto: S, D, A e C non identificabili"
9a4fef9844b7341b,dumitru,Annotazione Dumitru Expert Opin,41,scheme,expert_opinion,YES
9a4fef9844b7341b,dumitru,Annotazione Dumitru Expert Opin,41,uncertainty,CQ2:DIFF,CQ2:DIFF
9a4fef9844b7341b,dumitru,Annotazione Dumitru Expert Opin,41,verdict,idk,indeterminato
9a4fef9844b7341b,eleni,new_expert_opinion,41,verdict,appeal_to_authority,appeal to authority
9a4fef9844b7341b,enrico,new_expert_opinion,41,comment,carente,carente
9a4fef9844b7341b,enrico,new_expert_opinion,41,scheme,idk,SNI
9a4fef9844b7341b,enrico,new_expert_opinion,41,verdict,appeal_to_authority,appeal to authority
9a89f0eb85c4a513,enrico,Copia di new_ad_populum_Enrico,60,comment,?,?
9a89f0eb85c4a513,enrico,Copia di new_ad_populum_Enrico,60,difficulty,4,4
9a89f0eb85c4a513,enrico,Copia di new_ad_populum_Enrico,60,scheme,popular_opinion,YES
9a89f0eb85c4a513,enrico,Copia di new_ad_populum_Enrico,60,verdict,good_argumentation,no fallacy
9a89f0eb85c4a513,enrico,new_ad_populum,60,scheme,popular_opinion,YES
9ae158ed50483854,enrico,Copia di new_ad_populum_Enrico,81,difficulty,2,2
9ae158ed50483854,enrico,Copia di new_ad_populum_Enrico,81,scheme,popular_opinion,YES
9ae158ed50483854,enrico,Copia di new_ad_populum_Enrico,81,verdict,ad_populum,ad populum
9ae158ed50483854,base,new_ad_populum,81,starting_label,ad_populum,ad populum
9b269d921b1a9fdb,enrico,Copia di example_final_Enrico,7,difficulty,2,2
9b269d921b1a9fdb,enrico,Copia di example_final_Enrico,7,scheme,example,YES
9b269d921b1a9fdb,enrico,Copia di example_final_Enrico,7,verdict,cherry_picking,Cherry picking
9be13b9e97eabe93,enrico,Copia di new_ad_populum_Enrico,107,comment,implicito che tutti gli americani lo siano,implicito che tutti gli americani lo siano
9be13b9e97eabe93,enrico,Copia di new_ad_populum_Enrico,107,difficulty,3,3
9be13b9e97eabe93,enrico,Copia di new_ad_populum_Enrico,107,scheme,idk,SNI
9be13b9e97eabe93,enrico,Copia di new_ad_populum_Enrico,107,verdict,ad_populum,ad populum
9be13b9e97eabe93,base,new_ad_populum,107,starting_label,ad_populum,ad populum
9c22fec1365a8b40,dumitru,Annotazione Dumitru Expert Opin,34,CQ1,yes,yes
9c22fec1365a8b40,dumitru,Annotazione Dumitru Expert Opin,34,CQ2,no,no
9c22fec1365a8b40,dumitru,Annotazione Dumitru Expert Opin,34,CQ3,yes,yes
9c22fec1365a8b40,dumitru,Annotazione Dumitru Expert Opin,34,CQ3.1,yes,yes
9c22fec1365a8b40,dumitru,Annotazione Dumitru Expert Opin,34,CQ4,yes,yes
9c22fec1365a8b40,dumitru,Annotazione Dumitru Expert Opin,34,CQ4.1,yes,yes
9c22fec1365a8b40,dumitru,Annotazione Dumitru Expert Opin,34,scheme,expert_opinion,YES
9c22fec1365a8b40,dumitru,Annotazione Dumitru Expert Opin,34,uncertainty,CQ4.1:AMB,CQ4.1:AMB
9c22fec1365a8b40,dumitru,Annotazione Dumitru Expert Opin,34,verdict,good_argumentation,Good Argumentation
9c22fec1365a8b40,eleni,new_expert_opinion,34,scheme,expert_opinion,YES
9c22fec1365a8b40,eleni,new_expert_opinion,34,verdict,any_fallacy,YES
9c22fec1365a8b40,enrico,new_expert_opinion,34,comment,"ragionamento induttivo, un singolo caso (cigno nero) potrebbe scardinare questa argoemntazione, ma non mi pare fallace","ragionamento induttivo, un singolo caso (cigno nero) potrebbe scardinare questa argoemntazione, ma non mi pare fallace"
9c22fec1365a8b40,enrico,new_expert_opinion,34,scheme,expert_opinion,YES
9c22fec1365a8b40,enrico,new_expert_opinion,34,verdict,good_argumentation,no
9ca0893fb15fb306,base,Annotazione Dumitru Expert Opin,24,starting_label,appeal_to_authority,appeal to authority
9ca0893fb15fb306,dumitru,Annotazione Dumitru Expert Opin,24,CQ1,yes,yes
9ca0893fb15fb306,dumitru,Annotazione Dumitru Expert Opin,24,CQ2,no,no
9ca0893fb15fb306,dumitru,Annotazione Dumitru Expert Opin,24,CQ3,yes,yes
9ca0893fb15fb306,dumitru,Annotazione Dumitru Expert Opin,24,CQ3.1,yes,yes
9ca0893fb15fb306,dumitru,Annotazione Dumitru Expert Opin,24,CQ4,yes,yes
9ca0893fb15fb306,dumitru,Annotazione Dumitru Expert Opin,24,CQ4.1,yes,yes
9ca0893fb15fb306,dumitru,Annotazione Dumitru Expert Opin,24,scheme,expert_opinion,YES
9ca0893fb15fb306,dumitru,Annotazione Dumitru Expert Opin,24,uncertainty,CQ4.1:AMB,CQ4.1:AMB
9ca0893fb15fb306,dumitru,Annotazione Dumitru Expert Opin,24,verdict,good_argumentation,Good Argumentation
9ca0893fb15fb306,eleni,new_expert_opinion,24,verdict,appeal_to_authority,appeal to authority
9ca0893fb15fb306,enrico,new_expert_opinion,24,comment,?,?
9ca0893fb15fb306,enrico,new_expert_opinion,24,scheme,none,NO
9ca0893fb15fb306,enrico,new_expert_opinion,24,verdict,appeal_to_authority,appeal to authority
9dbedd08c833b909,enrico,Copia di example_final_Enrico,45,difficulty,2,2
9dbedd08c833b909,enrico,Copia di example_final_Enrico,45,scheme,example,YES
9dbedd08c833b909,enrico,Copia di example_final_Enrico,45,verdict,good_argumentation,no fallacy
9dc75f95ecdc5dea,enrico,Copia di new_ad_populum_Enrico,124,difficulty,1,1
9dc75f95ecdc5dea,enrico,Copia di new_ad_populum_Enrico,124,scheme,popular_opinion,YES
9dc75f95ecdc5dea,enrico,Copia di new_ad_populum_Enrico,124,verdict,ad_populum,ad populum
9dc75f95ecdc5dea,base,new_ad_populum,124,starting_label,ad_populum,ad populum
9ede7cb26b5bc4f7,base,Slippery slope,13,starting_label,slippery_slope,slippery slope
a0381e4e47831e0e,enrico,Copia di hasty_generalization_E,14,scheme,example,Example
a0381e4e47831e0e,enrico,Copia di hasty_generalization_E,14,verdict,hasty_generalization,hasty generalization
a0381e4e47831e0e,base,hasty_generalization,14,starting_label,hasty_generalization,hasty generalization
a0e99b8e603491b0,enrico,Copia di hasty_generalization_E,90,scheme,example,Example
a0e99b8e603491b0,enrico,Copia di hasty_generalization_E,90,verdict,hasty_generalization,hasty generalization
a0e99b8e603491b0,base,hasty_generalization,90,starting_label,hasty_generalization,Hasty Generalization
a0ff4bc34bb0fe03,dumitru,Annotazione Dumitru Analogy,23,CQ1,yes,yes
a0ff4bc34bb0fe03,dumitru,Annotazione Dumitru Analogy,23,CQ1.1,no,no
a0ff4bc34bb0fe03,dumitru,Annotazione Dumitru Analogy,23,CQ2,yes,yes
a0ff4bc34bb0fe03,dumitru,Annotazione Dumitru Analogy,23,CQ3,no,no
a0ff4bc34bb0fe03,dumitru,Annotazione Dumitru Analogy,23,CQ4,yes,yes
a0ff4bc34bb0fe03,dumitru,Annotazione Dumitru Analogy,23,scheme,analogy,YES
a0ff4bc34bb0fe03,dumitru,Annotazione Dumitru Analogy,23,uncertainty,CQ1:SUBJ;CQ3:SUBJ,CQ1:SUBJ;CQ3:SUBJ
a0ff4bc34bb0fe03,dumitru,Annotazione Dumitru Analogy,23,verdict,weak_analogy,Weak Analogy
a0ff4bc34bb0fe03,eleni,new_analogy,39,scheme,analogy,YES
a0ff4bc34bb0fe03,eleni,new_analogy,39,verdict,any_fallacy,YES
a0ff4bc34bb0fe03,enrico,new_analogy,39,scheme,analogy,YES
a0ff4bc34bb0fe03,enrico,new_analogy,39,verdict,weak_analogy,weak analogy
a108bc3c3ac75d40,base,Slippery slope,34,starting_label,slippery_slope,slippery slope
a11d5da7257af8ac,enrico,ad hominem,63,scheme,ad_hominem,Ad Hominem
a11d5da7257af8ac,enrico,ad hominem,63,verdict,ad_hominem_abusive,Abusive
a122bba5789304c0,enrico,Copia di new_ad_populum_Enrico,24,scheme,popular_opinion,YES
a122bba5789304c0,enrico,Copia di new_ad_populum_Enrico,24,verdict,non_sequitur,non sequitur
a122bba5789304c0,enrico,new_ad_populum,24,scheme,popular_opinion,YES
a155e657b6c4e8d7,enrico,Copia di cause_to_effect_Enrico,23,comment,affermazione del conseguente,affermazione del conseguente
a155e657b6c4e8d7,enrico,Copia di cause_to_effect_Enrico,23,difficulty,4,4
a155e657b6c4e8d7,enrico,Copia di cause_to_effect_Enrico,23,scheme,cause_to_effect,Cause to effect
a155e657b6c4e8d7,enrico,Copia di cause_to_effect_Enrico,23,verdict,idk,?
a155e657b6c4e8d7,enrico,cause_to_effect,23,scheme,cause_to_effect,YES
a15f2e1c532ccb2b,enrico,ad hominem,99,scheme,ad_hominem,Ad Hominem
a15f2e1c532ccb2b,enrico,ad hominem,99,verdict,ad_hominem_abusive,Abusive
a1bcb3c83c8cd700,base,Slippery slope,62,starting_label,slippery_slope,slippery slope
a205ec1a0f58fdeb,base,Slippery slope,6,starting_label,slippery_slope,slippery slope
a2eae3eb108fe198,enrico,Copia di example_final_Enrico,65,difficulty,2,2
a2eae3eb108fe198,enrico,Copia di example_final_Enrico,65,scheme,example,YES
a2eae3eb108fe198,enrico,Copia di example_final_Enrico,65,verdict,cherry_picking,Cherry picking
a31b47e754989b03,enrico,Copia di cause_to_effect_Enrico,64,scheme,cause_to_effect,Cause to effect
a31b47e754989b03,enrico,Copia di cause_to_effect_Enrico,64,verdict,post_hoc,post hoc
a31b47e754989b03,base,cause_to_effect,64,starting_label,post_hoc,post hoc ergo propter hoc
a50106b3ab67452b,enrico,Copia di new_ad_populum_Enrico,133,difficulty,2,2
a50106b3ab67452b,enrico,Copia di new_ad_populum_Enrico,133,scheme,none,NO
a50106b3ab67452b,enrico,Copia di new_ad_populum_Enrico,133,verdict,appeal_to_nature,appeal to nature
a50106b3ab67452b,base,new_ad_populum,133,starting_label,appeal_to_nature,appeal to nature
a54bb65374f58b85,base,Annotazione Dumitru Expert Opin,46,starting_label,appeal_to_authority,appeal to authority
a54bb65374f58b85,dumitru,Annotazione Dumitru Expert Opin,46,CQ1,yes,yes
a54bb65374f58b85,dumitru,Annotazione Dumitru Expert Opin,46,CQ2,yes,yes
a54bb65374f58b85,dumitru,Annotazione Dumitru Expert Opin,46,CQ3,idk,idk
a54bb65374f58b85,dumitru,Annotazione Dumitru Expert Opin,46,CQ3.1,yes,yes
a54bb65374f58b85,dumitru,Annotazione Dumitru Expert Opin,46,CQ4,no,no
a54bb65374f58b85,dumitru,Annotazione Dumitru Expert Opin,46,CQ4.1,yes,yes
a54bb65374f58b85,dumitru,Annotazione Dumitru Expert Opin,46,note,attribuzione indiretta non verificabile,attribuzione indiretta non verificabile
a54bb65374f58b85,dumitru,Annotazione Dumitru Expert Opin,46,scheme,expert_opinion,YES
a54bb65374f58b85,dumitru,Annotazione Dumitru Expert Opin,46,uncertainty,CQ2:AMB,CQ2:AMB
a54bb65374f58b85,dumitru,Annotazione Dumitru Expert Opin,46,verdict,appeal_to_authority,Appeal to Authority
a54bb65374f58b85,eleni,new_expert_opinion,46,verdict,appeal_to_authority,appeal to authority
a54bb65374f58b85,enrico,new_expert_opinion,46,comment,?,?
a54bb65374f58b85,enrico,new_expert_opinion,46,scheme,expert_opinion,YES
a54bb65374f58b85,enrico,new_expert_opinion,46,verdict,appeal_to_authority,appeal to authority
a5c4bee4a863597d,enrico,Copia di new_ad_populum_Enrico,88,difficulty,1,1
a5c4bee4a863597d,enrico,Copia di new_ad_populum_Enrico,88,scheme,popular_opinion,YES
a5c4bee4a863597d,enrico,Copia di new_ad_populum_Enrico,88,verdict,ad_populum,ad populum
a5c4bee4a863597d,base,new_ad_populum,88,starting_label,ad_populum,ad populum
a5f84f252764b872,enrico,Copia di example_final_Enrico,67,difficulty,2,2
a5f84f252764b872,enrico,Copia di example_final_Enrico,67,scheme,example,YES
a5f84f252764b872,enrico,Copia di example_final_Enrico,67,verdict,good_argumentation,no fallacy
a64b36ce4db74f34,base,Slippery slope,91,starting_label,slippery_slope,slippery slope
a69624d324deaca7,enrico,Copia di new_ad_populum_Enrico,80,difficulty,1,1
a69624d324deaca7,enrico,Copia di new_ad_populum_Enrico,80,scheme,none,NO
a69624d324deaca7,enrico,Copia di new_ad_populum_Enrico,80,verdict,appeal_to_nature,appeal to nature
a69624d324deaca7,base,new_ad_populum,80,starting_label,appeal_to_nature,appeal to nature
a6e5ff69a968b78d,enrico,Copia di example_final_Enrico,53,comment,non è un esempio ma si parla effettivamente della stessa cosa,non è un esempio ma si parla effettivamente della stessa cosa
a6e5ff69a968b78d,enrico,Copia di example_final_Enrico,53,difficulty,3,3
a6e5ff69a968b78d,enrico,Copia di example_final_Enrico,53,scheme,example,YES
a6e5ff69a968b78d,enrico,Copia di example_final_Enrico,53,verdict,idk,?
a795033fb742a703,enrico,Copia di example_final_Enrico,68,comment,non è un esempio ma si parla effettivamente della stessa cosa,non è un esempio ma si parla effettivamente della stessa cosa
a795033fb742a703,enrico,Copia di example_final_Enrico,68,scheme,example,YES
a795033fb742a703,enrico,Copia di example_final_Enrico,68,verdict,idk,?
a8382bf13a6bfed2,base,Slippery slope,31,starting_label,slippery_slope,slippery slope
a8638e21252153ed,base,Slippery slope,83,starting_label,slippery_slope,slippery slope
a91ff6e605f42041,dumitru,Annotazione Dumitru Expert Opin,59,CQ1,yes,yes
a91ff6e605f42041,dumitru,Annotazione Dumitru Expert Opin,59,CQ2,no,no
a91ff6e605f42041,dumitru,Annotazione Dumitru Expert Opin,59,CQ3,yes,yes
a91ff6e605f42041,dumitru,Annotazione Dumitru Expert Opin,59,CQ3.1,yes,yes
a91ff6e605f42041,dumitru,Annotazione Dumitru Expert Opin,59,CQ4,yes,yes
a91ff6e605f42041,dumitru,Annotazione Dumitru Expert Opin,59,CQ4.1,yes,yes
a91ff6e605f42041,dumitru,Annotazione Dumitru Expert Opin,59,scheme,expert_opinion,YES
a91ff6e605f42041,dumitru,Annotazione Dumitru Expert Opin,59,uncertainty,CQ1:SUBJ;CQ4:AMB,CQ1:SUBJ;CQ4:AMB
a91ff6e605f42041,dumitru,Annotazione Dumitru Expert Opin,59,verdict,good_argumentation,Good Argumentation
a91ff6e605f42041,eleni,new_expert_opinion,59,scheme,expert_opinion,YES
a91ff6e605f42041,eleni,new_expert_opinion,59,verdict,good_argumentation,NO
a91ff6e605f42041,enrico,new_expert_opinion,59,scheme,expert_opinion,YES
a91ff6e605f42041,enrico,new_expert_opinion,59,verdict,good_argumentation,no
a92b70dd1eb7d22f,enrico,Copia di cause_to_effect_Enrico,31,difficulty,2,2
a92b70dd1eb7d22f,enrico,Copia di cause_to_effect_Enrico,31,scheme,cause_to_effect,Cause to effect
a92b70dd1eb7d22f,enrico,Copia di cause_to_effect_Enrico,31,verdict,good_argumentation,no fallacy
a92b70dd1eb7d22f,enrico,cause_to_effect,31,scheme,cause_to_effect,YES
a94ab31a0401dad7,base,Slippery slope,21,starting_label,slippery_slope,slippery slope
a96eeb734fd68c86,enrico,Copia di hasty_generalization_E,86,scheme,popular_opinion,Popular opinion
a96eeb734fd68c86,enrico,Copia di hasty_generalization_E,86,verdict,hasty_generalization,hasty generalization
a96eeb734fd68c86,base,hasty_generalization,86,starting_label,hasty_generalization,Hasty Generalization
a9a066e1088a2f28,dumitru,Annotazione Dumitru Analogy,35,CQ1,yes,yes
a9a066e1088a2f28,dumitru,Annotazione Dumitru Analogy,35,CQ1.1,no,no
a9a066e1088a2f28,dumitru,Annotazione Dumitru Analogy,35,CQ2,yes,yes
a9a066e1088a2f28,dumitru,Annotazione Dumitru Analogy,35,CQ3,yes,yes
a9a066e1088a2f28,dumitru,Annotazione Dumitru Analogy,35,CQ4,yes,yes
a9a066e1088a2f28,dumitru,Annotazione Dumitru Analogy,35,scheme,analogy,YES
a9a066e1088a2f28,dumitru,Annotazione Dumitru Analogy,35,uncertainty,CQ4:DIFF,CQ4:DIFF
a9a066e1088a2f28,dumitru,Annotazione Dumitru Analogy,35,verdict,weak_analogy,Weak Analogy
a9a066e1088a2f28,eleni,new_analogy,45,scheme,analogy,YES
a9a066e1088a2f28,eleni,new_analogy,45,verdict,any_fallacy,YES
a9a066e1088a2f28,enrico,new_analogy,45,scheme,analogy,YES
a9a066e1088a2f28,enrico,new_analogy,45,verdict,weak_analogy,weak analogy
a9cd3cabe48d18f2,base,Annotazione Dumitru Expert Opin,99,starting_label,appeal_to_authority,appeal to authority
a9cd3cabe48d18f2,dumitru,Annotazione Dumitru Expert Opin,99,CQ1,na,na
a9cd3cabe48d18f2,dumitru,Annotazione Dumitru Expert Opin,99,CQ2,na,na
a9cd3cabe48d18f2,dumitru,Annotazione Dumitru Expert Opin,99,CQ3,na,na
a9cd3cabe48d18f2,dumitru,Annotazione Dumitru Expert Opin,99,CQ3.1,na,na
a9cd3cabe48d18f2,dumitru,Annotazione Dumitru Expert Opin,99,CQ4,na,na
a9cd3cabe48d18f2,dumitru,Annotazione Dumitru Expert Opin,99,CQ4.1,na,na
a9cd3cabe48d18f2,dumitru,Annotazione Dumitru Expert Opin,99,scheme,none,NO
a9cd3cabe48d18f2,eleni,new_expert_opinion,99,verdict,appeal_to_authority,appeal to authority
a9cd3cabe48d18f2,enrico,new_expert_opinion,99,comment,esempio libro,esempio libro
a9cd3cabe48d18f2,enrico,new_expert_opinion,99,scheme,none,NO
a9cd3cabe48d18f2,enrico,new_expert_opinion,99,verdict,appeal_to_authority,appeal to authority
a9cd3cabe48d18f2,unknown,new_expert_opinion,99,doubt,s,s
a9fb12fc6060f96d,base,Slippery slope,46,starting_label,slippery_slope,slippery slope
a9ff60000be69124,base,Slippery slope,74,starting_label,slippery_slope,slippery slope
aa4538ac54929075,enrico,ad hominem,70,scheme,ad_hominem,Ad Hominem
aa4538ac54929075,enrico,ad hominem,70,verdict,ad_hominem_tu_quoque,Tu Quoque
aac5fabbd044893f,base,Annotazione Dumitru Analogy,88,starting_label,weak_analogy,weak analogy
aac5fabbd044893f,dumitru,Annotazione Dumitru Analogy,88,CQ1,yes,yes
aac5fabbd044893f,dumitru,Annotazione Dumitru Analogy,88,CQ1.1,no,no
aac5fabbd044893f,dumitru,Annotazione Dumitru Analogy,88,CQ2,yes,yes
aac5fabbd044893f,dumitru,Annotazione Dumitru Analogy,88,CQ3,yes,yes
aac5fabbd044893f,dumitru,Annotazione Dumitru Analogy,88,CQ4,no,no
aac5fabbd044893f,dumitru,Annotazione Dumitru Analogy,88,scheme,analogy,YES
aac5fabbd044893f,dumitru,Annotazione Dumitru Analogy,88,uncertainty,CQ1:SUBJ,CQ1:SUBJ
aac5fabbd044893f,dumitru,Annotazione Dumitru Analogy,88,verdict,weak_analogy,Weak Analogy
aac5fabbd044893f,eleni,new_analogy,88,verdict,weak_analogy,weak analogy
aac5fabbd044893f,enrico,new_analogy,88,scheme,analogy,YES
aac5fabbd044893f,enrico,new_analogy,88,verdict,weak_analogy,weak analogy
aadda1c8a0c86e52,enrico,Copia di hasty_generalization_E,70,scheme,popular_opinion,Popular opinion
aadda1c8a0c86e52,enrico,Copia di hasty_generalization_E,70,verdict,hasty_generalization,hasty generalization
aadda1c8a0c86e52,base,hasty_generalization,70,starting_label,hasty_generalization,hasty generalization
aae7c01c988f1f2a,dumitru,Annotazione Dumitru Analogy,6,CQ1,yes,yes
aae7c01c988f1f2a,dumitru,Annotazione Dumitru Analogy,6,CQ1.1,yes,yes
aae7c01c988f1f2a,dumitru,Annotazione Dumitru Analogy,6,CQ2,yes,yes
aae7c01c988f1f2a,dumitru,Annotazione Dumitru Analogy,6,CQ3,yes,yes
aae7c01c988f1f2a,dumitru,Annotazione Dumitru Analogy,6,CQ4,yes,yes
aae7c01c988f1f2a,dumitru,Annotazione Dumitru Analogy,6,scheme,analogy,YES
aae7c01c988f1f2a,dumitru,Annotazione Dumitru Analogy,6,uncertainty,CQ1.1:SUBJ;CQ4:DIFF,CQ1.1:SUBJ;CQ4:DIFF
aae7c01c988f1f2a,dumitru,Annotazione Dumitru Analogy,6,verdict,appeal_to_extremes,Appeal to Extremes
aae7c01c988f1f2a,eleni,new_analogy,2,comment,cherry picking?,cherry picking?
aae7c01c988f1f2a,eleni,new_analogy,2,scheme,analogy,YES
aae7c01c988f1f2a,eleni,new_analogy,2,verdict,any_fallacy,YES
aae7c01c988f1f2a,enrico,new_analogy,2,comment,metanfetamine analogia estrema,metanfetamine analogia estrema
aae7c01c988f1f2a,enrico,new_analogy,2,exit_cq,CQ1,CQ1
aae7c01c988f1f2a,enrico,new_analogy,2,scheme,analogy,YES
aae7c01c988f1f2a,enrico,new_analogy,2,verdict,appeal_to_extremes,Appeal to Extremes
aaee0a2a9371ad84,dumitru,Annotazione Dumitru Expert Opin,69,CQ1,yes,yes
aaee0a2a9371ad84,dumitru,Annotazione Dumitru Expert Opin,69,CQ2,no,no
aaee0a2a9371ad84,dumitru,Annotazione Dumitru Expert Opin,69,CQ3,yes,yes
aaee0a2a9371ad84,dumitru,Annotazione Dumitru Expert Opin,69,CQ3.1,yes,yes
aaee0a2a9371ad84,dumitru,Annotazione Dumitru Expert Opin,69,CQ4,yes,yes
aaee0a2a9371ad84,dumitru,Annotazione Dumitru Expert Opin,69,CQ4.1,yes,yes
aaee0a2a9371ad84,dumitru,Annotazione Dumitru Expert Opin,69,scheme,expert_opinion,YES
aaee0a2a9371ad84,dumitru,Annotazione Dumitru Expert Opin,69,uncertainty,CQ1:AMB;CQ4:AMB,CQ1:AMB;CQ4:AMB
aaee0a2a9371ad84,dumitru,Annotazione Dumitru Expert Opin,69,verdict,good_argumentation,Good Argumentation
aaee0a2a9371ad84,eleni,new_expert_opinion,69,scheme,expert_opinion,YES
aaee0a2a9371ad84,eleni,new_expert_opinion,69,verdict,good_argumentation,NO
aaee0a2a9371ad84,enrico,new_expert_opinion,69,scheme,expert_opinion,YES
aaee0a2a9371ad84,enrico,new_expert_opinion,69,verdict,good_argumentation,no
ab82c7321f35c1d1,enrico,Copia di cause_to_effect_Enrico,19,difficulty,1,1
ab82c7321f35c1d1,enrico,Copia di cause_to_effect_Enrico,19,scheme,cause_to_effect,Cause to effect
ab82c7321f35c1d1,enrico,Copia di cause_to_effect_Enrico,19,verdict,good_argumentation,no fallacy
ab82c7321f35c1d1,enrico,cause_to_effect,19,scheme,cause_to_effect,YES
abe1e2a23255ce04,enrico,Copia di new_ad_populum_Enrico,97,comment,no conclusione,no conclusione
abe1e2a23255ce04,enrico,Copia di new_ad_populum_Enrico,97,difficulty,3,3
abe1e2a23255ce04,enrico,Copia di new_ad_populum_Enrico,97,scheme,idk,SNI
abe1e2a23255ce04,enrico,Copia di new_ad_populum_Enrico,97,verdict,ad_populum,ad populum
abe1e2a23255ce04,base,new_ad_populum,97,starting_label,ad_populum,ad populum
ac27a0cd7eb14f80,base,Annotazione Dumitru Expert Opin,100,starting_label,appeal_to_authority,appeal to authority
ac27a0cd7eb14f80,dumitru,Annotazione Dumitru Expert Opin,100,CQ1,na,na
ac27a0cd7eb14f80,dumitru,Annotazione Dumitru Expert Opin,100,CQ2,na,na
ac27a0cd7eb14f80,dumitru,Annotazione Dumitru Expert Opin,100,CQ3,na,na
ac27a0cd7eb14f80,dumitru,Annotazione Dumitru Expert Opin,100,CQ3.1,na,na
ac27a0cd7eb14f80,dumitru,Annotazione Dumitru Expert Opin,100,CQ4,na,na
ac27a0cd7eb14f80,dumitru,Annotazione Dumitru Expert Opin,100,CQ4.1,na,na
ac27a0cd7eb14f80,dumitru,Annotazione Dumitru Expert Opin,100,scheme,none,NO
ac27a0cd7eb14f80,eleni,new_expert_opinion,100,verdict,appeal_to_authority,appeal to authority
ac27a0cd7eb14f80,enrico,new_expert_opinion,100,comment,esempio libro,esempio libro
ac27a0cd7eb14f80,enrico,new_expert_opinion,100,scheme,none,NO
ac27a0cd7eb14f80,enrico,new_expert_opinion,100,verdict,appeal_to_authority,appeal to authority
ac55d4a730ad446c,enrico,ad hominem,67,scheme,ad_hominem,Ad Hominem
ac55d4a730ad446c,enrico,ad hominem,67,verdict,poisoning_the_well,Poisoning the Well
acd742253ca02772,enrico,Copia di example_final_Enrico,42,difficulty,4,4
acd742253ca02772,enrico,Copia di example_final_Enrico,42,scheme,example,YES
acd742253ca02772,enrico,Copia di example_final_Enrico,42,verdict,hasty_generalization,Hasty generalization
ad5276acba947f2b,enrico,ad hominem,78,scheme,ad_hominem,Ad Hominem
ad5276acba947f2b,enrico,ad hominem,78,verdict,ad_hominem_abusive,Abusive
ada09d3ac943eec5,enrico,Copia di hasty_generalization_E,62,scheme,example,Example
ada09d3ac943eec5,enrico,Copia di hasty_generalization_E,62,verdict,hasty_generalization,hasty generalization
ada09d3ac943eec5,base,hasty_generalization,62,starting_label,hasty_generalization,hasty generalization
ae12e889d4067d90,dumitru,Annotazione Dumitru Analogy,61,CQ1,yes,yes
ae12e889d4067d90,dumitru,Annotazione Dumitru Analogy,61,CQ1.1,no,no
ae12e889d4067d90,dumitru,Annotazione Dumitru Analogy,61,CQ2,yes,yes
ae12e889d4067d90,dumitru,Annotazione Dumitru Analogy,61,CQ3,yes,yes
ae12e889d4067d90,dumitru,Annotazione Dumitru Analogy,61,CQ4,yes,yes
ae12e889d4067d90,dumitru,Annotazione Dumitru Analogy,61,scheme,analogy,YES
ae12e889d4067d90,dumitru,Annotazione Dumitru Analogy,61,uncertainty,CQ1:DIFF;CQ4:DIFF,CQ1:DIFF;CQ4:DIFF
ae12e889d4067d90,dumitru,Annotazione Dumitru Analogy,61,verdict,weak_analogy,Weak Analogy
ae12e889d4067d90,eleni,new_analogy,69,scheme,analogy,YES
ae12e889d4067d90,eleni,new_analogy,69,verdict,any_fallacy,YES
ae12e889d4067d90,enrico,new_analogy,69,scheme,analogy,YES
ae12e889d4067d90,enrico,new_analogy,69,verdict,weak_analogy,weak analogy
aebc22fdb67aff55,enrico,Copia di example_final_Enrico,2,comment,non capisco,non capisco
aebc22fdb67aff55,enrico,Copia di example_final_Enrico,2,scheme,example,YES
aebc22fdb67aff55,enrico,Copia di example_final_Enrico,2,verdict,idk,?
af129dd9ac41b7d4,enrico,Copia di hasty_generalization_E,4,scheme,example,Example
af129dd9ac41b7d4,enrico,Copia di hasty_generalization_E,4,verdict,hasty_generalization,hasty generalization
af129dd9ac41b7d4,base,hasty_generalization,4,starting_label,hasty_generalization,hasty generalization
af2232a047a44aa5,enrico,Copia di new_ad_populum_Enrico,75,difficulty,3,3
af2232a047a44aa5,enrico,Copia di new_ad_populum_Enrico,75,scheme,popular_opinion,YES
af2232a047a44aa5,enrico,Copia di new_ad_populum_Enrico,75,verdict,ad_populum,ad populum
af2232a047a44aa5,base,new_ad_populum,75,starting_label,ad_populum,ad populum
af93fa82bd63811e,enrico,ad hominem,91,scheme,ad_hominem,Ad Hominem
af93fa82bd63811e,enrico,ad hominem,91,verdict,poisoning_the_well,Poisoning the Well
aff5104ee440e1bf,enrico,ad hominem,93,scheme,ad_hominem,Ad Hominem
aff5104ee440e1bf,enrico,ad hominem,93,verdict,poisoning_the_well,Poisoning the Well
b124e6cc0cbd0470,enrico,ad hominem,89,scheme,ad_hominem,Ad Hominem
b124e6cc0cbd0470,enrico,ad hominem,89,verdict,poisoning_the_well,Poisoning the Well
b142d5f615c0cb03,enrico,Copia di cause_to_effect_Enrico,39,comment,non vedo lo schema,non vedo lo schema
b142d5f615c0cb03,enrico,Copia di cause_to_effect_Enrico,39,difficulty,4,4
b142d5f615c0cb03,enrico,Copia di cause_to_effect_Enrico,39,scheme,cause_to_effect,Cause to effect
b142d5f615c0cb03,enrico,Copia di cause_to_effect_Enrico,39,verdict,idk,?
b142d5f615c0cb03,enrico,cause_to_effect,39,scheme,cause_to_effect,YES
b15272cf96dfae53,enrico,Copia di hasty_generalization_E,67,scheme,example,Example
b15272cf96dfae53,enrico,Copia di hasty_generalization_E,67,verdict,hasty_generalization,hasty generalization
b15272cf96dfae53,base,hasty_generalization,67,starting_label,hasty_generalization,hasty generalization
b1721d022e47df55,enrico,Copia di hasty_generalization_E,66,scheme,none,none
b1721d022e47df55,enrico,Copia di hasty_generalization_E,66,verdict,hasty_generalization,hasty generalization
b1721d022e47df55,base,hasty_generalization,66,starting_label,hasty_generalization,hasty generalization
b1a10ac81b84ac4f,enrico,ad hominem,56,scheme,ad_hominem,Ad Hominem
b1a10ac81b84ac4f,enrico,ad hominem,56,verdict,poisoning_the_well,Poisoning the Well
b1a3a8c9459565e4,enrico,Copia di hasty_generalization_E,46,scheme,example,Example
b1a3a8c9459565e4,enrico,Copia di hasty_generalization_E,46,verdict,hasty_generalization,hasty generalization
b1a3a8c9459565e4,base,hasty_generalization,46,starting_label,hasty_generalization,hasty generalization
b1eb7bc4dca1a351,enrico,ad hominem,26,scheme,ad_hominem,Ad Hominem
b1eb7bc4dca1a351,enrico,ad hominem,26,verdict,poisoning_the_well,Poisoning the Well
b256a829ab4f8e77,base,Annotazione Dumitru Analogy,84,starting_label,weak_analogy,weak analogy
b256a829ab4f8e77,dumitru,Annotazione Dumitru Analogy,84,CQ1,yes,yes
b256a829ab4f8e77,dumitru,Annotazione Dumitru Analogy,84,CQ1.1,yes,yes
b256a829ab4f8e77,dumitru,Annotazione Dumitru Analogy,84,CQ2,yes,yes
b256a829ab4f8e77,dumitru,Annotazione Dumitru Analogy,84,CQ3,yes,yes
b256a829ab4f8e77,dumitru,Annotazione Dumitru Analogy,84,CQ4,no,no
b256a829ab4f8e77,dumitru,Annotazione Dumitru Analogy,84,scheme,analogy,YES
b256a829ab4f8e77,dumitru,Annotazione Dumitru Analogy,84,uncertainty,CQ1.1:AMB,CQ1.1:AMB
b256a829ab4f8e77,dumitru,Annotazione Dumitru Analogy,84,verdict,appeal_to_extremes,Appeal to Extremes
b256a829ab4f8e77,eleni,new_analogy,11,verdict,weak_analogy,weak analogy
b256a829ab4f8e77,enrico,new_analogy,11,scheme,analogy,YES
b256a829ab4f8e77,enrico,new_analogy,11,verdict,weak_analogy,weak analogy
b279c8dcc1a0aa32,dumitru,Annotazione Dumitru Analogy,45,CQ1,no,no
b279c8dcc1a0aa32,dumitru,Annotazione Dumitru Analogy,45,CQ1.1,no,no
b279c8dcc1a0aa32,dumitru,Annotazione Dumitru Analogy,45,CQ2,no,no
b279c8dcc1a0aa32,dumitru,Annotazione Dumitru Analogy,45,CQ3,no,no
b279c8dcc1a0aa32,dumitru,Annotazione Dumitru Analogy,45,CQ4,no,no
b279c8dcc1a0aa32,dumitru,Annotazione Dumitru Analogy,45,scheme,analogy,YES
b279c8dcc1a0aa32,dumitru,Annotazione Dumitru Analogy,45,uncertainty,CQ2:AMB;CQ3:SUBJ,CQ2:AMB;CQ3:SUBJ
b279c8dcc1a0aa32,dumitru,Annotazione Dumitru Analogy,45,verdict,weak_analogy,Weak Analogy
b279c8dcc1a0aa32,eleni,new_analogy,62,scheme,analogy,YES
b279c8dcc1a0aa32,eleni,new_analogy,62,verdict,any_fallacy,YES
b279c8dcc1a0aa32,enrico,new_analogy,62,scheme,analogy,YES
b279c8dcc1a0aa32,enrico,new_analogy,62,verdict,weak_analogy,weak analogy
b35cbb7acabccb25,enrico,Copia di cause_to_effect_Enrico,14,difficulty,5,5
b35cbb7acabccb25,enrico,Copia di cause_to_effect_Enrico,14,scheme,cause_to_effect,Cause to effect
b35cbb7acabccb25,enrico,Copia di cause_to_effect_Enrico,14,verdict,false_premise,false premise
b35cbb7acabccb25,enrico,cause_to_effect,14,scheme,cause_to_effect,YES
b3fcba25b1146708,enrico,Copia di hasty_generalization_E,28,scheme,example,Example
b3fcba25b1146708,enrico,Copia di hasty_generalization_E,28,verdict,hasty_generalization,hasty generalization
b3fcba25b1146708,base,hasty_generalization,28,starting_label,hasty_generalization,hasty generalization
b42c28074e3feda4,base,Slippery slope,56,starting_label,slippery_slope,slippery slope
b4ec71943f6cc8b7,enrico,Copia di new_ad_populum_Enrico,82,difficulty,2,2
b4ec71943f6cc8b7,enrico,Copia di new_ad_populum_Enrico,82,scheme,popular_opinion,YES
b4ec71943f6cc8b7,enrico,Copia di new_ad_populum_Enrico,82,verdict,ad_populum,ad populum
b4ec71943f6cc8b7,base,new_ad_populum,82,starting_label,ad_populum,ad populum
b5135bc054922198,enrico,Copia di example_final_Enrico,41,comment,ad populum?,ad populum?
b5135bc054922198,enrico,Copia di example_final_Enrico,41,scheme,example,YES
b5135bc054922198,enrico,Copia di example_final_Enrico,41,verdict,idk,?
b5a56b754b8b5d6d,enrico,Copia di new_ad_populum_Enrico,25,comment,ammette possibilità di sbagliarsi,ammette possibilità di sbagliarsi
b5a56b754b8b5d6d,enrico,Copia di new_ad_populum_Enrico,25,difficulty,4,4
b5a56b754b8b5d6d,enrico,Copia di new_ad_populum_Enrico,25,scheme,popular_opinion,YES
b5a56b754b8b5d6d,enrico,Copia di new_ad_populum_Enrico,25,verdict,idk,?
b5a56b754b8b5d6d,enrico,new_ad_populum,25,scheme,popular_opinion,YES
b622862e400eee36,dumitru,Annotazione Dumitru Analogy,22,CQ1,yes,yes
b622862e400eee36,dumitru,Annotazione Dumitru Analogy,22,CQ1.1,no,no
b622862e400eee36,dumitru,Annotazione Dumitru Analogy,22,CQ2,yes,yes
b622862e400eee36,dumitru,Annotazione Dumitru Analogy,22,CQ3,yes,yes
b622862e400eee36,dumitru,Annotazione Dumitru Analogy,22,CQ4,yes,yes
b622862e400eee36,dumitru,Annotazione Dumitru Analogy,22,scheme,analogy,YES
b622862e400eee36,dumitru,Annotazione Dumitru Analogy,22,uncertainty,CQ1:SUBJ;CQ3:AMB;CQ4:DIFF,CQ1:SUBJ;CQ3:AMB;CQ4:DIFF
b622862e400eee36,dumitru,Annotazione Dumitru Analogy,22,verdict,weak_analogy,Weak Analogy
b622862e400eee36,eleni,new_analogy,38,comment,Water can be physically observed and studied,Water can be physically observed and studied
b622862e400eee36,eleni,new_analogy,38,scheme,analogy,YES
b622862e400eee36,eleni,new_analogy,38,verdict,any_fallacy,YES
b622862e400eee36,enrico,new_analogy,38,scheme,analogy,YES
b622862e400eee36,enrico,new_analogy,38,verdict,weak_analogy,weak analogy
b63e7b623b28f52c,dumitru,Annotazione Dumitru Analogy,25,CQ1,yes,yes
b63e7b623b28f52c,dumitru,Annotazione Dumitru Analogy,25,CQ1.1,no,no
b63e7b623b28f52c,dumitru,Annotazione Dumitru Analogy,25,CQ2,yes,yes
b63e7b623b28f52c,dumitru,Annotazione Dumitru Analogy,25,CQ3,yes,yes
b63e7b623b28f52c,dumitru,Annotazione Dumitru Analogy,25,CQ4,no,no
b63e7b623b28f52c,dumitru,Annotazione Dumitru Analogy,25,scheme,analogy,YES
b63e7b623b28f52c,dumitru,Annotazione Dumitru Analogy,25,uncertainty,CQ1:SUBJ,CQ1:SUBJ
b63e7b623b28f52c,dumitru,Annotazione Dumitru Analogy,25,verdict,weak_analogy,Weak Analogy
b63e7b623b28f52c,eleni,new_analogy,40,comment,"Negligence = passive behaviour, intervening = active behavior. Still subjective","Negligence = passive behaviour, intervening = active behavior. Still subjective"
b63e7b623b28f52c,eleni,new_analogy,40,scheme,analogy,YES
b63e7b623b28f52c,eleni,new_analogy,40,verdict,any_fallacy,YES
b63e7b623b28f52c,enrico,new_analogy,40,scheme,analogy,YES
b63e7b623b28f52c,enrico,new_analogy,40,verdict,weak_analogy,weak analogy
b6a6d04869f5c0b2,enrico,Copia di new_ad_populum_Enrico,31,comment,ammissione di possibile errore,ammissione di possibile errore
b6a6d04869f5c0b2,enrico,Copia di new_ad_populum_Enrico,31,difficulty,4,4
b6a6d04869f5c0b2,enrico,Copia di new_ad_populum_Enrico,31,scheme,popular_opinion,YES
b6a6d04869f5c0b2,enrico,Copia di new_ad_populum_Enrico,31,verdict,good_argumentation,no fallacy
b6a6d04869f5c0b2,enrico,new_ad_populum,31,scheme,popular_opinion,YES
b6dd74606579c87e,dumitru,Annotazione Dumitru Analogy,77,CQ1,no,no
b6dd74606579c87e,dumitru,Annotazione Dumitru Analogy,77,CQ1.1,no,no
b6dd74606579c87e,dumitru,Annotazione Dumitru Analogy,77,CQ2,yes,yes
b6dd74606579c87e,dumitru,Annotazione Dumitru Analogy,77,CQ3,yes,yes
b6dd74606579c87e,dumitru,Annotazione Dumitru Analogy,77,CQ4,no,no
b6dd74606579c87e,dumitru,Annotazione Dumitru Analogy,77,scheme,analogy,YES
b6dd74606579c87e,dumitru,Annotazione Dumitru Analogy,77,uncertainty,CQ1:SUBJ,CQ1:SUBJ
b6dd74606579c87e,dumitru,Annotazione Dumitru Analogy,77,verdict,good_argumentation,Good Argumentation
b6dd74606579c87e,eleni,new_analogy,77,scheme,analogy,YES
b6dd74606579c87e,eleni,new_analogy,77,verdict,good_argumentation,NO
b6dd74606579c87e,enrico,new_analogy,77,scheme,analogy,YES
b6dd74606579c87e,enrico,new_analogy,77,verdict,good_argumentation,no
b7102b05f46cfa8f,enrico,Copia di hasty_generalization_E,73,scheme,none,none
b7102b05f46cfa8f,enrico,Copia di hasty_generalization_E,73,verdict,hasty_generalization,hasty generalization
b7102b05f46cfa8f,base,hasty_generalization,73,starting_label,hasty_generalization,Hasty Generalization
b72944c9abc1dae6,dumitru,Annotazione Dumitru Expert Opin,85,CQ1,yes,yes
b72944c9abc1dae6,dumitru,Annotazione Dumitru Expert Opin,85,CQ2,no,no
b72944c9abc1dae6,dumitru,Annotazione Dumitru Expert Opin,85,CQ3,yes,yes
b72944c9abc1dae6,dumitru,Annotazione Dumitru Expert Opin,85,CQ3.1,yes,yes
b72944c9abc1dae6,dumitru,Annotazione Dumitru Expert Opin,85,CQ4,yes,yes
b72944c9abc1dae6,dumitru,Annotazione Dumitru Expert Opin,85,CQ4.1,no,no
b72944c9abc1dae6,dumitru,Annotazione Dumitru Expert Opin,85,scheme,expert_opinion,YES
b72944c9abc1dae6,dumitru,Annotazione Dumitru Expert Opin,85,uncertainty,CQ4:AMB;CQ4.1:SUBJ,CQ4:AMB;CQ4.1:SUBJ
b72944c9abc1dae6,dumitru,Annotazione Dumitru Expert Opin,85,verdict,non_sequitur,Non Sequitur
b72944c9abc1dae6,eleni,new_expert_opinion,85,scheme,expert_opinion,YES
b72944c9abc1dae6,eleni,new_expert_opinion,85,verdict,good_argumentation,NO
b72944c9abc1dae6,enrico,new_expert_opinion,85,comment,l'implicazione non è corretta,l'implicazione non è corretta
b72944c9abc1dae6,enrico,new_expert_opinion,85,exit_cq,CQ4,CQ4
b72944c9abc1dae6,enrico,new_expert_opinion,85,scheme,expert_opinion,YES
b72944c9abc1dae6,enrico,new_expert_opinion,85,verdict,non_sequitur,non sequitur
b814d643d6e1edd9,dumitru,Annotazione Dumitru Expert Opin,68,CQ1,yes,yes
b814d643d6e1edd9,dumitru,Annotazione Dumitru Expert Opin,68,CQ2,no,no
b814d643d6e1edd9,dumitru,Annotazione Dumitru Expert Opin,68,CQ3,yes,yes
b814d643d6e1edd9,dumitru,Annotazione Dumitru Expert Opin,68,CQ3.1,yes,yes
b814d643d6e1edd9,dumitru,Annotazione Dumitru Expert Opin,68,CQ4,yes,yes
b814d643d6e1edd9,dumitru,Annotazione Dumitru Expert Opin,68,CQ4.1,no,no
b814d643d6e1edd9,dumitru,Annotazione Dumitru Expert Opin,68,scheme,expert_opinion,YES
b814d643d6e1edd9,dumitru,Annotazione Dumitru Expert Opin,68,uncertainty,CQ1:AMB;CQ4:AMB;CQ4.1:AMB,CQ1:AMB;CQ4:AMB;CQ4.1:AMB
b814d643d6e1edd9,dumitru,Annotazione Dumitru Expert Opin,68,verdict,non_sequitur,Non Sequitur
b814d643d6e1edd9,eleni,new_expert_opinion,68,scheme,expert_opinion,YES
b814d643d6e1edd9,eleni,new_expert_opinion,68,verdict,good_argumentation,NO
b814d643d6e1edd9,enrico,new_expert_opinion,68,scheme,expert_opinion,YES
b814d643d6e1edd9,enrico,new_expert_opinion,68,verdict,good_argumentation,no
b82ec3979c3ed308,dumitru,Annotazione Dumitru Expert Opin,80,CQ1,yes,yes
b82ec3979c3ed308,dumitru,Annotazione Dumitru Expert Opin,80,CQ2,yes,yes
b82ec3979c3ed308,dumitru,Annotazione Dumitru Expert Opin,80,CQ3,yes,yes
b82ec3979c3ed308,dumitru,Annotazione Dumitru Expert Opin,80,CQ3.1,yes,yes
b82ec3979c3ed308,dumitru,Annotazione Dumitru Expert Opin,80,CQ4,yes,yes
b82ec3979c3ed308,dumitru,Annotazione Dumitru Expert Opin,80,CQ4.1,yes,yes
b82ec3979c3ed308,dumitru,Annotazione Dumitru Expert Opin,80,scheme,expert_opinion,YES
b82ec3979c3ed308,dumitru,Annotazione Dumitru Expert Opin,80,uncertainty,CQ1:SUBJ;CQ2:SUBJ;CQ4:AMB,CQ1:SUBJ;CQ2:SUBJ;CQ4:AMB
b82ec3979c3ed308,dumitru,Annotazione Dumitru Expert Opin,80,verdict,appeal_to_authority,Appeal to Authority
b82ec3979c3ed308,eleni,new_expert_opinion,80,scheme,expert_opinion,YES
b82ec3979c3ed308,eleni,new_expert_opinion,80,verdict,good_argumentation,NO
b82ec3979c3ed308,enrico,new_expert_opinion,80,scheme,expert_opinion,YES
b82ec3979c3ed308,enrico,new_expert_opinion,80,verdict,good_argumentation,no
b8835c3c96e90b31,base,Slippery slope,71,starting_label,slippery_slope,slippery slope
b8d901172db3981d,base,Annotazione Dumitru Expert Opin,13,starting_label,appeal_to_authority,appeal to authority
b8d901172db3981d,dumitru,Annotazione Dumitru Expert Opin,13,CQ1,no,no
b8d901172db3981d,dumitru,Annotazione Dumitru Expert Opin,13,CQ2,yes,yes
b8d901172db3981d,dumitru,Annotazione Dumitru Expert Opin,13,CQ3,yes,yes
b8d901172db3981d,dumitru,Annotazione Dumitru Expert Opin,13,CQ3.1,yes,yes
b8d901172db3981d,dumitru,Annotazione Dumitru Expert Opin,13,CQ4,no,no
b8d901172db3981d,dumitru,Annotazione Dumitru Expert Opin,13,CQ4.1,yes,yes
b8d901172db3981d,dumitru,Annotazione Dumitru Expert Opin,13,scheme,expert_opinion,YES
b8d901172db3981d,dumitru,Annotazione Dumitru Expert Opin,13,uncertainty,CQ1:DIFF,CQ1:DIFF
b8d901172db3981d,dumitru,Annotazione Dumitru Expert Opin,13,verdict,irrelevant_authority,Irrelevant Authority
b8d901172db3981d,eleni,new_expert_opinion,13,verdict,appeal_to_authority,appeal to authority
b8d901172db3981d,enrico,new_expert_opinion,13,comment,conclusione non data,conclusione non data
b8d901172db3981d,enrico,new_expert_opinion,13,scheme,expert_opinion,YES
b8d901172db3981d,enrico,new_expert_opinion,13,verdict,appeal_to_authority,appeal to authority
b8eef7ef422db67c,enrico,ad hominem,49,scheme,ad_hominem,Ad Hominem
b8eef7ef422db67c,enrico,ad hominem,49,verdict,ad_hominem_tu_quoque,Tu Quoque
b90d0c6cefbb5879,enrico,Copia di new_ad_populum_Enrico,41,comment,ammissione di possibile errore,ammissione di possibile errore
b90d0c6cefbb5879,enrico,Copia di new_ad_populum_Enrico,41,difficulty,2,2
b90d0c6cefbb5879,enrico,Copia di new_ad_populum_Enrico,41,scheme,popular_opinion,YES
b90d0c6cefbb5879,enrico,Copia di new_ad_populum_Enrico,41,verdict,good_argumentation,no fallacy
b90d0c6cefbb5879,enrico,new_ad_populum,41,scheme,popular_opinion,YES
b93facfa7917d5e2,dumitru,Annotazione Dumitru Analogy,53,CQ1,no,no
b93facfa7917d5e2,dumitru,Annotazione Dumitru Analogy,53,CQ1.1,no,no
b93facfa7917d5e2,dumitru,Annotazione Dumitru Analogy,53,CQ2,yes,yes
b93facfa7917d5e2,dumitru,Annotazione Dumitru Analogy,53,CQ3,yes,yes
b93facfa7917d5e2,dumitru,Annotazione Dumitru Analogy,53,CQ4,no,no
b93facfa7917d5e2,dumitru,Annotazione Dumitru Analogy,53,scheme,analogy,YES
b93facfa7917d5e2,dumitru,Annotazione Dumitru Analogy,53,verdict,good_argumentation,Good Argumentation
b93facfa7917d5e2,eleni,new_analogy,53,scheme,analogy,YES
b93facfa7917d5e2,eleni,new_analogy,53,verdict,good_argumentation,NO
b93facfa7917d5e2,enrico,new_analogy,53,scheme,analogy,YES
b93facfa7917d5e2,enrico,new_analogy,53,verdict,good_argumentation,no
b9c9ea88cc95b0ae,enrico,Copia di example_final_Enrico,58,comment,ma pendio scivoloso,ma pendio scivoloso
b9c9ea88cc95b0ae,enrico,Copia di example_final_Enrico,58,difficulty,3,3
b9c9ea88cc95b0ae,enrico,Copia di example_final_Enrico,58,scheme,example,YES
b9c9ea88cc95b0ae,enrico,Copia di example_final_Enrico,58,verdict,good_argumentation,no fallacy
ba0bd5bcfb87d88e,enrico,Copia di example_final_Enrico,19,difficulty,2,2
ba0bd5bcfb87d88e,enrico,Copia di example_final_Enrico,19,scheme,example,YES
ba0bd5bcfb87d88e,enrico,Copia di example_final_Enrico,19,verdict,cherry_picking,Cherry picking
bac460577c874ef2,base,Annotazione Dumitru Expert Opin,96,starting_label,appeal_to_authority,appeal to authority
bac460577c874ef2,dumitru,Annotazione Dumitru Expert Opin,96,CQ1,no,no
bac460577c874ef2,dumitru,Annotazione Dumitru Expert Opin,96,CQ2,yes,yes
bac460577c874ef2,dumitru,Annotazione Dumitru Expert Opin,96,CQ3,na,na
bac460577c874ef2,dumitru,Annotazione Dumitru Expert Opin,96,CQ3.1,na,na
bac460577c874ef2,dumitru,Annotazione Dumitru Expert Opin,96,CQ4,na,na
bac460577c874ef2,dumitru,Annotazione Dumitru Expert Opin,96,CQ4.1,na,na
bac460577c874ef2,dumitru,Annotazione Dumitru Expert Opin,96,note,schema dubbio: la fonte è invocata solo implicitamente e A non c'è,schema dubbio: la fonte è invocata solo implicitamente e A non c'è
bac460577c874ef2,dumitru,Annotazione Dumitru Expert Opin,96,scheme,expert_opinion,YES
bac460577c874ef2,dumitru,Annotazione Dumitru Expert Opin,96,uncertainty,CQ1:DIFF,CQ1:DIFF
bac460577c874ef2,dumitru,Annotazione Dumitru Expert Opin,96,verdict,irrelevant_authority,Irrelevant Authority
bac460577c874ef2,eleni,new_expert_opinion,96,verdict,appeal_to_authority,appeal to authority
bac460577c874ef2,enrico,new_expert_opinion,96,comment,non chiaro chi sia l'autorità,non chiaro chi sia l'autorità
bac460577c874ef2,enrico,new_expert_opinion,96,scheme,none,NO
bac460577c874ef2,enrico,new_expert_opinion,96,verdict,appeal_to_authority,appeal to authority
bbadd49d0185fd96,enrico,ad hominem,69,scheme,ad_hominem,Ad Hominem
bbadd49d0185fd96,enrico,ad hominem,69,verdict,poisoning_the_well,Poisoning the Well
bbae9f2f5594fa08,base,Slippery slope,54,starting_label,slippery_slope,slippery slope
bbc20257f279cc5d,enrico,Copia di new_ad_populum_Enrico,56,difficulty,4,4
bbc20257f279cc5d,enrico,Copia di new_ad_populum_Enrico,56,scheme,popular_opinion,YES
bbc20257f279cc5d,enrico,Copia di new_ad_populum_Enrico,56,verdict,good_argumentation,no fallacy
bbc20257f279cc5d,enrico,new_ad_populum,56,scheme,popular_opinion,YES
bc295a2f61f2122b,enrico,Copia di new_ad_populum_Enrico,66,difficulty,1,1
bc295a2f61f2122b,enrico,Copia di new_ad_populum_Enrico,66,scheme,popular_opinion,YES
bc295a2f61f2122b,enrico,Copia di new_ad_populum_Enrico,66,verdict,ad_populum,ad populum
bc295a2f61f2122b,base,new_ad_populum,66,starting_label,ad_populum,ad populum
bc6ca9872ae7b209,enrico,ad hominem,74,scheme,ad_hominem,Ad Hominem
bc6ca9872ae7b209,enrico,ad hominem,74,verdict,ad_hominem_abusive,Abusive
bce1fd8740db0ccb,base,Slippery slope,85,starting_label,slippery_slope,slippery slope
bd0c65226630405b,enrico,ad hominem,23,scheme,ad_hominem,Ad Hominem
bd0c65226630405b,enrico,ad hominem,23,verdict,ad_hominem_abusive,Abusive
bd6db2c5d1b67e7f,enrico,Copia di new_ad_populum_Enrico,78,difficulty,1,1
bd6db2c5d1b67e7f,enrico,Copia di new_ad_populum_Enrico,78,scheme,none,NO
bd6db2c5d1b67e7f,enrico,Copia di new_ad_populum_Enrico,78,verdict,appeal_to_nature,appeal to nature
bd6db2c5d1b67e7f,base,new_ad_populum,78,starting_label,appeal_to_nature,appeal to nature
be4358bcf952d009,enrico,Copia di hasty_generalization_E,74,scheme,none,none
be4358bcf952d009,enrico,Copia di hasty_generalization_E,74,verdict,hasty_generalization,hasty generalization
be4358bcf952d009,base,hasty_generalization,74,starting_label,hasty_generalization,Hasty Generalization
be83598e5062d38b,enrico,Copia di new_ad_populum_Enrico,123,difficulty,2,2
be83598e5062d38b,enrico,Copia di new_ad_populum_Enrico,123,scheme,popular_opinion,YES
be83598e5062d38b,enrico,Copia di new_ad_populum_Enrico,123,verdict,ad_populum,ad populum
be83598e5062d38b,base,new_ad_populum,123,starting_label,ad_populum,ad populum
bec28e4c1dd3b8c8,enrico,Copia di hasty_generalization_E,18,scheme,example,Example
bec28e4c1dd3b8c8,enrico,Copia di hasty_generalization_E,18,verdict,hasty_generalization,hasty generalization
bec28e4c1dd3b8c8,base,hasty_generalization,18,starting_label,hasty_generalization,hasty generalization
bed25d486270784b,base,Slippery slope,45,starting_label,good_argumentation,good argument
bf13dbd0e3e008d1,enrico,ad hominem,71,scheme,ad_hominem,Ad Hominem
bf13dbd0e3e008d1,enrico,ad hominem,71,verdict,ad_hominem_abusive,Abusive
bf802accc586425f,enrico,Copia di hasty_generalization_E,69,comment,simile a quella in popular opinion,simile a quella in popular opinion
bf802accc586425f,enrico,Copia di hasty_generalization_E,69,scheme,popular_opinion,Popular opinion
bf802accc586425f,enrico,Copia di hasty_generalization_E,69,verdict,hasty_generalization,hasty generalization
bf802accc586425f,base,hasty_generalization,69,starting_label,hasty_generalization,hasty generalization
bfbbc6219129da2e,enrico,Copia di example_final_Enrico,38,difficulty,4,4
bfbbc6219129da2e,enrico,Copia di example_final_Enrico,38,scheme,example,YES
bfbbc6219129da2e,enrico,Copia di example_final_Enrico,38,verdict,good_argumentation,no fallacy
bfd4f78439edbee0,enrico,Copia di new_ad_populum_Enrico,115,difficulty,1,1
bfd4f78439edbee0,enrico,Copia di new_ad_populum_Enrico,115,scheme,popular_opinion,YES
bfd4f78439edbee0,enrico,Copia di new_ad_populum_Enrico,115,verdict,ad_populum,ad populum
bfd4f78439edbee0,base,new_ad_populum,115,starting_label,ad_populum,ad populum
c059b8241ce8cda3,enrico,ad hominem,14,scheme,ad_hominem,Ad Hominem
c059b8241ce8cda3,enrico,ad hominem,14,verdict,ad_hominem_abusive,Abusive
c0953ae6b23bb5c6,enrico,Copia di new_ad_populum_Enrico,52,comment,implicazione ipotetica ma ci può stare,implicazione ipotetica ma ci può stare
c0953ae6b23bb5c6,enrico,Copia di new_ad_populum_Enrico,52,difficulty,3,3
c0953ae6b23bb5c6,enrico,Copia di new_ad_populum_Enrico,52,scheme,popular_opinion,YES
c0953ae6b23bb5c6,enrico,Copia di new_ad_populum_Enrico,52,verdict,good_argumentation,no fallacy
c0953ae6b23bb5c6,enrico,new_ad_populum,52,scheme,popular_opinion,YES
c0a6c09bf7836ec8,dumitru,Annotazione Dumitru Analogy,72,CQ1,yes,yes
c0a6c09bf7836ec8,dumitru,Annotazione Dumitru Analogy,72,CQ1.1,no,no
c0a6c09bf7836ec8,dumitru,Annotazione Dumitru Analogy,72,CQ2,yes,yes
c0a6c09bf7836ec8,dumitru,Annotazione Dumitru Analogy,72,CQ3,no,no
c0a6c09bf7836ec8,dumitru,Annotazione Dumitru Analogy,72,CQ4,no,no
c0a6c09bf7836ec8,dumitru,Annotazione Dumitru Analogy,72,scheme,analogy,YES
c0a6c09bf7836ec8,dumitru,Annotazione Dumitru Analogy,72,uncertainty,CQ3:DIFF,CQ3:DIFF
c0a6c09bf7836ec8,dumitru,Annotazione Dumitru Analogy,72,verdict,weak_analogy,Weak Analogy
c0a6c09bf7836ec8,eleni,new_analogy,84,scheme,analogy,YES
c0a6c09bf7836ec8,eleni,new_analogy,84,verdict,any_fallacy,YES
c0a6c09bf7836ec8,enrico,new_analogy,84,scheme,analogy,YES
c0a6c09bf7836ec8,enrico,new_analogy,84,verdict,weak_analogy,weak analogy
c0b6d24c5edaf6f0,enrico,ad hominem,90,scheme,ad_hominem,Ad Hominem
c0b6d24c5edaf6f0,enrico,ad hominem,90,verdict,poisoning_the_well,Poisoning the Well
c15fd158beb2e93f,dumitru,Annotazione Dumitru Expert Opin,73,CQ1,yes,yes
c15fd158beb2e93f,dumitru,Annotazione Dumitru Expert Opin,73,CQ2,no,no
c15fd158beb2e93f,dumitru,Annotazione Dumitru Expert Opin,73,CQ3,yes,yes
c15fd158beb2e93f,dumitru,Annotazione Dumitru Expert Opin,73,CQ3.1,yes,yes
c15fd158beb2e93f,dumitru,Annotazione Dumitru Expert Opin,73,CQ4,yes,yes
c15fd158beb2e93f,dumitru,Annotazione Dumitru Expert Opin,73,CQ4.1,no,no
c15fd158beb2e93f,dumitru,Annotazione Dumitru Expert Opin,73,scheme,expert_opinion,YES
c15fd158beb2e93f,dumitru,Annotazione Dumitru Expert Opin,73,uncertainty,CQ4:AMB;CQ4.1:SUBJ,CQ4:AMB;CQ4.1:SUBJ
c15fd158beb2e93f,dumitru,Annotazione Dumitru Expert Opin,73,verdict,non_sequitur,Non Sequitur
c15fd158beb2e93f,eleni,new_expert_opinion,28,scheme,expert_opinion,YES
c15fd158beb2e93f,eleni,new_expert_opinion,28,verdict,good_argumentation,NO
c15fd158beb2e93f,enrico,new_expert_opinion,28,comment,diritto legge e raccomandazioni,diritto legge e raccomandazioni
c15fd158beb2e93f,enrico,new_expert_opinion,28,exit_cq,CQ2,CQ2
c15fd158beb2e93f,enrico,new_expert_opinion,28,scheme,expert_opinion,YES
c15fd158beb2e93f,enrico,new_expert_opinion,28,verdict,appeal_to_authority,appeal to authority
c199bd5e307fb121,enrico,Copia di hasty_generalization_E,89,scheme,example,Example
c199bd5e307fb121,enrico,Copia di hasty_generalization_E,89,verdict,hasty_generalization,hasty generalization
c199bd5e307fb121,base,hasty_generalization,89,starting_label,hasty_generalization,Hasty Generalization
c1aff2d867d5a732,enrico,ad hominem,85,scheme,ad_hominem,Ad Hominem
c1aff2d867d5a732,enrico,ad hominem,85,verdict,poisoning_the_well,Poisoning the Well
c24a066f476b770b,enrico,Copia di hasty_generalization_E,5,scheme,none,none
c24a066f476b770b,enrico,Copia di hasty_generalization_E,5,verdict,hasty_generalization,hasty generalization
c24a066f476b770b,base,hasty_generalization,5,starting_label,hasty_generalization,hasty generalization
c3a0dfb659ae057b,enrico,ad hominem,38,scheme,ad_hominem,Ad Hominem
c3a0dfb659ae057b,enrico,ad hominem,38,verdict,ad_hominem_tu_quoque,Tu Quoque
c3c766353b12a250,enrico,Copia di new_ad_populum_Enrico,38,comment,ammissione di possibile errore,ammissione di possibile errore
c3c766353b12a250,enrico,Copia di new_ad_populum_Enrico,38,difficulty,2,2
c3c766353b12a250,enrico,Copia di new_ad_populum_Enrico,38,scheme,popular_opinion,YES
c3c766353b12a250,enrico,Copia di new_ad_populum_Enrico,38,verdict,ad_populum,ad populum
c3c766353b12a250,enrico,new_ad_populum,38,scheme,popular_opinion,YES
c3d23bb104ed4f29,enrico,Copia di cause_to_effect_Enrico,7,difficulty,1,1
c3d23bb104ed4f29,enrico,Copia di cause_to_effect_Enrico,7,scheme,cause_to_effect,Cause to effect
c3d23bb104ed4f29,enrico,Copia di cause_to_effect_Enrico,7,verdict,good_argumentation,no fallacy
c3d23bb104ed4f29,enrico,cause_to_effect,7,scheme,cause_to_effect,YES
c3d59e9f25e5d012,enrico,Copia di hasty_generalization_E,79,scheme,none,none
c3d59e9f25e5d012,enrico,Copia di hasty_generalization_E,79,verdict,hasty_generalization,hasty generalization
c3d59e9f25e5d012,base,hasty_generalization,79,starting_label,hasty_generalization,Hasty Generalization
c432177eb0c3b81d,dumitru,Annotazione Dumitru Analogy,32,CQ1,yes,yes
c432177eb0c3b81d,dumitru,Annotazione Dumitru Analogy,32,CQ1.1,no,no
c432177eb0c3b81d,dumitru,Annotazione Dumitru Analogy,32,CQ2,yes,yes
c432177eb0c3b81d,dumitru,Annotazione Dumitru Analogy,32,CQ3,no,no
c432177eb0c3b81d,dumitru,Annotazione Dumitru Analogy,32,CQ4,no,no
c432177eb0c3b81d,dumitru,Annotazione Dumitru Analogy,32,scheme,analogy,YES
c432177eb0c3b81d,dumitru,Annotazione Dumitru Analogy,32,uncertainty,CQ1:AMB;CQ3:SUBJ,CQ1:AMB;CQ3:SUBJ
c432177eb0c3b81d,dumitru,Annotazione Dumitru Analogy,32,verdict,weak_analogy,Weak Analogy
c432177eb0c3b81d,eleni,new_analogy,32,comment,Suicide != death penalty,Suicide != death penalty
c432177eb0c3b81d,eleni,new_analogy,32,scheme,analogy,YES
c432177eb0c3b81d,eleni,new_analogy,32,verdict,any_fallacy,YES
c432177eb0c3b81d,enrico,new_analogy,32,comment,corretta analogia. il suicidio non è punibile e quindi dovrebbe essere consentito il diritto al suicidio di chi è all'ergastolo,corretta analogia. il suicidio non è punibile e quindi dovrebbe essere consentito il diritto al suicidio di chi è all'ergastolo
c432177eb0c3b81d,enrico,new_analogy,32,scheme,analogy,YES
c432177eb0c3b81d,enrico,new_analogy,32,verdict,good_argumentation,no
c507edd6af23c75a,base,Slippery slope,20,starting_label,slippery_slope,slippery slope
c6d6a06f6f6e39d0,dumitru,Annotazione Dumitru Analogy,15,CQ1,na,na
c6d6a06f6f6e39d0,dumitru,Annotazione Dumitru Analogy,15,CQ1.1,na,na
c6d6a06f6f6e39d0,dumitru,Annotazione Dumitru Analogy,15,CQ2,na,na
c6d6a06f6f6e39d0,dumitru,Annotazione Dumitru Analogy,15,CQ3,na,na
c6d6a06f6f6e39d0,dumitru,Annotazione Dumitru Analogy,15,CQ4,na,na
c6d6a06f6f6e39d0,dumitru,Annotazione Dumitru Analogy,15,scheme,none,NO
c6d6a06f6f6e39d0,eleni,new_analogy,15,scheme,analogy,YES
c6d6a06f6f6e39d0,eleni,new_analogy,15,verdict,any_fallacy,YES
c6d6a06f6f6e39d0,enrico,new_analogy,15,comment,è estrema ma non così scorretta. succede ugualmente con le sanzioni stradali o comunque con tutte quelle norme che mirano a punire chi gli contrvviene in quanto lo stato vuole ridurre i costi delle spese sanitarie,è estrema ma non così scorretta. succede ugualmente con le sanzioni stradali o comunque con tutte quelle norme che mirano a punire chi gli contrvviene in quanto lo stato vuole ridurre i costi delle spese sanitarie
c6d6a06f6f6e39d0,enrico,new_analogy,15,scheme,analogy,YES
c6d6a06f6f6e39d0,enrico,new_analogy,15,verdict,good_argumentation,no
c72baa1cac9bb8b1,base,Slippery slope,87,starting_label,slippery_slope,slippery slope
c76a92fa00502b7a,enrico,Copia di new_ad_populum_Enrico,138,difficulty,4,4
c76a92fa00502b7a,enrico,Copia di new_ad_populum_Enrico,138,scheme,none,NO
c76a92fa00502b7a,enrico,Copia di new_ad_populum_Enrico,138,verdict,appeal_to_nature,appeal to nature
c76a92fa00502b7a,base,new_ad_populum,138,starting_label,appeal_to_nature,appeal to nature
c78850217c95d156,enrico,Copia di hasty_generalization_E,75,scheme,none,none
c78850217c95d156,enrico,Copia di hasty_generalization_E,75,verdict,hasty_generalization,hasty generalization
c78850217c95d156,base,hasty_generalization,75,starting_label,hasty_generalization,Hasty Generalization
c788cf08154b5e62,enrico,Copia di cause_to_effect_Enrico,32,difficulty,4,4
c788cf08154b5e62,enrico,Copia di cause_to_effect_Enrico,32,scheme,cause_to_effect,Cause to effect
c788cf08154b5e62,enrico,Copia di cause_to_effect_Enrico,32,verdict,false_premise,false premise
c788cf08154b5e62,enrico,cause_to_effect,32,scheme,cause_to_effect,YES
c7fe63d9d9627217,enrico,ad hominem,15,scheme,ad_hominem,Ad Hominem
c7fe63d9d9627217,enrico,ad hominem,15,verdict,ad_hominem_circumstantial,Circumstantial
c8cdc8019c39370e,enrico,Copia di new_ad_populum_Enrico,29,difficulty,4,4
c8cdc8019c39370e,enrico,Copia di new_ad_populum_Enrico,29,scheme,popular_opinion,YES
c8cdc8019c39370e,enrico,Copia di new_ad_populum_Enrico,29,verdict,non_sequitur,non sequitur
c8cdc8019c39370e,enrico,new_ad_populum,29,scheme,popular_opinion,YES
c902ec643b4eef1a,dumitru,Annotazione Dumitru Analogy,47,CQ1,no,no
c902ec643b4eef1a,dumitru,Annotazione Dumitru Analogy,47,CQ1.1,no,no
c902ec643b4eef1a,dumitru,Annotazione Dumitru Analogy,47,CQ2,yes,yes
c902ec643b4eef1a,dumitru,Annotazione Dumitru Analogy,47,CQ3,yes,yes
c902ec643b4eef1a,dumitru,Annotazione Dumitru Analogy,47,CQ4,no,no
c902ec643b4eef1a,dumitru,Annotazione Dumitru Analogy,47,scheme,analogy,YES
c902ec643b4eef1a,dumitru,Annotazione Dumitru Analogy,47,verdict,good_argumentation,Good Argumentation
c902ec643b4eef1a,eleni,new_analogy,64,scheme,analogy,YES
c902ec643b4eef1a,eleni,new_analogy,64,verdict,any_fallacy,YES
c902ec643b4eef1a,enrico,new_analogy,64,scheme,analogy,YES
c902ec643b4eef1a,enrico,new_analogy,64,verdict,weak_analogy,weak analogy
ca2b2f502d94990e,dumitru,Annotazione Dumitru Analogy,11,CQ1,no,no
ca2b2f502d94990e,dumitru,Annotazione Dumitru Analogy,11,CQ1.1,no,no
ca2b2f502d94990e,dumitru,Annotazione Dumitru Analogy,11,CQ2,yes,yes
ca2b2f502d94990e,dumitru,Annotazione Dumitru Analogy,11,CQ3,no,no
ca2b2f502d94990e,dumitru,Annotazione Dumitru Analogy,11,CQ4,no,no
ca2b2f502d94990e,dumitru,Annotazione Dumitru Analogy,11,scheme,analogy,YES
ca2b2f502d94990e,dumitru,Annotazione Dumitru Analogy,11,uncertainty,CQ3:SUBJ,CQ3:SUBJ
ca2b2f502d94990e,dumitru,Annotazione Dumitru Analogy,11,verdict,false_premise,False Premise
ca2b2f502d94990e,eleni,new_analogy,30,comment,Different intent and outcome,Different intent and outcome
ca2b2f502d94990e,eleni,new_analogy,30,scheme,analogy,YES
ca2b2f502d94990e,eleni,new_analogy,30,verdict,any_fallacy,YES
ca2b2f502d94990e,enrico,new_analogy,30,scheme,analogy,YES
ca2b2f502d94990e,enrico,new_analogy,30,verdict,weak_analogy,weak analogy
ca6a51d3f87f0dd8,dumitru,Annotazione Dumitru Expert Opin,58,CQ1,yes,yes
ca6a51d3f87f0dd8,dumitru,Annotazione Dumitru Expert Opin,58,CQ2,no,no
ca6a51d3f87f0dd8,dumitru,Annotazione Dumitru Expert Opin,58,CQ3,yes,yes
ca6a51d3f87f0dd8,dumitru,Annotazione Dumitru Expert Opin,58,CQ3.1,yes,yes
ca6a51d3f87f0dd8,dumitru,Annotazione Dumitru Expert Opin,58,CQ4,yes,yes
ca6a51d3f87f0dd8,dumitru,Annotazione Dumitru Expert Opin,58,CQ4.1,yes,yes
ca6a51d3f87f0dd8,dumitru,Annotazione Dumitru Expert Opin,58,scheme,expert_opinion,YES
ca6a51d3f87f0dd8,dumitru,Annotazione Dumitru Expert Opin,58,uncertainty,CQ1:AMB;CQ4:AMB,CQ1:AMB;CQ4:AMB
ca6a51d3f87f0dd8,dumitru,Annotazione Dumitru Expert Opin,58,verdict,good_argumentation,Good Argumentation
ca6a51d3f87f0dd8,eleni,new_expert_opinion,58,scheme,expert_opinion,YES
ca6a51d3f87f0dd8,eleni,new_expert_opinion,58,verdict,good_argumentation,NO
ca6a51d3f87f0dd8,enrico,new_expert_opinion,58,scheme,expert_opinion,YES
ca6a51d3f87f0dd8,enrico,new_expert_opinion,58,verdict,good_argumentation,no
ca78f7405c39e818,base,Slippery slope,64,starting_label,slippery_slope,slippery slope
ca824d3b272fbfd9,dumitru,Annotazione Dumitru Expert Opin,39,CQ1,yes,yes
ca824d3b272fbfd9,dumitru,Annotazione Dumitru Expert Opin,39,CQ2,yes,yes
ca824d3b272fbfd9,dumitru,Annotazione Dumitru Expert Opin,39,CQ3,yes,yes
ca824d3b272fbfd9,dumitru,Annotazione Dumitru Expert Opin,39,CQ3.1,yes,yes
ca824d3b272fbfd9,dumitru,Annotazione Dumitru Expert Opin,39,CQ4,no,no
ca824d3b272fbfd9,dumitru,Annotazione Dumitru Expert Opin,39,CQ4.1,yes,yes
ca824d3b272fbfd9,dumitru,Annotazione Dumitru Expert Opin,39,scheme,expert_opinion,YES
ca824d3b272fbfd9,dumitru,Annotazione Dumitru Expert Opin,39,uncertainty,CQ1:AMB;CQ2:AMB,CQ1:AMB;CQ2:AMB
ca824d3b272fbfd9,dumitru,Annotazione Dumitru Expert Opin,39,verdict,appeal_to_authority,Appeal to Authority
ca824d3b272fbfd9,eleni,new_expert_opinion,60,scheme,expert_opinion,YES
ca824d3b272fbfd9,eleni,new_expert_opinion,60,verdict,any_fallacy,YES
ca824d3b272fbfd9,enrico,new_expert_opinion,60,comment,sebbene sia probabilmente nella posiziopne di sapere le statistiche non può nenache dirsi un esperto affidabile,sebbene sia probabilmente nella posiziopne di sapere le statistiche non può nenache dirsi un esperto affidabile
ca824d3b272fbfd9,enrico,new_expert_opinion,60,exit_cq,CQ1,CQ1
ca824d3b272fbfd9,enrico,new_expert_opinion,60,scheme,expert_opinion,YES
ca824d3b272fbfd9,enrico,new_expert_opinion,60,verdict,irrelevant_authority,false authority
cb347bab6f7c4a0d,enrico,Copia di new_ad_populum_Enrico,110,comment,domanda,domanda
cb347bab6f7c4a0d,enrico,Copia di new_ad_populum_Enrico,110,difficulty,3,3
cb347bab6f7c4a0d,enrico,Copia di new_ad_populum_Enrico,110,scheme,popular_opinion,YES
cb347bab6f7c4a0d,enrico,Copia di new_ad_populum_Enrico,110,verdict,ad_populum,ad populum
cb347bab6f7c4a0d,base,new_ad_populum,110,starting_label,ad_populum,ad populum
cc1b89808769b3a0,dumitru,Annotazione Dumitru Expert Opin,28,CQ1,yes,yes
cc1b89808769b3a0,dumitru,Annotazione Dumitru Expert Opin,28,CQ2,yes,yes
cc1b89808769b3a0,dumitru,Annotazione Dumitru Expert Opin,28,CQ3,yes,yes
cc1b89808769b3a0,dumitru,Annotazione Dumitru Expert Opin,28,CQ3.1,yes,yes
cc1b89808769b3a0,dumitru,Annotazione Dumitru Expert Opin,28,CQ4,no,no
cc1b89808769b3a0,dumitru,Annotazione Dumitru Expert Opin,28,CQ4.1,yes,yes
cc1b89808769b3a0,dumitru,Annotazione Dumitru Expert Opin,28,scheme,expert_opinion,YES
cc1b89808769b3a0,dumitru,Annotazione Dumitru Expert Opin,28,uncertainty,CQ1:SUBJ;CQ2:AMB,CQ1:SUBJ;CQ2:AMB
cc1b89808769b3a0,dumitru,Annotazione Dumitru Expert Opin,28,verdict,appeal_to_authority,Appeal to Authority
cc1b89808769b3a0,eleni,new_expert_opinion,36,scheme,expert_opinion,YES
cc1b89808769b3a0,eleni,new_expert_opinion,36,verdict,any_fallacy,YES
cc1b89808769b3a0,enrico,new_expert_opinion,36,comment,"dietologi sono medici, i nutrizionisti no","dietologi sono medici, i nutrizionisti no"
cc1b89808769b3a0,enrico,new_expert_opinion,36,exit_cq,CQ1,CQ1
cc1b89808769b3a0,enrico,new_expert_opinion,36,scheme,expert_opinion,YES
cc1b89808769b3a0,enrico,new_expert_opinion,36,verdict,irrelevant_authority,false authority
cc38c0cf01e898e9,dumitru,Annotazione Dumitru Analogy,16,CQ1,no,no
cc38c0cf01e898e9,dumitru,Annotazione Dumitru Analogy,16,CQ1.1,no,no
cc38c0cf01e898e9,dumitru,Annotazione Dumitru Analogy,16,CQ2,yes,yes
cc38c0cf01e898e9,dumitru,Annotazione Dumitru Analogy,16,CQ3,yes,yes
cc38c0cf01e898e9,dumitru,Annotazione Dumitru Analogy,16,CQ4,no,no
cc38c0cf01e898e9,dumitru,Annotazione Dumitru Analogy,16,scheme,analogy,YES
cc38c0cf01e898e9,dumitru,Annotazione Dumitru Analogy,16,uncertainty,CQ1:AMB,CQ1:AMB
cc38c0cf01e898e9,dumitru,Annotazione Dumitru Analogy,16,verdict,good_argumentation,Good Argumentation
cc38c0cf01e898e9,eleni,new_analogy,37,comment,Different intent: mask -> protect theirselves and others -> could lead to death,Different intent: mask -> protect theirselves and others -> could lead to death
cc38c0cf01e898e9,eleni,new_analogy,37,scheme,analogy,YES
cc38c0cf01e898e9,eleni,new_analogy,37,verdict,any_fallacy,YES
cc38c0cf01e898e9,enrico,new_analogy,37,scheme,analogy,YES
cc38c0cf01e898e9,enrico,new_analogy,37,verdict,weak_analogy,weak analogy
cce58b37be650ae8,base,Slippery slope,59,starting_label,slippery_slope,slippery slope
cceee76ae47692e8,enrico,Copia di example_final_Enrico,36,difficulty,3,3
cceee76ae47692e8,enrico,Copia di example_final_Enrico,36,scheme,example,YES
cceee76ae47692e8,enrico,Copia di example_final_Enrico,36,verdict,good_argumentation,no fallacy
ccfa683591fab3c8,base,Slippery slope,76,starting_label,slippery_slope,slippery slope
cd59af0c3b86375d,base,Annotazione Dumitru Expert Opin,115,starting_label,strawman,straw man
cd59af0c3b86375d,dumitru,Annotazione Dumitru Expert Opin,115,CQ1,yes,yes
cd59af0c3b86375d,dumitru,Annotazione Dumitru Expert Opin,115,CQ2,no,no
cd59af0c3b86375d,dumitru,Annotazione Dumitru Expert Opin,115,CQ3,no,no
cd59af0c3b86375d,dumitru,Annotazione Dumitru Expert Opin,115,CQ3.1,yes,yes
cd59af0c3b86375d,dumitru,Annotazione Dumitru Expert Opin,115,CQ4,yes,yes
cd59af0c3b86375d,dumitru,Annotazione Dumitru Expert Opin,115,CQ4.1,yes,yes
cd59af0c3b86375d,dumitru,Annotazione Dumitru Expert Opin,115,scheme,expert_opinion,YES
cd59af0c3b86375d,dumitru,Annotazione Dumitru Expert Opin,115,uncertainty,CQ1:AMB;CQ2:AMB;CQ3.1:AMB;CQ4.1:AMB,CQ1:AMB;CQ2:AMB;CQ3.1:AMB;CQ4.1:AMB
cd59af0c3b86375d,dumitru,Annotazione Dumitru Expert Opin,115,verdict,strawman,Strawman
cd59af0c3b86375d,eleni,new_expert_opinion,115,verdict,strawman,straw man
cd59af0c3b86375d,enrico,new_expert_opinion,115,comment,forse altra fallacia?,forse altra fallacia?
cd59af0c3b86375d,enrico,new_expert_opinion,115,scheme,none,NO
cd59af0c3b86375d,enrico,new_expert_opinion,115,verdict,strawman,straw man
cd65d99bbe26e242,base,Slippery slope,96,starting_label,slippery_slope,slippery slope
ce452afac86fd24a,enrico,Copia di hasty_generalization_E,77,scheme,example,Example
ce452afac86fd24a,enrico,Copia di hasty_generalization_E,77,verdict,hasty_generalization,hasty generalization
ce452afac86fd24a,base,hasty_generalization,77,starting_label,hasty_generalization,Hasty Generalization
cecc3cc68f091a6f,enrico,Copia di new_ad_populum_Enrico,114,difficulty,1,1
cecc3cc68f091a6f,enrico,Copia di new_ad_populum_Enrico,114,scheme,none,NO
cecc3cc68f091a6f,enrico,Copia di new_ad_populum_Enrico,114,verdict,ad_populum,ad populum
cecc3cc68f091a6f,base,new_ad_populum,114,starting_label,ad_populum,ad populum
ceee1707df4fb265,base,Annotazione Dumitru Expert Opin,102,starting_label,appeal_to_authority,appeal to authority
ceee1707df4fb265,dumitru,Annotazione Dumitru Expert Opin,102,CQ1,no,no
ceee1707df4fb265,dumitru,Annotazione Dumitru Expert Opin,102,CQ2,yes,yes
ceee1707df4fb265,dumitru,Annotazione Dumitru Expert Opin,102,CQ3,yes,yes
ceee1707df4fb265,dumitru,Annotazione Dumitru Expert Opin,102,CQ3.1,yes,yes
ceee1707df4fb265,dumitru,Annotazione Dumitru Expert Opin,102,CQ4,yes,yes
ceee1707df4fb265,dumitru,Annotazione Dumitru Expert Opin,102,CQ4.1,no,no
ceee1707df4fb265,dumitru,Annotazione Dumitru Expert Opin,102,scheme,expert_opinion,YES
ceee1707df4fb265,dumitru,Annotazione Dumitru Expert Opin,102,uncertainty,CQ1:SUBJ,CQ1:SUBJ
ceee1707df4fb265,dumitru,Annotazione Dumitru Expert Opin,102,verdict,irrelevant_authority,Irrelevant Authority
ceee1707df4fb265,eleni,new_expert_opinion,102,verdict,appeal_to_authority,appeal to authority
ceee1707df4fb265,enrico,new_expert_opinion,102,scheme,expert_opinion,YES
ceee1707df4fb265,enrico,new_expert_opinion,102,verdict,appeal_to_authority,appeal to authority
cf3b4d6783d834d0,enrico,Copia di new_ad_populum_Enrico,62,difficulty,3,3
cf3b4d6783d834d0,enrico,Copia di new_ad_populum_Enrico,62,scheme,popular_opinion,YES
cf3b4d6783d834d0,enrico,Copia di new_ad_populum_Enrico,62,verdict,non_sequitur,non sequitur
cf3b4d6783d834d0,enrico,new_ad_populum,62,scheme,popular_opinion,YES
cfb64f0d569f2ed2,enrico,Copia di example_final_Enrico,57,difficulty,2,2
cfb64f0d569f2ed2,enrico,Copia di example_final_Enrico,57,scheme,example,YES
cfb64f0d569f2ed2,enrico,Copia di example_final_Enrico,57,verdict,cherry_picking,Cherry picking
d0171c3fea2233ad,base,Slippery slope,88,starting_label,slippery_slope,slippery slope
d032b2dfaf409d1e,base,Annotazione Dumitru Expert Opin,2,starting_label,appeal_to_authority,appeal to authority
d032b2dfaf409d1e,dumitru,Annotazione Dumitru Expert Opin,2,CQ1,yes,yes
d032b2dfaf409d1e,dumitru,Annotazione Dumitru Expert Opin,2,CQ2,no,no
d032b2dfaf409d1e,dumitru,Annotazione Dumitru Expert Opin,2,CQ3,yes,yes
d032b2dfaf409d1e,dumitru,Annotazione Dumitru Expert Opin,2,CQ3.1,yes,yes
d032b2dfaf409d1e,dumitru,Annotazione Dumitru Expert Opin,2,CQ4,yes,yes
d032b2dfaf409d1e,dumitru,Annotazione Dumitru Expert Opin,2,CQ4.1,no,no
d032b2dfaf409d1e,dumitru,Annotazione Dumitru Expert Opin,2,scheme,expert_opinion,YES
d032b2dfaf409d1e,dumitru,Annotazione Dumitru Expert Opin,2,uncertainty,CQ1:DIFF;CQ4.1:AMB,CQ1:DIFF;CQ4.1:AMB
d032b2dfaf409d1e,dumitru,Annotazione Dumitru Expert Opin,2,verdict,non_sequitur,Non Sequitur
d032b2dfaf409d1e,eleni,new_expert_opinion,2,verdict,appeal_to_authority,appeal to authority
d032b2dfaf409d1e,enrico,new_expert_opinion,2,scheme,expert_opinion,YES
d032b2dfaf409d1e,enrico,new_expert_opinion,2,verdict,appeal_to_authority,appeal to authority
d0547e63ffd79ced,enrico,ad hominem,47,scheme,ad_hominem,Ad Hominem
d0547e63ffd79ced,enrico,ad hominem,47,verdict,ad_hominem_abusive,Abusive
d0655b3e4209b5a2,enrico,Copia di example_final_Enrico,30,difficulty,3,3
d0655b3e4209b5a2,enrico,Copia di example_final_Enrico,30,scheme,example,YES
d0655b3e4209b5a2,enrico,Copia di example_final_Enrico,30,verdict,cherry_picking,Cherry picking
d13db8f2182c2496,enrico,Copia di new_ad_populum_Enrico,94,difficulty,1,1
d13db8f2182c2496,enrico,Copia di new_ad_populum_Enrico,94,scheme,popular_opinion,YES
d13db8f2182c2496,enrico,Copia di new_ad_populum_Enrico,94,verdict,ad_populum,ad populum
d13db8f2182c2496,base,new_ad_populum,94,starting_label,ad_populum,ad populum
d20eff27b913c518,enrico,ad hominem,3,scheme,ad_hominem,Ad Hominem
d20eff27b913c518,enrico,ad hominem,3,verdict,ad_hominem_tu_quoque,Tu Quoque
d25278a250ff35ad,enrico,Copia di hasty_generalization_E,9,scheme,example,Example
d25278a250ff35ad,enrico,Copia di hasty_generalization_E,9,verdict,hasty_generalization,hasty generalization
d25278a250ff35ad,base,hasty_generalization,9,starting_label,hasty_generalization,hasty generalization
d253ff396893b1de,dumitru,Annotazione Dumitru Expert Opin,31,CQ1,yes,yes
d253ff396893b1de,dumitru,Annotazione Dumitru Expert Opin,31,CQ2,no,no
d253ff396893b1de,dumitru,Annotazione Dumitru Expert Opin,31,CQ3,yes,yes
d253ff396893b1de,dumitru,Annotazione Dumitru Expert Opin,31,CQ3.1,yes,yes
d253ff396893b1de,dumitru,Annotazione Dumitru Expert Opin,31,CQ4,no,no
d253ff396893b1de,dumitru,Annotazione Dumitru Expert Opin,31,CQ4.1,yes,yes
d253ff396893b1de,dumitru,Annotazione Dumitru Expert Opin,31,scheme,expert_opinion,YES
d253ff396893b1de,dumitru,Annotazione Dumitru Expert Opin,31,verdict,good_argumentation,Good Argumentation
d253ff396893b1de,eleni,new_expert_opinion,31,scheme,expert_opinion,YES
d253ff396893b1de,eleni,new_expert_opinion,31,verdict,any_fallacy,YES
d253ff396893b1de,enrico,new_expert_opinion,31,scheme,expert_opinion,YES
d253ff396893b1de,enrico,new_expert_opinion,31,verdict,good_argumentation,no
d28653eb6661c9da,enrico,Copia di example_final_Enrico,22,difficulty,3,3
d28653eb6661c9da,enrico,Copia di example_final_Enrico,22,scheme,example,YES
d28653eb6661c9da,enrico,Copia di example_final_Enrico,22,verdict,appeal_to_extremes,appelal to extremes
d2eefe13c73ec89d,enrico,Copia di hasty_generalization_E,13,scheme,popular_opinion,Popular opinion
d2eefe13c73ec89d,enrico,Copia di hasty_generalization_E,13,verdict,cherry_picking,cherry picking
d2eefe13c73ec89d,base,hasty_generalization,13,starting_label,hasty_generalization,hasty generalization
d3348444f772f782,enrico,Copia di cause_to_effect_Enrico,55,scheme,correlation_to_cause,Correlation to effect
d3348444f772f782,enrico,Copia di cause_to_effect_Enrico,55,verdict,questionable_cause,Questionable cause
d3348444f772f782,base,cause_to_effect,55,starting_label,post_hoc,post hoc ergo propter hoc
d3a46de185a50878,enrico,Copia di cause_to_effect_Enrico,36,comment,non vedo lo schema,non vedo lo schema
d3a46de185a50878,enrico,Copia di cause_to_effect_Enrico,36,scheme,cause_to_effect,Cause to effect
d3a46de185a50878,enrico,Copia di cause_to_effect_Enrico,36,verdict,idk,?
d3a46de185a50878,enrico,cause_to_effect,36,scheme,cause_to_effect,YES
d3bbd548983fdd38,enrico,ad hominem,77,scheme,ad_hominem,Ad Hominem
d3bbd548983fdd38,enrico,ad hominem,77,verdict,ad_hominem_abusive,Abusive
d3ca1867c37aa71f,base,Annotazione Dumitru Expert Opin,90,starting_label,appeal_to_authority,appeal to authority
d3ca1867c37aa71f,dumitru,Annotazione Dumitru Expert Opin,90,CQ1,yes,yes
d3ca1867c37aa71f,dumitru,Annotazione Dumitru Expert Opin,90,CQ2,yes,yes
d3ca1867c37aa71f,dumitru,Annotazione Dumitru Expert Opin,90,CQ3,yes,yes
d3ca1867c37aa71f,dumitru,Annotazione Dumitru Expert Opin,90,CQ3.1,yes,yes
d3ca1867c37aa71f,dumitru,Annotazione Dumitru Expert Opin,90,CQ4,no,no
d3ca1867c37aa71f,dumitru,Annotazione Dumitru Expert Opin,90,CQ4.1,yes,yes
d3ca1867c37aa71f,dumitru,Annotazione Dumitru Expert Opin,90,scheme,expert_opinion,YES
d3ca1867c37aa71f,dumitru,Annotazione Dumitru Expert Opin,90,verdict,appeal_to_authority,Appeal to Authority
d3ca1867c37aa71f,eleni,new_expert_opinion,90,verdict,appeal_to_authority,appeal to authority
d3ca1867c37aa71f,enrico,new_expert_opinion,90,scheme,expert_opinion,YES
d3ca1867c37aa71f,enrico,new_expert_opinion,90,verdict,appeal_to_authority,appeal to authority
d3e9fac3596efc53,enrico,Copia di example_final_Enrico,8,comment,diritto,diritto
d3e9fac3596efc53,enrico,Copia di example_final_Enrico,8,difficulty,2,2
d3e9fac3596efc53,enrico,Copia di example_final_Enrico,8,scheme,example,YES
d3e9fac3596efc53,enrico,Copia di example_final_Enrico,8,verdict,good_argumentation,no fallacy
d401cb510737c321,enrico,ad hominem,12,scheme,ad_hominem,Ad Hominem
d401cb510737c321,enrico,ad hominem,12,verdict,poisoning_the_well,Poisoning the Well
d45e44ffd0cdee7e,enrico,Copia di new_ad_populum_Enrico,136,difficulty,4,4
d45e44ffd0cdee7e,enrico,Copia di new_ad_populum_Enrico,136,scheme,none,NO
d45e44ffd0cdee7e,enrico,Copia di new_ad_populum_Enrico,136,verdict,appeal_to_nature,appeal to nature
d45e44ffd0cdee7e,base,new_ad_populum,136,starting_label,appeal_to_nature,appeal to nature
d4808566cb563b0d,base,Slippery slope,5,starting_label,slippery_slope,slippery slope
d49ab3d785accbbd,enrico,Copia di new_ad_populum_Enrico,101,difficulty,2,2
d49ab3d785accbbd,enrico,Copia di new_ad_populum_Enrico,101,scheme,popular_opinion,YES
d49ab3d785accbbd,enrico,Copia di new_ad_populum_Enrico,101,verdict,appeal_to_tradition,appeal to tradition
d49ab3d785accbbd,base,new_ad_populum,101,starting_label,appeal_to_tradition,appeal to tradition
d4a188a83e92b37c,enrico,ad hominem,52,scheme,ad_hominem,Ad Hominem
d4a188a83e92b37c,enrico,ad hominem,52,verdict,ad_hominem_abusive,Abusive
d4b8c6c309f41e27,base,Annotazione Dumitru Expert Opin,12,starting_label,appeal_to_authority,appeal to authority
d4b8c6c309f41e27,dumitru,Annotazione Dumitru Expert Opin,12,CQ1,no,no
d4b8c6c309f41e27,dumitru,Annotazione Dumitru Expert Opin,12,CQ2,yes,yes
d4b8c6c309f41e27,dumitru,Annotazione Dumitru Expert Opin,12,CQ3,no,no
d4b8c6c309f41e27,dumitru,Annotazione Dumitru Expert Opin,12,CQ3.1,no,no
d4b8c6c309f41e27,dumitru,Annotazione Dumitru Expert Opin,12,CQ4,no,no
d4b8c6c309f41e27,dumitru,Annotazione Dumitru Expert Opin,12,CQ4.1,yes,yes
d4b8c6c309f41e27,dumitru,Annotazione Dumitru Expert Opin,12,scheme,expert_opinion,YES
d4b8c6c309f41e27,dumitru,Annotazione Dumitru Expert Opin,12,uncertainty,CQ1:AMB,CQ1:AMB
d4b8c6c309f41e27,dumitru,Annotazione Dumitru Expert Opin,12,verdict,irrelevant_authority,Irrelevant Authority
d4b8c6c309f41e27,eleni,new_expert_opinion,12,verdict,appeal_to_authority,appeal to authority
d4b8c6c309f41e27,enrico,new_expert_opinion,12,comment,anche se non è chiaro neanche qui l'intento,anche se non è chiaro neanche qui l'intento
d4b8c6c309f41e27,enrico,new_expert_opinion,12,scheme,expert_opinion,YES
d4b8c6c309f41e27,enrico,new_expert_opinion,12,verdict,appeal_to_authority,appeal to authority
d4f47f7ae0509e0c,enrico,Copia di cause_to_effect_Enrico,22,difficulty,1,1
d4f47f7ae0509e0c,enrico,Copia di cause_to_effect_Enrico,22,scheme,cause_to_effect,Cause to effect
d4f47f7ae0509e0c,enrico,Copia di cause_to_effect_Enrico,22,verdict,good_argumentation,no fallacy
d4f47f7ae0509e0c,enrico,cause_to_effect,22,scheme,cause_to_effect,YES
d57f4e222d00380f,dumitru,Annotazione Dumitru Expert Opin,61,CQ1,no,no
d57f4e222d00380f,dumitru,Annotazione Dumitru Expert Opin,61,CQ2,no,no
d57f4e222d00380f,dumitru,Annotazione Dumitru Expert Opin,61,CQ3,yes,yes
d57f4e222d00380f,dumitru,Annotazione Dumitru Expert Opin,61,CQ3.1,yes,yes
d57f4e222d00380f,dumitru,Annotazione Dumitru Expert Opin,61,CQ4,yes,yes
d57f4e222d00380f,dumitru,Annotazione Dumitru Expert Opin,61,CQ4.1,yes,yes
d57f4e222d00380f,dumitru,Annotazione Dumitru Expert Opin,61,scheme,expert_opinion,YES
d57f4e222d00380f,dumitru,Annotazione Dumitru Expert Opin,61,uncertainty,CQ1:AMB;CQ4:AMB,CQ1:AMB;CQ4:AMB
d57f4e222d00380f,dumitru,Annotazione Dumitru Expert Opin,61,verdict,irrelevant_authority,Irrelevant Authority
d57f4e222d00380f,eleni,new_expert_opinion,73,scheme,expert_opinion,YES
d57f4e222d00380f,eleni,new_expert_opinion,73,verdict,any_fallacy,YES
d57f4e222d00380f,enrico,new_expert_opinion,73,comment,l'implicazione non è corretta,l'implicazione non è corretta
d57f4e222d00380f,enrico,new_expert_opinion,73,exit_cq,CQ4,CQ4
d57f4e222d00380f,enrico,new_expert_opinion,73,scheme,expert_opinion,YES
d57f4e222d00380f,enrico,new_expert_opinion,73,verdict,non_sequitur,non sequitur
d5b9e52743630bf3,enrico,Copia di example_final_Enrico,56,comment,non si valutano bene tutti gli aspetti,non si valutano bene tutti gli aspetti
d5b9e52743630bf3,enrico,Copia di example_final_Enrico,56,difficulty,3,3
d5b9e52743630bf3,enrico,Copia di example_final_Enrico,56,scheme,example,YES
d5b9e52743630bf3,enrico,Copia di example_final_Enrico,56,verdict,weak_analogy,Weak analogy
d5c6221d54375f95,enrico,Copia di cause_to_effect_Enrico,63,comment,?,?
d5c6221d54375f95,enrico,Copia di cause_to_effect_Enrico,63,scheme,none,NO
d5c6221d54375f95,enrico,Copia di cause_to_effect_Enrico,63,verdict,false_cause,false causality
d5c6221d54375f95,base,cause_to_effect,63,starting_label,false_cause,false cause
d6294ced9ce1c938,enrico,Copia di cause_to_effect_Enrico,67,scheme,none,NO
d6294ced9ce1c938,enrico,Copia di cause_to_effect_Enrico,67,verdict,false_cause,false causality
d6294ced9ce1c938,base,cause_to_effect,67,starting_label,false_cause,false causality
d63a16ccaa0d11ab,enrico,Copia di hasty_generalization_E,15,scheme,popular_opinion,Popular opinion
d63a16ccaa0d11ab,enrico,Copia di hasty_generalization_E,15,verdict,hasty_generalization,hasty generalization
d63a16ccaa0d11ab,base,hasty_generalization,15,starting_label,hasty_generalization,hasty generalization
d650b4d871478c65,base,Slippery slope,90,starting_label,slippery_slope,slippery slope
d666da3f367846db,enrico,Copia di hasty_generalization_E,30,scheme,none,none
d666da3f367846db,enrico,Copia di hasty_generalization_E,30,verdict,hasty_generalization,hasty generalization
d666da3f367846db,base,hasty_generalization,30,starting_label,hasty_generalization,hasty generalization
d6a50c3488e19738,base,Slippery slope,18,starting_label,slippery_slope,slippery slope
d7161d0ebd0f5910,enrico,Copia di cause_to_effect_Enrico,60,scheme,correlation_to_cause,Correlation to effect
d7161d0ebd0f5910,enrico,Copia di cause_to_effect_Enrico,60,verdict,causal_reductionism,Casual reductionism
d7161d0ebd0f5910,base,cause_to_effect,60,starting_label,false_cause,false causality
d7616f9f478bc4eb,enrico,Copia di hasty_generalization_E,26,comment,EXPERT OPINION?,EXPERT OPINION?
d7616f9f478bc4eb,enrico,Copia di hasty_generalization_E,26,scheme,expert_opinion,Expert opinion
d7616f9f478bc4eb,enrico,Copia di hasty_generalization_E,26,verdict,irrelevant_authority,irrelevant authority
d7616f9f478bc4eb,base,hasty_generalization,26,starting_label,hasty_generalization,hasty generalization
d8a37eb53779dba5,base,Slippery slope,27,starting_label,slippery_slope,slippery slope
d8d6d8264aa6ec0a,enrico,ad hominem,6,scheme,ad_hominem,Ad Hominem
d8d6d8264aa6ec0a,enrico,ad hominem,6,verdict,ad_fidentia,Ad Fidentia
d9788250a6e3dde7,dumitru,Annotazione Dumitru Expert Opin,35,CQ1,yes,yes
d9788250a6e3dde7,dumitru,Annotazione Dumitru Expert Opin,35,CQ2,no,no
d9788250a6e3dde7,dumitru,Annotazione Dumitru Expert Opin,35,CQ3,yes,yes
d9788250a6e3dde7,dumitru,Annotazione Dumitru Expert Opin,35,CQ3.1,yes,yes
d9788250a6e3dde7,dumitru,Annotazione Dumitru Expert Opin,35,CQ4,no,no
d9788250a6e3dde7,dumitru,Annotazione Dumitru Expert Opin,35,CQ4.1,yes,yes
d9788250a6e3dde7,dumitru,Annotazione Dumitru Expert Opin,35,scheme,expert_opinion,YES
d9788250a6e3dde7,dumitru,Annotazione Dumitru Expert Opin,35,verdict,good_argumentation,Good Argumentation
d9788250a6e3dde7,eleni,new_expert_opinion,35,comment,"No factual evidence, just an opinion","No factual evidence, just an opinion"
d9788250a6e3dde7,eleni,new_expert_opinion,35,scheme,expert_opinion,YES
d9788250a6e3dde7,eleni,new_expert_opinion,35,verdict,any_fallacy,YES
d9788250a6e3dde7,enrico,new_expert_opinion,35,comment,"è un campo in cui ci sono molte teorie e non c'è assoluto accordo. sebbene non condivisibile e non rappresenti un'argoemtnezione schiacciante, non mi pare neanche fallace","è un campo in cui ci sono molte teorie e non c'è assoluto accordo. sebbene non condivisibile e non rappresenti un'argoemtnezione schiacciante, non mi pare neanche fallace"
d9788250a6e3dde7,enrico,new_expert_opinion,35,scheme,expert_opinion,YES
d9788250a6e3dde7,enrico,new_expert_opinion,35,verdict,good_argumentation,no
da2c5406f82201d7,enrico,Copia di cause_to_effect_Enrico,57,scheme,correlation_to_cause,Correlation to effect
da2c5406f82201d7,enrico,Copia di cause_to_effect_Enrico,57,verdict,causal_reductionism,Casual reductionism
da2c5406f82201d7,base,cause_to_effect,57,starting_label,false_cause,false causality
da7ef2a705bb8bd5,dumitru,Annotazione Dumitru Expert Opin,66,CQ1,yes,yes
da7ef2a705bb8bd5,dumitru,Annotazione Dumitru Expert Opin,66,CQ2,no,no
da7ef2a705bb8bd5,dumitru,Annotazione Dumitru Expert Opin,66,CQ3,yes,yes
da7ef2a705bb8bd5,dumitru,Annotazione Dumitru Expert Opin,66,CQ3.1,yes,yes
da7ef2a705bb8bd5,dumitru,Annotazione Dumitru Expert Opin,66,CQ4,yes,yes
da7ef2a705bb8bd5,dumitru,Annotazione Dumitru Expert Opin,66,CQ4.1,no,no
da7ef2a705bb8bd5,dumitru,Annotazione Dumitru Expert Opin,66,scheme,expert_opinion,YES
da7ef2a705bb8bd5,dumitru,Annotazione Dumitru Expert Opin,66,uncertainty,CQ4:AMB;CQ4.1:AMB,CQ4:AMB;CQ4.1:AMB
da7ef2a705bb8bd5,dumitru,Annotazione Dumitru Expert Opin,66,verdict,non_sequitur,Non Sequitur
da7ef2a705bb8bd5,eleni,new_expert_opinion,66,scheme,expert_opinion,YES
da7ef2a705bb8bd5,eleni,new_expert_opinion,66,verdict,good_argumentation,NO
da7ef2a705bb8bd5,enrico,new_expert_opinion,66,scheme,expert_opinion,YES
da7ef2a705bb8bd5,enrico,new_expert_opinion,66,verdict,good_argumentation,no
da8d6df86479b54b,base,Slippery slope,43,starting_label,slippery_slope,slippery slope
daa9489fc96e6faf,base,Slippery slope,95,starting_label,slippery_slope,slippery slope
dacb25c2ce7e1de4,enrico,ad hominem,58,scheme,ad_hominem,Ad Hominem
dacb25c2ce7e1de4,enrico,ad hominem,58,verdict,ad_hominem_tu_quoque,Tu Quoque
db2d2815b640a8e6,enrico,Copia di new_ad_populum_Enrico,47,comment,?,?
db2d2815b640a8e6,enrico,Copia di new_ad_populum_Enrico,47,difficulty,4,4
db2d2815b640a8e6,enrico,Copia di new_ad_populum_Enrico,47,scheme,popular_opinion,YES
db2d2815b640a8e6,enrico,Copia di new_ad_populum_Enrico,47,verdict,good_argumentation,no fallacy
db2d2815b640a8e6,enrico,new_ad_populum,47,scheme,popular_opinion,YES
db2f98c7cf4a1220,enrico,Copia di hasty_generalization_E,42,scheme,none,none
db2f98c7cf4a1220,enrico,Copia di hasty_generalization_E,42,verdict,hasty_generalization,hasty generalization
db2f98c7cf4a1220,base,hasty_generalization,42,starting_label,hasty_generalization,hasty generalization
db8cbe3dabb9d2f3,enrico,Copia di new_ad_populum_Enrico,54,difficulty,4,4
db8cbe3dabb9d2f3,enrico,Copia di new_ad_populum_Enrico,54,scheme,popular_opinion,YES
db8cbe3dabb9d2f3,enrico,Copia di new_ad_populum_Enrico,54,verdict,cherry_picking,cherry picking
db8cbe3dabb9d2f3,enrico,new_ad_populum,54,scheme,popular_opinion,YES
dbf2a827a6a3f7b6,base,Annotazione Dumitru Analogy,91,starting_label,weak_analogy,weak analogy
dbf2a827a6a3f7b6,dumitru,Annotazione Dumitru Analogy,91,CQ1,yes,yes
dbf2a827a6a3f7b6,dumitru,Annotazione Dumitru Analogy,91,CQ1.1,no,no
dbf2a827a6a3f7b6,dumitru,Annotazione Dumitru Analogy,91,CQ2,no,no
dbf2a827a6a3f7b6,dumitru,Annotazione Dumitru Analogy,91,CQ3,yes,yes
dbf2a827a6a3f7b6,dumitru,Annotazione Dumitru Analogy,91,CQ4,no,no
dbf2a827a6a3f7b6,dumitru,Annotazione Dumitru Analogy,91,scheme,analogy,YES
dbf2a827a6a3f7b6,dumitru,Annotazione Dumitru Analogy,91,verdict,weak_analogy,Weak Analogy
dbf2a827a6a3f7b6,eleni,new_analogy,91,verdict,weak_analogy,weak analogy
dbf2a827a6a3f7b6,enrico,new_analogy,91,scheme,analogy,YES
dbf2a827a6a3f7b6,enrico,new_analogy,91,verdict,weak_analogy,weak analogy
dc048a6aa171dded,enrico,ad hominem,95,scheme,ad_hominem,Ad Hominem
dc048a6aa171dded,enrico,ad hominem,95,verdict,ad_hominem_abusive,Abusive
dcd552d25e7375cb,enrico,Copia di new_ad_populum_Enrico,50,difficulty,4,4
dcd552d25e7375cb,enrico,Copia di new_ad_populum_Enrico,50,scheme,popular_opinion,YES
dcd552d25e7375cb,enrico,Copia di new_ad_populum_Enrico,50,verdict,cherry_picking,cherry picking
dcd552d25e7375cb,enrico,new_ad_populum,50,scheme,popular_opinion,YES
dcd65a7e3accd79c,enrico,ad hominem,94,scheme,ad_hominem,Ad Hominem
dcd65a7e3accd79c,enrico,ad hominem,94,verdict,ad_hominem_abusive,Abusive
dd38a08129e73da0,enrico,ad hominem,48,scheme,ad_hominem,Ad Hominem
dd38a08129e73da0,enrico,ad hominem,48,verdict,ad_hominem_abusive,Abusive
dda53fd72a430d71,enrico,ad hominem,36,scheme,ad_hominem,Ad Hominem
dda53fd72a430d71,enrico,ad hominem,36,verdict,ad_hominem_guilt_by_association,Guilt by Association
ddf99e8f09adea4a,enrico,Copia di hasty_generalization_E,87,scheme,example,Example
ddf99e8f09adea4a,enrico,Copia di hasty_generalization_E,87,verdict,hasty_generalization,hasty generalization
ddf99e8f09adea4a,base,hasty_generalization,87,starting_label,hasty_generalization,Hasty Generalization
de6afc40490ef50a,dumitru,Annotazione Dumitru Expert Opin,32,CQ1,no,no
de6afc40490ef50a,dumitru,Annotazione Dumitru Expert Opin,32,CQ2,no,no
de6afc40490ef50a,dumitru,Annotazione Dumitru Expert Opin,32,CQ3,yes,yes
de6afc40490ef50a,dumitru,Annotazione Dumitru Expert Opin,32,CQ3.1,yes,yes
de6afc40490ef50a,dumitru,Annotazione Dumitru Expert Opin,32,CQ4,yes,yes
de6afc40490ef50a,dumitru,Annotazione Dumitru Expert Opin,32,CQ4.1,no,no
de6afc40490ef50a,dumitru,Annotazione Dumitru Expert Opin,32,scheme,expert_opinion,YES
de6afc40490ef50a,dumitru,Annotazione Dumitru Expert Opin,32,uncertainty,CQ1:SUBJ;CQ2:AMB;CQ4.1:SUBJ,CQ1:SUBJ;CQ2:AMB;CQ4.1:SUBJ
de6afc40490ef50a,dumitru,Annotazione Dumitru Expert Opin,32,verdict,irrelevant_authority,Irrelevant Authority
de6afc40490ef50a,eleni,new_expert_opinion,44,comment,No evidence,No evidence
de6afc40490ef50a,eleni,new_expert_opinion,44,scheme,expert_opinion,YES
de6afc40490ef50a,eleni,new_expert_opinion,44,verdict,any_fallacy,YES
de6afc40490ef50a,enrico,new_expert_opinion,44,comment,non esperti in etica?,non esperti in etica?
de6afc40490ef50a,enrico,new_expert_opinion,44,exit_cq,CQ1,CQ1
de6afc40490ef50a,enrico,new_expert_opinion,44,scheme,expert_opinion,YES
de6afc40490ef50a,enrico,new_expert_opinion,44,verdict,irrelevant_authority,false authority
de76bd6679882821,dumitru,Annotazione Dumitru Expert Opin,60,CQ1,yes,yes
de76bd6679882821,dumitru,Annotazione Dumitru Expert Opin,60,CQ2,yes,yes
de76bd6679882821,dumitru,Annotazione Dumitru Expert Opin,60,CQ3,yes,yes
de76bd6679882821,dumitru,Annotazione Dumitru Expert Opin,60,CQ3.1,yes,yes
de76bd6679882821,dumitru,Annotazione Dumitru Expert Opin,60,CQ4,idk,idk
de76bd6679882821,dumitru,Annotazione Dumitru Expert Opin,60,CQ4.1,idk,idk
de76bd6679882821,dumitru,Annotazione Dumitru Expert Opin,60,note,non c'è una conclusione vera e propria,non c'è una conclusione vera e propria
de76bd6679882821,dumitru,Annotazione Dumitru Expert Opin,60,scheme,expert_opinion,YES
de76bd6679882821,dumitru,Annotazione Dumitru Expert Opin,60,verdict,appeal_to_authority,Appeal to Authority
de76bd6679882821,eleni,new_expert_opinion,27,scheme,expert_opinion,YES
de76bd6679882821,eleni,new_expert_opinion,27,verdict,any_fallacy,YES
de76bd6679882821,enrico,new_expert_opinion,27,comment,davvero carente dal punto divista argomentativo,davvero carente dal punto divista argomentativo
de76bd6679882821,enrico,new_expert_opinion,27,exit_cq,CQ2,CQ2
de76bd6679882821,enrico,new_expert_opinion,27,scheme,expert_opinion,YES
de76bd6679882821,enrico,new_expert_opinion,27,verdict,appeal_to_authority,appeal to authority
de7d5dc95ab744ab,enrico,Copia di cause_to_effect_Enrico,52,scheme,correlation_to_cause,Correlation to effect
de7d5dc95ab744ab,enrico,Copia di cause_to_effect_Enrico,52,verdict,post_hoc,post hoc
de7d5dc95ab744ab,base,cause_to_effect,52,starting_label,post_hoc,post hoc ergo propter hoc
dec11e6a5c40d7dc,enrico,Copia di hasty_generalization_E,91,scheme,none,none
dec11e6a5c40d7dc,enrico,Copia di hasty_generalization_E,91,verdict,hasty_generalization,hasty generalization
dec11e6a5c40d7dc,base,hasty_generalization,91,starting_label,hasty_generalization,Hasty Generalization
def56b6cc3311d0a,enrico,Copia di hasty_generalization_E,6,scheme,example,Example
def56b6cc3311d0a,enrico,Copia di hasty_generalization_E,6,verdict,hasty_generalization,hasty generalization
def56b6cc3311d0a,base,hasty_generalization,6,starting_label,hasty_generalization,hasty generalization
df5d52b4204fb15e,base,Annotazione Dumitru Expert Opin,101,starting_label,appeal_to_authority,appeal to authority
df5d52b4204fb15e,dumitru,Annotazione Dumitru Expert Opin,101,CQ1,yes,yes
df5d52b4204fb15e,dumitru,Annotazione Dumitru Expert Opin,101,CQ2,no,no
df5d52b4204fb15e,dumitru,Annotazione Dumitru Expert Opin,101,CQ3,yes,yes
df5d52b4204fb15e,dumitru,Annotazione Dumitru Expert Opin,101,CQ3.1,yes,yes
df5d52b4204fb15e,dumitru,Annotazione Dumitru Expert Opin,101,CQ4,yes,yes
df5d52b4204fb15e,dumitru,Annotazione Dumitru Expert Opin,101,CQ4.1,no,no
df5d52b4204fb15e,dumitru,Annotazione Dumitru Expert Opin,101,scheme,expert_opinion,YES
df5d52b4204fb15e,dumitru,Annotazione Dumitru Expert Opin,101,uncertainty,CQ1:AMB,CQ1:AMB
df5d52b4204fb15e,dumitru,Annotazione Dumitru Expert Opin,101,verdict,non_sequitur,Non Sequitur
df5d52b4204fb15e,eleni,new_expert_opinion,101,verdict,appeal_to_authority,appeal to authority
df5d52b4204fb15e,enrico,new_expert_opinion,101,scheme,expert_opinion,YES
df5d52b4204fb15e,enrico,new_expert_opinion,101,verdict,appeal_to_authority,appeal to authority
df72f7490fae9a2f,enrico,Copia di hasty_generalization_E,45,scheme,correlation_to_cause,Correlation to cause
df72f7490fae9a2f,enrico,Copia di hasty_generalization_E,45,verdict,hasty_generalization,hasty generalization
df72f7490fae9a2f,base,hasty_generalization,45,starting_label,hasty_generalization,hasty generalization
dfcc8b99fa47b5d4,base,Annotazione Dumitru Analogy,95,starting_label,cherry_picking,cherry picking
dfcc8b99fa47b5d4,dumitru,Annotazione Dumitru Analogy,95,CQ1,na,na
dfcc8b99fa47b5d4,dumitru,Annotazione Dumitru Analogy,95,CQ1.1,na,na
dfcc8b99fa47b5d4,dumitru,Annotazione Dumitru Analogy,95,CQ2,na,na
dfcc8b99fa47b5d4,dumitru,Annotazione Dumitru Analogy,95,CQ3,na,na
dfcc8b99fa47b5d4,dumitru,Annotazione Dumitru Analogy,95,CQ4,na,na
dfcc8b99fa47b5d4,dumitru,Annotazione Dumitru Analogy,95,scheme,none,NO
dfcc8b99fa47b5d4,eleni,new_analogy,95,verdict,cherry_picking,cherry picking
dfcc8b99fa47b5d4,enrico,new_analogy,95,scheme,none,NO
dfcc8b99fa47b5d4,enrico,new_analogy,95,verdict,cherry_picking,cherry picking
e017fe1db4c1f407,enrico,Copia di new_ad_populum_Enrico,55,difficulty,2,2
e017fe1db4c1f407,enrico,Copia di new_ad_populum_Enrico,55,scheme,popular_opinion,YES
e017fe1db4c1f407,enrico,Copia di new_ad_populum_Enrico,55,verdict,good_argumentation,no fallacy
e017fe1db4c1f407,enrico,new_ad_populum,55,scheme,popular_opinion,YES
e037592c498fda5a,enrico,Copia di new_ad_populum_Enrico,69,difficulty,1,1
e037592c498fda5a,enrico,Copia di new_ad_populum_Enrico,69,scheme,popular_opinion,YES
e037592c498fda5a,enrico,Copia di new_ad_populum_Enrico,69,verdict,ad_populum,ad populum
e037592c498fda5a,base,new_ad_populum,69,starting_label,ad_populum,ad populum
e041ce4b147f2cea,enrico,Copia di new_ad_populum_Enrico,129,difficulty,2,2
e041ce4b147f2cea,enrico,Copia di new_ad_populum_Enrico,129,scheme,none,NO
e041ce4b147f2cea,enrico,Copia di new_ad_populum_Enrico,129,verdict,ad_populum,ad populum
e041ce4b147f2cea,base,new_ad_populum,129,starting_label,ad_populum,ad populum
e0636b109c212016,base,Slippery slope,8,starting_label,slippery_slope,slippery slope
e07cca0a14ed04d4,enrico,Copia di example_final_Enrico,34,difficulty,4,4
e07cca0a14ed04d4,enrico,Copia di example_final_Enrico,34,scheme,example,YES
e07cca0a14ed04d4,enrico,Copia di example_final_Enrico,34,verdict,cherry_picking,Cherry picking
e163e03632c6c860,dumitru,Annotazione Dumitru Expert Opin,53,CQ1,yes,yes
e163e03632c6c860,dumitru,Annotazione Dumitru Expert Opin,53,CQ2,no,no
e163e03632c6c860,dumitru,Annotazione Dumitru Expert Opin,53,CQ3,yes,yes
e163e03632c6c860,dumitru,Annotazione Dumitru Expert Opin,53,CQ3.1,yes,yes
e163e03632c6c860,dumitru,Annotazione Dumitru Expert Opin,53,CQ4,yes,yes
e163e03632c6c860,dumitru,Annotazione Dumitru Expert Opin,53,CQ4.1,yes,yes
e163e03632c6c860,dumitru,Annotazione Dumitru Expert Opin,53,scheme,expert_opinion,YES
e163e03632c6c860,dumitru,Annotazione Dumitru Expert Opin,53,uncertainty,CQ1:AMB;CQ4:AMB,CQ1:AMB;CQ4:AMB
e163e03632c6c860,dumitru,Annotazione Dumitru Expert Opin,53,verdict,good_argumentation,Good Argumentation
e163e03632c6c860,eleni,new_expert_opinion,53,scheme,expert_opinion,YES
e163e03632c6c860,eleni,new_expert_opinion,53,verdict,good_argumentation,NO
e163e03632c6c860,enrico,new_expert_opinion,53,scheme,expert_opinion,YES
e163e03632c6c860,enrico,new_expert_opinion,53,verdict,good_argumentation,no
e176549d0dad79f3,enrico,Copia di example_final_Enrico,32,difficulty,3,3
e176549d0dad79f3,enrico,Copia di example_final_Enrico,32,scheme,example,YES
e176549d0dad79f3,enrico,Copia di example_final_Enrico,32,verdict,cherry_picking,Cherry picking
e1a26c13fb888e4b,enrico,Copia di new_ad_populum_Enrico,53,difficulty,3,3
e1a26c13fb888e4b,enrico,Copia di new_ad_populum_Enrico,53,scheme,popular_opinion,YES
e1a26c13fb888e4b,enrico,Copia di new_ad_populum_Enrico,53,verdict,cherry_picking,cherry picking
e1a26c13fb888e4b,enrico,new_ad_populum,53,scheme,popular_opinion,YES
e1c6fe7425fdbee7,enrico,Copia di example_final_Enrico,55,comment,non c'è una generalizzazione,non c'è una generalizzazione
e1c6fe7425fdbee7,enrico,Copia di example_final_Enrico,55,difficulty,2,2
e1c6fe7425fdbee7,enrico,Copia di example_final_Enrico,55,scheme,example,YES
e1c6fe7425fdbee7,enrico,Copia di example_final_Enrico,55,verdict,good_argumentation,no fallacy
e1e58b4536d1b7c9,enrico,Copia di hasty_generalization_E,76,scheme,none,none
e1e58b4536d1b7c9,enrico,Copia di hasty_generalization_E,76,verdict,hasty_generalization,hasty generalization
e1e58b4536d1b7c9,base,hasty_generalization,76,starting_label,hasty_generalization,Hasty Generalization
e1ef4ef568bfc522,base,Annotazione Dumitru Expert Opin,107,starting_label,strawman,straw man
e1ef4ef568bfc522,dumitru,Annotazione Dumitru Expert Opin,107,CQ1,yes,yes
e1ef4ef568bfc522,dumitru,Annotazione Dumitru Expert Opin,107,CQ2,no,no
e1ef4ef568bfc522,dumitru,Annotazione Dumitru Expert Opin,107,CQ3,no,no
e1ef4ef568bfc522,dumitru,Annotazione Dumitru Expert Opin,107,CQ3.1,yes,yes
e1ef4ef568bfc522,dumitru,Annotazione Dumitru Expert Opin,107,CQ4,yes,yes
e1ef4ef568bfc522,dumitru,Annotazione Dumitru Expert Opin,107,CQ4.1,yes,yes
e1ef4ef568bfc522,dumitru,Annotazione Dumitru Expert Opin,107,scheme,expert_opinion,YES
e1ef4ef568bfc522,dumitru,Annotazione Dumitru Expert Opin,107,uncertainty,CQ1:AMB;CQ2:AMB;CQ4.1:AMB,CQ1:AMB;CQ2:AMB;CQ4.1:AMB
e1ef4ef568bfc522,dumitru,Annotazione Dumitru Expert Opin,107,verdict,strawman,Strawman
e1ef4ef568bfc522,eleni,new_expert_opinion,107,verdict,strawman,straw man
e1ef4ef568bfc522,enrico,new_expert_opinion,107,scheme,none,NO
e1ef4ef568bfc522,enrico,new_expert_opinion,107,verdict,strawman,straw man
e29f1b1b1770e3b7,dumitru,Annotazione Dumitru Analogy,14,CQ1,no,no
e29f1b1b1770e3b7,dumitru,Annotazione Dumitru Analogy,14,CQ1.1,no,no
e29f1b1b1770e3b7,dumitru,Annotazione Dumitru Analogy,14,CQ2,yes,yes
e29f1b1b1770e3b7,dumitru,Annotazione Dumitru Analogy,14,CQ3,yes,yes
e29f1b1b1770e3b7,dumitru,Annotazione Dumitru Analogy,14,CQ4,no,no
e29f1b1b1770e3b7,dumitru,Annotazione Dumitru Analogy,14,scheme,analogy,YES
e29f1b1b1770e3b7,dumitru,Annotazione Dumitru Analogy,14,uncertainty,CQ1:SUBJ,CQ1:SUBJ
e29f1b1b1770e3b7,dumitru,Annotazione Dumitru Analogy,14,verdict,good_argumentation,Good Argumentation
e29f1b1b1770e3b7,eleni,new_analogy,14,scheme,analogy,YES
e29f1b1b1770e3b7,eleni,new_analogy,14,verdict,good_argumentation,NO
e29f1b1b1770e3b7,enrico,new_analogy,14,scheme,analogy,YES
e29f1b1b1770e3b7,enrico,new_analogy,14,verdict,good_argumentation,no
e2bdcb8c0eb60465,base,Slippery slope,11,starting_label,slippery_slope,slippery slope
e3d3c822f87923e4,enrico,Copia di new_ad_populum_Enrico,121,difficulty,1,1
e3d3c822f87923e4,enrico,Copia di new_ad_populum_Enrico,121,scheme,none,NO
e3d3c822f87923e4,enrico,Copia di new_ad_populum_Enrico,121,verdict,appeal_to_nature,appeal to nature
e3d3c822f87923e4,base,new_ad_populum,121,starting_label,appeal_to_nature,appeal to nature
e3eb83da4e0e9946,enrico,Copia di new_ad_populum_Enrico,46,comment,ammissione di possibile errore,ammissione di possibile errore
e3eb83da4e0e9946,enrico,Copia di new_ad_populum_Enrico,46,difficulty,5,5
e3eb83da4e0e9946,enrico,Copia di new_ad_populum_Enrico,46,scheme,popular_opinion,YES
e3eb83da4e0e9946,enrico,Copia di new_ad_populum_Enrico,46,verdict,good_argumentation,no fallacy
e3eb83da4e0e9946,enrico,new_ad_populum,46,scheme,popular_opinion,YES
e427663958d8d3c8,enrico,ad hominem,87,scheme,ad_hominem,Ad Hominem
e427663958d8d3c8,enrico,ad hominem,87,verdict,poisoning_the_well,Poisoning the Well
e4583e093074b40a,dumitru,Annotazione Dumitru Analogy,13,CQ1,yes,yes
e4583e093074b40a,dumitru,Annotazione Dumitru Analogy,13,CQ1.1,no,no
e4583e093074b40a,dumitru,Annotazione Dumitru Analogy,13,CQ2,yes,yes
e4583e093074b40a,dumitru,Annotazione Dumitru Analogy,13,CQ3,yes,yes
e4583e093074b40a,dumitru,Annotazione Dumitru Analogy,13,CQ4,no,no
e4583e093074b40a,dumitru,Annotazione Dumitru Analogy,13,scheme,analogy,YES
e4583e093074b40a,dumitru,Annotazione Dumitru Analogy,13,verdict,weak_analogy,Weak Analogy
e4583e093074b40a,eleni,new_analogy,35,scheme,analogy,YES
e4583e093074b40a,eleni,new_analogy,35,verdict,any_fallacy,YES
e4583e093074b40a,enrico,new_analogy,35,scheme,analogy,YES
e4583e093074b40a,enrico,new_analogy,35,verdict,weak_analogy,weak analogy
e4db37c5ab721870,enrico,Copia di cause_to_effect_Enrico,20,difficulty,1,1
e4db37c5ab721870,enrico,Copia di cause_to_effect_Enrico,20,scheme,cause_to_effect,Cause to effect
e4db37c5ab721870,enrico,Copia di cause_to_effect_Enrico,20,verdict,good_argumentation,no fallacy
e4db37c5ab721870,enrico,cause_to_effect,20,scheme,cause_to_effect,YES
e4dcbb4bf0272597,dumitru,Annotazione Dumitru Expert Opin,62,CQ1,yes,yes
e4dcbb4bf0272597,dumitru,Annotazione Dumitru Expert Opin,62,CQ2,no,no
e4dcbb4bf0272597,dumitru,Annotazione Dumitru Expert Opin,62,CQ3,yes,yes
e4dcbb4bf0272597,dumitru,Annotazione Dumitru Expert Opin,62,CQ3.1,yes,yes
e4dcbb4bf0272597,dumitru,Annotazione Dumitru Expert Opin,62,CQ4,yes,yes
e4dcbb4bf0272597,dumitru,Annotazione Dumitru Expert Opin,62,CQ4.1,no,no
e4dcbb4bf0272597,dumitru,Annotazione Dumitru Expert Opin,62,scheme,expert_opinion,YES
e4dcbb4bf0272597,dumitru,Annotazione Dumitru Expert Opin,62,uncertainty,CQ1:AMB;CQ4:AMB,CQ1:AMB;CQ4:AMB
e4dcbb4bf0272597,dumitru,Annotazione Dumitru Expert Opin,62,verdict,non_sequitur,Non Sequitur
e4dcbb4bf0272597,eleni,new_expert_opinion,75,scheme,expert_opinion,YES
e4dcbb4bf0272597,eleni,new_expert_opinion,75,verdict,good_argumentation,NO
e4dcbb4bf0272597,enrico,new_expert_opinion,75,comment,l'implicazione non è corretta,l'implicazione non è corretta
e4dcbb4bf0272597,enrico,new_expert_opinion,75,exit_cq,CQ4,CQ4
e4dcbb4bf0272597,enrico,new_expert_opinion,75,scheme,expert_opinion,YES
e4dcbb4bf0272597,enrico,new_expert_opinion,75,verdict,non_sequitur,non sequitur
e530832991ba8836,dumitru,Annotazione Dumitru Analogy,57,CQ1,no,no
e530832991ba8836,dumitru,Annotazione Dumitru Analogy,57,CQ1.1,no,no
e530832991ba8836,dumitru,Annotazione Dumitru Analogy,57,CQ2,yes,yes
e530832991ba8836,dumitru,Annotazione Dumitru Analogy,57,CQ3,yes,yes
e530832991ba8836,dumitru,Annotazione Dumitru Analogy,57,CQ4,no,no
e530832991ba8836,dumitru,Annotazione Dumitru Analogy,57,scheme,analogy,YES
e530832991ba8836,dumitru,Annotazione Dumitru Analogy,57,uncertainty,CQ1:SUBJ,CQ1:SUBJ
e530832991ba8836,dumitru,Annotazione Dumitru Analogy,57,verdict,good_argumentation,Good Argumentation
e530832991ba8836,eleni,new_analogy,57,comment,Men have the option (not always) to choose for themselves,Men have the option (not always) to choose for themselves
e530832991ba8836,eleni,new_analogy,57,scheme,analogy,YES
e530832991ba8836,eleni,new_analogy,57,verdict,any_fallacy,YES
e530832991ba8836,enrico,new_analogy,57,comment,altrimenti si cadrebbe in contraddizione,altrimenti si cadrebbe in contraddizione
e530832991ba8836,enrico,new_analogy,57,scheme,analogy,YES
e530832991ba8836,enrico,new_analogy,57,verdict,good_argumentation,no
e573fe92514419de,enrico,ad hominem,45,scheme,ad_hominem,Ad Hominem
e573fe92514419de,enrico,ad hominem,45,verdict,ad_hominem_circumstantial,Circumstantial
e57eefe833cf8660,enrico,Copia di hasty_generalization_E,38,scheme,example,Example
e57eefe833cf8660,enrico,Copia di hasty_generalization_E,38,verdict,hasty_generalization,hasty generalization
e57eefe833cf8660,base,hasty_generalization,38,starting_label,hasty_generalization,hasty generalization
e5d452f6be52cc11,dumitru,Annotazione Dumitru Expert Opin,64,CQ1,na,na
e5d452f6be52cc11,dumitru,Annotazione Dumitru Expert Opin,64,CQ2,na,na
e5d452f6be52cc11,dumitru,Annotazione Dumitru Expert Opin,64,CQ3,na,na
e5d452f6be52cc11,dumitru,Annotazione Dumitru Expert Opin,64,CQ3.1,na,na
e5d452f6be52cc11,dumitru,Annotazione Dumitru Expert Opin,64,CQ4,na,na
e5d452f6be52cc11,dumitru,Annotazione Dumitru Expert Opin,64,CQ4.1,na,na
e5d452f6be52cc11,dumitru,Annotazione Dumitru Expert Opin,64,scheme,none,NO
e5d452f6be52cc11,eleni,new_expert_opinion,64,comment,appeal to tradition?,appeal to tradition?
e5d452f6be52cc11,eleni,new_expert_opinion,64,scheme,expert_opinion,YES
e5d452f6be52cc11,eleni,new_expert_opinion,64,verdict,good_argumentation,NO
e5d452f6be52cc11,enrico,new_expert_opinion,64,comment,conferma lo status quo,conferma lo status quo
e5d452f6be52cc11,enrico,new_expert_opinion,64,scheme,expert_opinion,YES
e5d452f6be52cc11,enrico,new_expert_opinion,64,verdict,idk,?
e5d452f6be52cc11,unknown,new_expert_opinion,64,doubt,f,f
e5e7c999e83fc8bf,base,Annotazione Dumitru Expert Opin,108,starting_label,strawman,straw man
e5e7c999e83fc8bf,dumitru,Annotazione Dumitru Expert Opin,108,CQ1,yes,yes
e5e7c999e83fc8bf,dumitru,Annotazione Dumitru Expert Opin,108,CQ2,no,no
e5e7c999e83fc8bf,dumitru,Annotazione Dumitru Expert Opin,108,CQ3,no,no
e5e7c999e83fc8bf,dumitru,Annotazione Dumitru Expert Opin,108,CQ3.1,yes,yes
e5e7c999e83fc8bf,dumitru,Annotazione Dumitru Expert Opin,108,CQ4,yes,yes
e5e7c999e83fc8bf,dumitru,Annotazione Dumitru Expert Opin,108,CQ4.1,yes,yes
e5e7c999e83fc8bf,dumitru,Annotazione Dumitru Expert Opin,108,scheme,expert_opinion,YES
e5e7c999e83fc8bf,dumitru,Annotazione Dumitru Expert Opin,108,uncertainty,CQ1:AMB;CQ2:AMB;CQ4.1:AMB,CQ1:AMB;CQ2:AMB;CQ4.1:AMB
e5e7c999e83fc8bf,dumitru,Annotazione Dumitru Expert Opin,108,verdict,strawman,Strawman
e5e7c999e83fc8bf,eleni,new_expert_opinion,108,verdict,strawman,straw man
e5e7c999e83fc8bf,enrico,new_expert_opinion,108,scheme,none,NO
e5e7c999e83fc8bf,enrico,new_expert_opinion,108,verdict,strawman,straw man
e74fdfd93ffaf572,base,Annotazione Dumitru Expert Opin,17,starting_label,appeal_to_authority,appeal to authority
e74fdfd93ffaf572,dumitru,Annotazione Dumitru Expert Opin,17,CQ1,yes,yes
e74fdfd93ffaf572,dumitru,Annotazione Dumitru Expert Opin,17,CQ2,yes,yes
e74fdfd93ffaf572,dumitru,Annotazione Dumitru Expert Opin,17,CQ3,yes,yes
e74fdfd93ffaf572,dumitru,Annotazione Dumitru Expert Opin,17,CQ3.1,yes,yes
e74fdfd93ffaf572,dumitru,Annotazione Dumitru Expert Opin,17,CQ4,no,no
e74fdfd93ffaf572,dumitru,Annotazione Dumitru Expert Opin,17,CQ4.1,yes,yes
e74fdfd93ffaf572,dumitru,Annotazione Dumitru Expert Opin,17,scheme,expert_opinion,YES
e74fdfd93ffaf572,dumitru,Annotazione Dumitru Expert Opin,17,uncertainty,CQ1:DIFF;CQ2:AMB,CQ1:DIFF;CQ2:AMB
e74fdfd93ffaf572,dumitru,Annotazione Dumitru Expert Opin,17,verdict,appeal_to_authority,Appeal to Authority
e74fdfd93ffaf572,eleni,new_expert_opinion,17,verdict,appeal_to_authority,appeal to authority
e74fdfd93ffaf572,enrico,new_expert_opinion,17,comment,sembra più un ad hominem,sembra più un ad hominem
e74fdfd93ffaf572,enrico,new_expert_opinion,17,scheme,none,NO
e74fdfd93ffaf572,enrico,new_expert_opinion,17,verdict,appeal_to_authority,appeal to authority
e769df8d1bbd98af,enrico,Copia di new_ad_populum_Enrico,4,difficulty,3,3
e769df8d1bbd98af,enrico,Copia di new_ad_populum_Enrico,4,scheme,popular_opinion,YES
e769df8d1bbd98af,enrico,Copia di new_ad_populum_Enrico,4,verdict,ad_populum,ad populum
e769df8d1bbd98af,enrico,new_ad_populum,4,scheme,popular_opinion,YES
e7acb298d5ea7e5b,base,Annotazione Dumitru Expert Opin,14,starting_label,appeal_to_authority,appeal to authority
e7acb298d5ea7e5b,dumitru,Annotazione Dumitru Expert Opin,14,CQ1,no,no
e7acb298d5ea7e5b,dumitru,Annotazione Dumitru Expert Opin,14,CQ2,yes,yes
e7acb298d5ea7e5b,dumitru,Annotazione Dumitru Expert Opin,14,CQ3,yes,yes
e7acb298d5ea7e5b,dumitru,Annotazione Dumitru Expert Opin,14,CQ3.1,yes,yes
e7acb298d5ea7e5b,dumitru,Annotazione Dumitru Expert Opin,14,CQ4,no,no
e7acb298d5ea7e5b,dumitru,Annotazione Dumitru Expert Opin,14,CQ4.1,yes,yes
e7acb298d5ea7e5b,dumitru,Annotazione Dumitru Expert Opin,14,scheme,expert_opinion,YES
e7acb298d5ea7e5b,dumitru,Annotazione Dumitru Expert Opin,14,uncertainty,CQ1:SUBJ,CQ1:SUBJ
e7acb298d5ea7e5b,dumitru,Annotazione Dumitru Expert Opin,14,verdict,irrelevant_authority,Irrelevant Authority
e7acb298d5ea7e5b,eleni,new_expert_opinion,14,verdict,appeal_to_authority,appeal to authority
e7acb298d5ea7e5b,enrico,new_expert_opinion,14,comment,si dà credibilità alla fonte ma non la si usa per sosntenere nulla,si dà credibilità alla fonte ma non la si usa per sosntenere nulla
e7acb298d5ea7e5b,enrico,new_expert_opinion,14,scheme,idk,SNI
e7acb298d5ea7e5b,enrico,new_expert_opinion,14,verdict,appeal_to_authority,appeal to authority
e7d9c6de6611e713,enrico,Copia di example_final_Enrico,70,comment,non è un esempio ma si parla effettivamente della stessa cosa,non è un esempio ma si parla effettivamente della stessa cosa
e7d9c6de6611e713,enrico,Copia di example_final_Enrico,70,scheme,example,YES
e7d9c6de6611e713,enrico,Copia di example_final_Enrico,70,verdict,idk,?
e7f9221dae46b3af,enrico,Copia di hasty_generalization_E,34,scheme,none,none
e7f9221dae46b3af,enrico,Copia di hasty_generalization_E,34,verdict,hasty_generalization,hasty generalization
e7f9221dae46b3af,base,hasty_generalization,34,starting_label,hasty_generalization,hasty generalization
e845e0784a26604e,base,Slippery slope,89,starting_label,slippery_slope,slippery slope
e8d9e82deecd8173,enrico,Copia di cause_to_effect_Enrico,6,difficulty,1,1
e8d9e82deecd8173,enrico,Copia di cause_to_effect_Enrico,6,scheme,cause_to_effect,Cause to effect
e8d9e82deecd8173,enrico,Copia di cause_to_effect_Enrico,6,verdict,good_argumentation,no fallacy
e8d9e82deecd8173,enrico,cause_to_effect,6,scheme,cause_to_effect,YES
e9209861a40b2c14,base,Slippery slope,15,starting_label,slippery_slope,slippery slope
e97d827e913e0076,dumitru,Annotazione Dumitru Analogy,12,CQ1,yes,yes
e97d827e913e0076,dumitru,Annotazione Dumitru Analogy,12,CQ1.1,no,no
e97d827e913e0076,dumitru,Annotazione Dumitru Analogy,12,CQ2,yes,yes
e97d827e913e0076,dumitru,Annotazione Dumitru Analogy,12,CQ3,yes,yes
e97d827e913e0076,dumitru,Annotazione Dumitru Analogy,12,CQ4,yes,yes
e97d827e913e0076,dumitru,Annotazione Dumitru Analogy,12,scheme,analogy,YES
e97d827e913e0076,dumitru,Annotazione Dumitru Analogy,12,uncertainty,CQ1:AMB;CQ4:DIFF,CQ1:AMB;CQ4:DIFF
e97d827e913e0076,dumitru,Annotazione Dumitru Analogy,12,verdict,weak_analogy,Weak Analogy
e97d827e913e0076,eleni,new_analogy,31,scheme,analogy,YES
e97d827e913e0076,eleni,new_analogy,31,verdict,any_fallacy,YES
e97d827e913e0076,enrico,new_analogy,31,scheme,analogy,YES
e97d827e913e0076,enrico,new_analogy,31,verdict,weak_analogy,weak analogy
eaa1ee25e22cd1f4,base,Slippery slope,92,starting_label,slippery_slope,slippery slope
eac62b404921abc6,enrico,Copia di cause_to_effect_Enrico,9,difficulty,1,1
eac62b404921abc6,enrico,Copia di cause_to_effect_Enrico,9,scheme,cause_to_effect,Cause to effect
eac62b404921abc6,enrico,Copia di cause_to_effect_Enrico,9,verdict,good_argumentation,no fallacy
eac62b404921abc6,enrico,cause_to_effect,9,scheme,cause_to_effect,YES
eada6f07ac56c093,base,Annotazione Dumitru Expert Opin,48,starting_label,appeal_to_authority,appeal to authority
eada6f07ac56c093,dumitru,Annotazione Dumitru Expert Opin,48,CQ1,no,no
eada6f07ac56c093,dumitru,Annotazione Dumitru Expert Opin,48,CQ2,yes,yes
eada6f07ac56c093,dumitru,Annotazione Dumitru Expert Opin,48,CQ3,na,na
eada6f07ac56c093,dumitru,Annotazione Dumitru Expert Opin,48,CQ3.1,na,na
eada6f07ac56c093,dumitru,Annotazione Dumitru Expert Opin,48,CQ4,na,na
eada6f07ac56c093,dumitru,Annotazione Dumitru Expert Opin,48,CQ4.1,na,na
eada6f07ac56c093,dumitru,Annotazione Dumitru Expert Opin,48,note,nessuna asserzione A di S è riportata nel testo,nessuna asserzione A di S è riportata nel testo
eada6f07ac56c093,dumitru,Annotazione Dumitru Expert Opin,48,scheme,expert_opinion,YES
eada6f07ac56c093,dumitru,Annotazione Dumitru Expert Opin,48,uncertainty,CQ1:AMB,CQ1:AMB
eada6f07ac56c093,dumitru,Annotazione Dumitru Expert Opin,48,verdict,irrelevant_authority,Irrelevant Authority
eada6f07ac56c093,eleni,new_expert_opinion,48,verdict,appeal_to_authority,appeal to authority
eada6f07ac56c093,enrico,new_expert_opinion,48,scheme,none,NO
eada6f07ac56c093,enrico,new_expert_opinion,48,verdict,appeal_to_authority,appeal to authority
eadc9acf7bef32c8,enrico,Copia di hasty_generalization_E,11,scheme,example,Example
eadc9acf7bef32c8,enrico,Copia di hasty_generalization_E,11,verdict,hasty_generalization,hasty generalization
eadc9acf7bef32c8,base,hasty_generalization,11,starting_label,hasty_generalization,hasty generalization
ec4c50cb4d0741a1,enrico,Copia di example_final_Enrico,39,scheme,example,YES
ec4c50cb4d0741a1,enrico,Copia di example_final_Enrico,39,verdict,idk,?
ec839a6b1711a628,dumitru,Annotazione Dumitru Analogy,67,CQ1,no,no
ec839a6b1711a628,dumitru,Annotazione Dumitru Analogy,67,CQ1.1,no,no
ec839a6b1711a628,dumitru,Annotazione Dumitru Analogy,67,CQ2,yes,yes
ec839a6b1711a628,dumitru,Annotazione Dumitru Analogy,67,CQ3,yes,yes
ec839a6b1711a628,dumitru,Annotazione Dumitru Analogy,67,CQ4,no,no
ec839a6b1711a628,dumitru,Annotazione Dumitru Analogy,67,scheme,analogy,YES
ec839a6b1711a628,dumitru,Annotazione Dumitru Analogy,67,verdict,good_argumentation,Good Argumentation
ec839a6b1711a628,eleni,new_analogy,74,scheme,analogy,YES
ec839a6b1711a628,eleni,new_analogy,74,verdict,any_fallacy,YES
ec839a6b1711a628,enrico,new_analogy,74,scheme,analogy,YES
ec839a6b1711a628,enrico,new_analogy,74,verdict,weak_analogy,weak analogy
ecb6e3f4f9fd44d8,dumitru,Annotazione Dumitru Expert Opin,36,CQ1,no,no
ecb6e3f4f9fd44d8,dumitru,Annotazione Dumitru Expert Opin,36,CQ2,yes,yes
ecb6e3f4f9fd44d8,dumitru,Annotazione Dumitru Expert Opin,36,CQ3,yes,yes
ecb6e3f4f9fd44d8,dumitru,Annotazione Dumitru Expert Opin,36,CQ3.1,yes,yes
ecb6e3f4f9fd44d8,dumitru,Annotazione Dumitru Expert Opin,36,CQ4,no,no
ecb6e3f4f9fd44d8,dumitru,Annotazione Dumitru Expert Opin,36,CQ4.1,yes,yes
ecb6e3f4f9fd44d8,dumitru,Annotazione Dumitru Expert Opin,36,scheme,expert_opinion,YES
ecb6e3f4f9fd44d8,dumitru,Annotazione Dumitru Expert Opin,36,uncertainty,CQ1:AMB;CQ2:AMB,CQ1:AMB;CQ2:AMB
ecb6e3f4f9fd44d8,dumitru,Annotazione Dumitru Expert Opin,36,verdict,irrelevant_authority,Irrelevant Authority
ecb6e3f4f9fd44d8,eleni,new_expert_opinion,49,comment,No expertise declared,No expertise declared
ecb6e3f4f9fd44d8,eleni,new_expert_opinion,49,scheme,expert_opinion,YES
ecb6e3f4f9fd44d8,eleni,new_expert_opinion,49,verdict,any_fallacy,YES
ecb6e3f4f9fd44d8,enrico,new_expert_opinion,49,comment,non esperti in etica?,non esperti in etica?
ecb6e3f4f9fd44d8,enrico,new_expert_opinion,49,exit_cq,CQ1,CQ1
ecb6e3f4f9fd44d8,enrico,new_expert_opinion,49,scheme,expert_opinion,YES
ecb6e3f4f9fd44d8,enrico,new_expert_opinion,49,verdict,irrelevant_authority,false authority
ed13d69a079a8b28,enrico,Copia di cause_to_effect_Enrico,3,difficulty,1,1
ed13d69a079a8b28,enrico,Copia di cause_to_effect_Enrico,3,scheme,cause_to_effect,Cause to effect
ed13d69a079a8b28,enrico,Copia di cause_to_effect_Enrico,3,verdict,good_argumentation,no fallacy
ed13d69a079a8b28,enrico,cause_to_effect,3,scheme,cause_to_effect,YES
ed3577d2e29328eb,base,Annotazione Dumitru Expert Opin,11,starting_label,appeal_to_authority,appeal to authority
ed3577d2e29328eb,dumitru,Annotazione Dumitru Expert Opin,11,CQ1,yes,yes
ed3577d2e29328eb,dumitru,Annotazione Dumitru Expert Opin,11,CQ2,no,no
ed3577d2e29328eb,dumitru,Annotazione Dumitru Expert Opin,11,CQ3,yes,yes
ed3577d2e29328eb,dumitru,Annotazione Dumitru Expert Opin,11,CQ3.1,no,no
ed3577d2e29328eb,dumitru,Annotazione Dumitru Expert Opin,11,CQ4,yes,yes
ed3577d2e29328eb,dumitru,Annotazione Dumitru Expert Opin,11,CQ4.1,no,no
ed3577d2e29328eb,dumitru,Annotazione Dumitru Expert Opin,11,scheme,expert_opinion,YES
ed3577d2e29328eb,dumitru,Annotazione Dumitru Expert Opin,11,uncertainty,CQ1:SUBJ,CQ1:SUBJ
ed3577d2e29328eb,dumitru,Annotazione Dumitru Expert Opin,11,verdict,non_sequitur,Non Sequitur
ed3577d2e29328eb,eleni,new_expert_opinion,11,verdict,appeal_to_authority,appeal to authority
ed3577d2e29328eb,enrico,new_expert_opinion,11,comment,anche se non è chiaro neanche qui l'intento,anche se non è chiaro neanche qui l'intento
ed3577d2e29328eb,enrico,new_expert_opinion,11,scheme,expert_opinion,YES
ed3577d2e29328eb,enrico,new_expert_opinion,11,verdict,appeal_to_authority,appeal to authority
ed832387f3c8e559,dumitru,Annotazione Dumitru Expert Opin,26,CQ1,no,no
ed832387f3c8e559,dumitru,Annotazione Dumitru Expert Opin,26,CQ2,no,no
ed832387f3c8e559,dumitru,Annotazione Dumitru Expert Opin,26,CQ3,yes,yes
ed832387f3c8e559,dumitru,Annotazione Dumitru Expert Opin,26,CQ3.1,yes,yes
ed832387f3c8e559,dumitru,Annotazione Dumitru Expert Opin,26,CQ4,yes,yes
ed832387f3c8e559,dumitru,Annotazione Dumitru Expert Opin,26,CQ4.1,no,no
ed832387f3c8e559,dumitru,Annotazione Dumitru Expert Opin,26,scheme,expert_opinion,YES
ed832387f3c8e559,dumitru,Annotazione Dumitru Expert Opin,26,uncertainty,CQ1:AMB;CQ2:AMB,CQ1:AMB;CQ2:AMB
ed832387f3c8e559,dumitru,Annotazione Dumitru Expert Opin,26,verdict,irrelevant_authority,Irrelevant Authority
ed832387f3c8e559,eleni,new_expert_opinion,29,scheme,expert_opinion,YES
ed832387f3c8e559,eleni,new_expert_opinion,29,verdict,any_fallacy,YES
ed832387f3c8e559,enrico,new_expert_opinion,29,comment,"anche ammesso che siano esperti in D, sicuramente non è vero che la maggior parte dei piloti di linea sostengano tale tesi","anche ammesso che siano esperti in D, sicuramente non è vero che la maggior parte dei piloti di linea sostengano tale tesi"
ed832387f3c8e559,enrico,new_expert_opinion,29,exit_cq,CQ1,CQ1
ed832387f3c8e559,enrico,new_expert_opinion,29,scheme,expert_opinion,YES
ed832387f3c8e559,enrico,new_expert_opinion,29,verdict,irrelevant_authority,false authority
ed9bb95854b8a0dc,enrico,Copia di new_ad_populum_Enrico,113,comment,togliere seconda parte,togliere seconda parte
ed9bb95854b8a0dc,enrico,Copia di new_ad_populum_Enrico,113,difficulty,2,2
ed9bb95854b8a0dc,enrico,Copia di new_ad_populum_Enrico,113,scheme,popular_opinion,YES
ed9bb95854b8a0dc,enrico,Copia di new_ad_populum_Enrico,113,verdict,ad_populum,ad populum
ed9bb95854b8a0dc,base,new_ad_populum,113,starting_label,ad_populum,ad populum
ee1b6a104e739389,enrico,Copia di new_ad_populum_Enrico,22,difficulty,3,3
ee1b6a104e739389,enrico,Copia di new_ad_populum_Enrico,22,scheme,popular_opinion,YES
ee1b6a104e739389,enrico,Copia di new_ad_populum_Enrico,22,verdict,ad_populum,ad populum
ee1b6a104e739389,enrico,new_ad_populum,22,scheme,popular_opinion,YES
ee2b35764b3fe04e,enrico,Copia di cause_to_effect_Enrico,50,difficulty,3,3
ee2b35764b3fe04e,enrico,Copia di cause_to_effect_Enrico,50,scheme,cause_to_effect,Cause to effect
ee2b35764b3fe04e,enrico,Copia di cause_to_effect_Enrico,50,verdict,cherry_picking,Cherry picking
ee2b35764b3fe04e,enrico,cause_to_effect,50,scheme,cause_to_effect,YES
ee2e2d60866c9b30,enrico,Copia di cause_to_effect_Enrico,25,difficulty,1,1
ee2e2d60866c9b30,enrico,Copia di cause_to_effect_Enrico,25,scheme,cause_to_effect,Cause to effect
ee2e2d60866c9b30,enrico,Copia di cause_to_effect_Enrico,25,verdict,good_argumentation,no fallacy
ee2e2d60866c9b30,enrico,cause_to_effect,25,scheme,cause_to_effect,YES
ee459cd8ebd85b57,enrico,Copia di hasty_generalization_E,88,scheme,example,Example
ee459cd8ebd85b57,enrico,Copia di hasty_generalization_E,88,verdict,hasty_generalization,hasty generalization
ee459cd8ebd85b57,base,hasty_generalization,88,starting_label,hasty_generalization,Hasty Generalization
ee5b8dc4b05d0397,enrico,Copia di example_final_Enrico,16,comment,EXPERT OPINION?,EXPERT OPINION?
ee5b8dc4b05d0397,enrico,Copia di example_final_Enrico,16,scheme,example,YES
ee5b8dc4b05d0397,enrico,Copia di example_final_Enrico,16,verdict,idk,?
ee74a463e7b111f5,enrico,Copia di hasty_generalization_E,55,scheme,expert_opinion,Expert opinion
ee74a463e7b111f5,enrico,Copia di hasty_generalization_E,55,verdict,irrelevant_authority,irrelevant authority
ee74a463e7b111f5,base,hasty_generalization,55,starting_label,hasty_generalization,hasty generalization
eedd4b6ef542e23e,enrico,ad hominem,40,scheme,ad_hominem,Ad Hominem
eedd4b6ef542e23e,enrico,ad hominem,40,verdict,idk,?
eefa22586dbe18a9,base,Annotazione Dumitru Analogy,96,starting_label,cherry_picking,cherry picking
eefa22586dbe18a9,dumitru,Annotazione Dumitru Analogy,96,CQ1,na,na
eefa22586dbe18a9,dumitru,Annotazione Dumitru Analogy,96,CQ1.1,na,na
eefa22586dbe18a9,dumitru,Annotazione Dumitru Analogy,96,CQ2,na,na
eefa22586dbe18a9,dumitru,Annotazione Dumitru Analogy,96,CQ3,na,na
eefa22586dbe18a9,dumitru,Annotazione Dumitru Analogy,96,CQ4,na,na
eefa22586dbe18a9,dumitru,Annotazione Dumitru Analogy,96,scheme,none,NO
eefa22586dbe18a9,eleni,new_analogy,96,verdict,cherry_picking,cherry picking
eefa22586dbe18a9,enrico,new_analogy,96,scheme,none,NO
eefa22586dbe18a9,enrico,new_analogy,96,verdict,cherry_picking,cherry picking
effe11f16606ca5d,enrico,Copia di example_final_Enrico,5,comment,EXPERT OPINION,EXPERT OPINION
effe11f16606ca5d,enrico,Copia di example_final_Enrico,5,scheme,example,YES
effe11f16606ca5d,enrico,Copia di example_final_Enrico,5,verdict,idk,?
f032046b435f8794,enrico,Copia di hasty_generalization_E,37,scheme,example,Example
f032046b435f8794,enrico,Copia di hasty_generalization_E,37,verdict,hasty_generalization,hasty generalization
f032046b435f8794,base,hasty_generalization,37,starting_label,hasty_generalization,hasty generalization
f0b475c70c189a36,enrico,Copia di hasty_generalization_E,68,scheme,none,none
f0b475c70c189a36,enrico,Copia di hasty_generalization_E,68,verdict,hasty_generalization,hasty generalization
f0b475c70c189a36,base,hasty_generalization,68,starting_label,hasty_generalization,hasty generalization
f0eccd78a0e2985b,enrico,Copia di cause_to_effect_Enrico,65,scheme,none,NO
f0eccd78a0e2985b,enrico,Copia di cause_to_effect_Enrico,65,verdict,false_cause,false causality
f0eccd78a0e2985b,base,cause_to_effect,65,starting_label,false_cause,false causality
f0f7bb33e9ff30c5,enrico,Copia di example_final_Enrico,66,difficulty,2,2
f0f7bb33e9ff30c5,enrico,Copia di example_final_Enrico,66,scheme,example,YES
f0f7bb33e9ff30c5,enrico,Copia di example_final_Enrico,66,verdict,good_argumentation,no fallacy
f1023bd0186f33c5,base,Annotazione Dumitru Expert Opin,18,starting_label,appeal_to_authority,appeal to authority
f1023bd0186f33c5,dumitru,Annotazione Dumitru Expert Opin,18,CQ1,na,na
f1023bd0186f33c5,dumitru,Annotazione Dumitru Expert Opin,18,CQ2,na,na
f1023bd0186f33c5,dumitru,Annotazione Dumitru Expert Opin,18,CQ3,na,na
f1023bd0186f33c5,dumitru,Annotazione Dumitru Expert Opin,18,CQ3.1,na,na
f1023bd0186f33c5,dumitru,Annotazione Dumitru Expert Opin,18,CQ4,na,na
f1023bd0186f33c5,dumitru,Annotazione Dumitru Expert Opin,18,CQ4.1,na,na
f1023bd0186f33c5,dumitru,Annotazione Dumitru Expert Opin,18,scheme,none,NO
f1023bd0186f33c5,enrico,Copia di new_ad_populum_Enrico,14,difficulty,4,4
f1023bd0186f33c5,enrico,Copia di new_ad_populum_Enrico,14,scheme,popular_opinion,YES
f1023bd0186f33c5,enrico,Copia di new_ad_populum_Enrico,14,verdict,hasty_generalization,Hasty generalization
f1023bd0186f33c5,enrico,new_ad_populum,14,scheme,popular_opinion,YES
f1023bd0186f33c5,eleni,new_expert_opinion,18,verdict,appeal_to_authority,appeal to authority
f1023bd0186f33c5,enrico,new_expert_opinion,18,comment,ad populum?,ad populum?
f1023bd0186f33c5,enrico,new_expert_opinion,18,scheme,expert_opinion,YES
f1023bd0186f33c5,enrico,new_expert_opinion,18,verdict,appeal_to_authority,appeal to authority
f1d240e398abc058,enrico,Copia di new_ad_populum_Enrico,16,difficulty,5,5
f1d240e398abc058,enrico,Copia di new_ad_populum_Enrico,16,scheme,popular_opinion,YES
f1d240e398abc058,enrico,Copia di new_ad_populum_Enrico,16,verdict,good_argumentation,no fallacy
f1d240e398abc058,enrico,new_ad_populum,16,scheme,popular_opinion,YES
f24965ce5ead9a36,dumitru,Annotazione Dumitru Expert Opin,72,CQ1,na,na
f24965ce5ead9a36,dumitru,Annotazione Dumitru Expert Opin,72,CQ2,na,na
f24965ce5ead9a36,dumitru,Annotazione Dumitru Expert Opin,72,CQ3,na,na
f24965ce5ead9a36,dumitru,Annotazione Dumitru Expert Opin,72,CQ3.1,na,na
f24965ce5ead9a36,dumitru,Annotazione Dumitru Expert Opin,72,CQ4,na,na
f24965ce5ead9a36,dumitru,Annotazione Dumitru Expert Opin,72,CQ4.1,na,na
f24965ce5ead9a36,dumitru,Annotazione Dumitru Expert Opin,72,scheme,none,NO
f24965ce5ead9a36,eleni,new_expert_opinion,72,scheme,expert_opinion,YES
f24965ce5ead9a36,eleni,new_expert_opinion,72,verdict,good_argumentation,NO
f24965ce5ead9a36,enrico,new_expert_opinion,72,comment,chi è l'esperto?,chi è l'esperto?
f24965ce5ead9a36,enrico,new_expert_opinion,72,scheme,expert_opinion,YES
f24965ce5ead9a36,enrico,new_expert_opinion,72,verdict,idk,?
f24965ce5ead9a36,unknown,new_expert_opinion,72,doubt,f,f
f2c3aa93e6aee98e,enrico,Copia di new_ad_populum_Enrico,79,difficulty,2,2
f2c3aa93e6aee98e,enrico,Copia di new_ad_populum_Enrico,79,scheme,popular_opinion,YES
f2c3aa93e6aee98e,enrico,Copia di new_ad_populum_Enrico,79,verdict,appeal_to_tradition,appeal to tradition
f2c3aa93e6aee98e,base,new_ad_populum,79,starting_label,ad_populum,ad populum
f30b20131bb84354,enrico,Copia di new_ad_populum_Enrico,140,difficulty,4,4
f30b20131bb84354,enrico,Copia di new_ad_populum_Enrico,140,scheme,none,NO
f30b20131bb84354,enrico,Copia di new_ad_populum_Enrico,140,verdict,appeal_to_tradition,appeal to tradition
f30b20131bb84354,base,new_ad_populum,140,starting_label,appeal_to_tradition,appeal to tradition
f350682f2c29baa4,enrico,Copia di cause_to_effect_Enrico,59,scheme,correlation_to_cause,Correlation to effect
f350682f2c29baa4,enrico,Copia di cause_to_effect_Enrico,59,verdict,post_hoc,post hoc
f350682f2c29baa4,base,cause_to_effect,59,starting_label,false_cause,false causality
f3a77bcfa6b481c2,enrico,Copia di new_ad_populum_Enrico,103,comment,descrizione fallacia,descrizione fallacia
f3a77bcfa6b481c2,enrico,Copia di new_ad_populum_Enrico,103,difficulty,3,3
f3a77bcfa6b481c2,enrico,Copia di new_ad_populum_Enrico,103,scheme,idk,SNI
f3a77bcfa6b481c2,enrico,Copia di new_ad_populum_Enrico,103,verdict,ad_populum,ad populum
f3a77bcfa6b481c2,base,new_ad_populum,103,starting_label,ad_populum,ad populum
f3e8cb2eb327253f,enrico,Copia di hasty_generalization_E,82,scheme,none,none
f3e8cb2eb327253f,enrico,Copia di hasty_generalization_E,82,verdict,hasty_generalization,hasty generalization
f3e8cb2eb327253f,base,hasty_generalization,82,starting_label,hasty_generalization,Hasty Generalization
f43c088e5a5196b0,dumitru,Annotazione Dumitru Analogy,29,CQ1,no,no
f43c088e5a5196b0,dumitru,Annotazione Dumitru Analogy,29,CQ1.1,no,no
f43c088e5a5196b0,dumitru,Annotazione Dumitru Analogy,29,CQ2,yes,yes
f43c088e5a5196b0,dumitru,Annotazione Dumitru Analogy,29,CQ3,yes,yes
f43c088e5a5196b0,dumitru,Annotazione Dumitru Analogy,29,CQ4,no,no
f43c088e5a5196b0,dumitru,Annotazione Dumitru Analogy,29,scheme,analogy,YES
f43c088e5a5196b0,dumitru,Annotazione Dumitru Analogy,29,verdict,good_argumentation,Good Argumentation
f43c088e5a5196b0,eleni,new_analogy,29,scheme,analogy,YES
f43c088e5a5196b0,eleni,new_analogy,29,verdict,good_argumentation,NO
f43c088e5a5196b0,enrico,new_analogy,29,scheme,analogy,YES
f43c088e5a5196b0,enrico,new_analogy,29,verdict,good_argumentation,no
f4537c189e609b53,dumitru,Annotazione Dumitru Analogy,33,CQ1,yes,yes
f4537c189e609b53,dumitru,Annotazione Dumitru Analogy,33,CQ1.1,no,no
f4537c189e609b53,dumitru,Annotazione Dumitru Analogy,33,CQ2,yes,yes
f4537c189e609b53,dumitru,Annotazione Dumitru Analogy,33,CQ3,yes,yes
f4537c189e609b53,dumitru,Annotazione Dumitru Analogy,33,CQ4,yes,yes
f4537c189e609b53,dumitru,Annotazione Dumitru Analogy,33,scheme,analogy,YES
f4537c189e609b53,dumitru,Annotazione Dumitru Analogy,33,uncertainty,CQ1:SUBJ;CQ4:DIFF,CQ1:SUBJ;CQ4:DIFF
f4537c189e609b53,dumitru,Annotazione Dumitru Analogy,33,verdict,weak_analogy,Weak Analogy
f4537c189e609b53,eleni,new_analogy,33,comment,“It wouldn’t be reasonable” -> ammette che l’analogia è sbagliata,“It wouldn’t be reasonable” -> ammette che l’analogia è sbagliata
f4537c189e609b53,eleni,new_analogy,33,scheme,analogy,YES
f4537c189e609b53,eleni,new_analogy,33,verdict,good_argumentation,NO
f4537c189e609b53,enrico,new_analogy,33,scheme,analogy,YES
f4537c189e609b53,enrico,new_analogy,33,verdict,good_argumentation,no
f4b69bfdca963503,dumitru,Annotazione Dumitru Analogy,73,CQ1,yes,yes
f4b69bfdca963503,dumitru,Annotazione Dumitru Analogy,73,CQ1.1,yes,yes
f4b69bfdca963503,dumitru,Annotazione Dumitru Analogy,73,CQ2,yes,yes
f4b69bfdca963503,dumitru,Annotazione Dumitru Analogy,73,CQ3,yes,yes
f4b69bfdca963503,dumitru,Annotazione Dumitru Analogy,73,CQ4,no,no
f4b69bfdca963503,dumitru,Annotazione Dumitru Analogy,73,scheme,analogy,YES
f4b69bfdca963503,dumitru,Annotazione Dumitru Analogy,73,uncertainty,CQ1.1:AMB,CQ1.1:AMB
f4b69bfdca963503,dumitru,Annotazione Dumitru Analogy,73,verdict,appeal_to_extremes,Appeal to Extremes
f4b69bfdca963503,eleni,new_analogy,85,scheme,analogy,YES
f4b69bfdca963503,eleni,new_analogy,85,verdict,any_fallacy,YES
f4b69bfdca963503,enrico,new_analogy,85,scheme,analogy,YES
f4b69bfdca963503,enrico,new_analogy,85,verdict,weak_analogy,weak analogy
f4b9b15b3ea2eb00,enrico,Copia di cause_to_effect_Enrico,51,comment,non vedo lo schema,non vedo lo schema
f4b9b15b3ea2eb00,enrico,Copia di cause_to_effect_Enrico,51,scheme,cause_to_effect,Cause to effect
f4b9b15b3ea2eb00,enrico,Copia di cause_to_effect_Enrico,51,verdict,idk,?
f4b9b15b3ea2eb00,enrico,cause_to_effect,51,scheme,cause_to_effect,YES
f50636dffff0f3cc,enrico,ad hominem,17,scheme,ad_hominem,Ad Hominem
f50636dffff0f3cc,enrico,ad hominem,17,verdict,ad_hominem_abusive,Abusive
f52d317e726ed40d,dumitru,Annotazione Dumitru Expert Opin,63,CQ1,na,na
f52d317e726ed40d,dumitru,Annotazione Dumitru Expert Opin,63,CQ2,na,na
f52d317e726ed40d,dumitru,Annotazione Dumitru Expert Opin,63,CQ3,na,na
f52d317e726ed40d,dumitru,Annotazione Dumitru Expert Opin,63,CQ3.1,na,na
f52d317e726ed40d,dumitru,Annotazione Dumitru Expert Opin,63,CQ4,na,na
f52d317e726ed40d,dumitru,Annotazione Dumitru Expert Opin,63,CQ4.1,na,na
f52d317e726ed40d,dumitru,Annotazione Dumitru Expert Opin,63,scheme,none,NO
f52d317e726ed40d,eleni,new_expert_opinion,63,scheme,expert_opinion,YES
f52d317e726ed40d,eleni,new_expert_opinion,63,verdict,good_argumentation,NO
f52d317e726ed40d,enrico,new_expert_opinion,63,comment,non c'è un esperto e il rasoio di occam è sempre usato a sproposito,non c'è un esperto e il rasoio di occam è sempre usato a sproposito
f52d317e726ed40d,enrico,new_expert_opinion,63,scheme,expert_opinion,YES
f52d317e726ed40d,enrico,new_expert_opinion,63,verdict,idk,?
f52d317e726ed40d,unknown,new_expert_opinion,63,doubt,f,f
f54e1c4b78f2d3cf,enrico,Copia di hasty_generalization_E,27,scheme,example,Example
f54e1c4b78f2d3cf,enrico,Copia di hasty_generalization_E,27,verdict,hasty_generalization,hasty generalization
f54e1c4b78f2d3cf,base,hasty_generalization,27,starting_label,hasty_generalization,hasty generalization
f5ad385d9ed860c4,enrico,Copia di new_ad_populum_Enrico,21,difficulty,2,2
f5ad385d9ed860c4,enrico,Copia di new_ad_populum_Enrico,21,scheme,popular_opinion,YES
f5ad385d9ed860c4,enrico,Copia di new_ad_populum_Enrico,21,verdict,ad_populum,ad populum
f5ad385d9ed860c4,enrico,new_ad_populum,21,scheme,popular_opinion,YES
f62ed6ec97a19889,dumitru,Annotazione Dumitru Expert Opin,83,CQ1,yes,yes
f62ed6ec97a19889,dumitru,Annotazione Dumitru Expert Opin,83,CQ2,yes,yes
f62ed6ec97a19889,dumitru,Annotazione Dumitru Expert Opin,83,CQ3,yes,yes
f62ed6ec97a19889,dumitru,Annotazione Dumitru Expert Opin,83,CQ3.1,yes,yes
f62ed6ec97a19889,dumitru,Annotazione Dumitru Expert Opin,83,CQ4,yes,yes
f62ed6ec97a19889,dumitru,Annotazione Dumitru Expert Opin,83,CQ4.1,no,no
f62ed6ec97a19889,dumitru,Annotazione Dumitru Expert Opin,83,scheme,expert_opinion,YES
f62ed6ec97a19889,dumitru,Annotazione Dumitru Expert Opin,83,uncertainty,CQ2:AMB;CQ4:AMB;CQ4.1:SUBJ,CQ2:AMB;CQ4:AMB;CQ4.1:SUBJ
f62ed6ec97a19889,dumitru,Annotazione Dumitru Expert Opin,83,verdict,appeal_to_authority,Appeal to Authority
f62ed6ec97a19889,eleni,new_expert_opinion,83,scheme,expert_opinion,YES
f62ed6ec97a19889,eleni,new_expert_opinion,83,verdict,good_argumentation,NO
f62ed6ec97a19889,enrico,new_expert_opinion,83,scheme,expert_opinion,YES
f62ed6ec97a19889,enrico,new_expert_opinion,83,verdict,good_argumentation,no
f68a8317471ba463,enrico,Copia di example_final_Enrico,59,comment,rischio != certezza,rischio != certezza
f68a8317471ba463,enrico,Copia di example_final_Enrico,59,difficulty,3,3
f68a8317471ba463,enrico,Copia di example_final_Enrico,59,scheme,example,YES
f68a8317471ba463,enrico,Copia di example_final_Enrico,59,verdict,good_argumentation,no fallacy
f6cfdcdeffcb44c2,base,Slippery slope,4,starting_label,slippery_slope,slippery slope
f7e26b7031e8aee0,base,Slippery slope,69,starting_label,slippery_slope,slippery slope
f8364c6ed565537e,enrico,Copia di example_final_Enrico,50,difficulty,4,4
f8364c6ed565537e,enrico,Copia di example_final_Enrico,50,scheme,example,YES
f8364c6ed565537e,enrico,Copia di example_final_Enrico,50,verdict,cherry_picking,Cherry picking
f934ed1b375b3139,enrico,Copia di cause_to_effect_Enrico,68,scheme,none,NO
f934ed1b375b3139,enrico,Copia di cause_to_effect_Enrico,68,verdict,false_cause,false causality
f934ed1b375b3139,base,cause_to_effect,68,starting_label,false_cause,false causality
f974933770b0565a,enrico,Copia di cause_to_effect_Enrico,71,scheme,none,NO
f974933770b0565a,enrico,Copia di cause_to_effect_Enrico,71,verdict,false_cause,false causality
f974933770b0565a,base,cause_to_effect,71,starting_label,false_cause,false causality
f9998bd35c39b947,dumitru,Annotazione Dumitru Analogy,62,CQ1,yes,yes
f9998bd35c39b947,dumitru,Annotazione Dumitru Analogy,62,CQ1.1,no,no
f9998bd35c39b947,dumitru,Annotazione Dumitru Analogy,62,CQ2,yes,yes
f9998bd35c39b947,dumitru,Annotazione Dumitru Analogy,62,CQ3,yes,yes
f9998bd35c39b947,dumitru,Annotazione Dumitru Analogy,62,CQ4,no,no
f9998bd35c39b947,dumitru,Annotazione Dumitru Analogy,62,scheme,analogy,YES
f9998bd35c39b947,dumitru,Annotazione Dumitru Analogy,62,verdict,weak_analogy,Weak Analogy
f9998bd35c39b947,eleni,new_analogy,70,scheme,analogy,YES
f9998bd35c39b947,eleni,new_analogy,70,verdict,any_fallacy,YES
f9998bd35c39b947,enrico,new_analogy,70,scheme,analogy,YES
f9998bd35c39b947,enrico,new_analogy,70,verdict,weak_analogy,weak analogy
fa9b0ffd9bc12f31,enrico,Copia di example_final_Enrico,11,comment,non capisco,non capisco
fa9b0ffd9bc12f31,enrico,Copia di example_final_Enrico,11,scheme,example,YES
fa9b0ffd9bc12f31,enrico,Copia di example_final_Enrico,11,verdict,idk,?
fa9eed917ad41f44,enrico,Copia di new_ad_populum_Enrico,145,scheme,none,NO
fa9eed917ad41f44,enrico,Copia di new_ad_populum_Enrico,145,verdict,appeal_to_tradition,appeal to tradition
fa9eed917ad41f44,base,new_ad_populum,145,starting_label,appeal_to_tradition,appeal to tradition
fac37f1bc22ced9b,dumitru,Annotazione Dumitru Analogy,58,CQ1,yes,yes
fac37f1bc22ced9b,dumitru,Annotazione Dumitru Analogy,58,CQ1.1,no,no
fac37f1bc22ced9b,dumitru,Annotazione Dumitru Analogy,58,CQ2,yes,yes
fac37f1bc22ced9b,dumitru,Annotazione Dumitru Analogy,58,CQ3,yes,yes
fac37f1bc22ced9b,dumitru,Annotazione Dumitru Analogy,58,CQ4,no,no
fac37f1bc22ced9b,dumitru,Annotazione Dumitru Analogy,58,scheme,analogy,YES
fac37f1bc22ced9b,dumitru,Annotazione Dumitru Analogy,58,verdict,weak_analogy,Weak Analogy
fac37f1bc22ced9b,eleni,new_analogy,68,comment,Owning a gun is different than a knife,Owning a gun is different than a knife
fac37f1bc22ced9b,eleni,new_analogy,68,scheme,analogy,YES
fac37f1bc22ced9b,eleni,new_analogy,68,verdict,any_fallacy,YES
fac37f1bc22ced9b,enrico,new_analogy,68,scheme,analogy,YES
fac37f1bc22ced9b,enrico,new_analogy,68,verdict,weak_analogy,weak analogy
fb48034203baf7ac,dumitru,Annotazione Dumitru Analogy,36,CQ1,yes,yes
fb48034203baf7ac,dumitru,Annotazione Dumitru Analogy,36,CQ1.1,no,no
fb48034203baf7ac,dumitru,Annotazione Dumitru Analogy,36,CQ2,yes,yes
fb48034203baf7ac,dumitru,Annotazione Dumitru Analogy,36,CQ3,yes,yes
fb48034203baf7ac,dumitru,Annotazione Dumitru Analogy,36,CQ4,yes,yes
fb48034203baf7ac,dumitru,Annotazione Dumitru Analogy,36,scheme,analogy,YES
fb48034203baf7ac,dumitru,Annotazione Dumitru Analogy,36,uncertainty,CQ1:SUBJ;CQ4:DIFF,CQ1:SUBJ;CQ4:DIFF
fb48034203baf7ac,dumitru,Annotazione Dumitru Analogy,36,verdict,weak_analogy,Weak Analogy
fb48034203baf7ac,eleni,new_analogy,36,comment,The risks of driving a car vs credit cards vs social media are different,The risks of driving a car vs credit cards vs social media are different
fb48034203baf7ac,eleni,new_analogy,36,scheme,analogy,YES
fb48034203baf7ac,eleni,new_analogy,36,verdict,any_fallacy,YES
fb48034203baf7ac,enrico,new_analogy,36,comment,sono più esempi che analogie,sono più esempi che analogie
fb48034203baf7ac,enrico,new_analogy,36,scheme,analogy,YES
fb48034203baf7ac,enrico,new_analogy,36,verdict,idk,?
fb48034203baf7ac,unknown,new_analogy,36,doubt,f,f
fb56d75abab1567f,base,Annotazione Dumitru Analogy,89,starting_label,weak_analogy,weak analogy
fb56d75abab1567f,dumitru,Annotazione Dumitru Analogy,89,CQ1,yes,yes
fb56d75abab1567f,dumitru,Annotazione Dumitru Analogy,89,CQ1.1,yes,yes
fb56d75abab1567f,dumitru,Annotazione Dumitru Analogy,89,CQ2,yes,yes
fb56d75abab1567f,dumitru,Annotazione Dumitru Analogy,89,CQ3,yes,yes
fb56d75abab1567f,dumitru,Annotazione Dumitru Analogy,89,CQ4,no,no
fb56d75abab1567f,dumitru,Annotazione Dumitru Analogy,89,scheme,analogy,YES
fb56d75abab1567f,dumitru,Annotazione Dumitru Analogy,89,uncertainty,CQ1.1:AMB,CQ1.1:AMB
fb56d75abab1567f,dumitru,Annotazione Dumitru Analogy,89,verdict,appeal_to_extremes,Appeal to Extremes
fb56d75abab1567f,eleni,new_analogy,89,verdict,weak_analogy,weak analogy
fb56d75abab1567f,enrico,new_analogy,89,scheme,analogy,YES
fb56d75abab1567f,enrico,new_analogy,89,verdict,weak_analogy,weak analogy
fb865f5b447fe8b5,dumitru,Annotazione Dumitru Analogy,78,CQ1,no,no
fb865f5b447fe8b5,dumitru,Annotazione Dumitru Analogy,78,CQ1.1,no,no
fb865f5b447fe8b5,dumitru,Annotazione Dumitru Analogy,78,CQ2,yes,yes
fb865f5b447fe8b5,dumitru,Annotazione Dumitru Analogy,78,CQ3,yes,yes
fb865f5b447fe8b5,dumitru,Annotazione Dumitru Analogy,78,CQ4,no,no
fb865f5b447fe8b5,dumitru,Annotazione Dumitru Analogy,78,scheme,analogy,YES
fb865f5b447fe8b5,dumitru,Annotazione Dumitru Analogy,78,verdict,good_argumentation,Good Argumentation
fb865f5b447fe8b5,eleni,new_analogy,78,scheme,analogy,YES
fb865f5b447fe8b5,eleni,new_analogy,78,verdict,good_argumentation,NO
fb865f5b447fe8b5,enrico,new_analogy,78,scheme,analogy,YES
fb865f5b447fe8b5,enrico,new_analogy,78,verdict,good_argumentation,no
fbbfd63fa69b5575,dumitru,Annotazione Dumitru Expert Opin,44,CQ1,no,no
fbbfd63fa69b5575,dumitru,Annotazione Dumitru Expert Opin,44,CQ2,yes,yes
fbbfd63fa69b5575,dumitru,Annotazione Dumitru Expert Opin,44,CQ3,yes,yes
fbbfd63fa69b5575,dumitru,Annotazione Dumitru Expert Opin,44,CQ3.1,yes,yes
fbbfd63fa69b5575,dumitru,Annotazione Dumitru Expert Opin,44,CQ4,no,no
fbbfd63fa69b5575,dumitru,Annotazione Dumitru Expert Opin,44,CQ4.1,yes,yes
fbbfd63fa69b5575,dumitru,Annotazione Dumitru Expert Opin,44,scheme,expert_opinion,YES
fbbfd63fa69b5575,dumitru,Annotazione Dumitru Expert Opin,44,uncertainty,CQ1:SUBJ;CQ2:AMB,CQ1:SUBJ;CQ2:AMB
fbbfd63fa69b5575,dumitru,Annotazione Dumitru Expert Opin,44,verdict,irrelevant_authority,Irrelevant Authority
fbbfd63fa69b5575,enrico,Copia di new_ad_populum_Enrico,10,comment,presente anche nel expert opinion,presente anche nel expert opinion
fbbfd63fa69b5575,enrico,Copia di new_ad_populum_Enrico,10,difficulty,2,2
fbbfd63fa69b5575,enrico,Copia di new_ad_populum_Enrico,10,scheme,popular_opinion,YES
fbbfd63fa69b5575,enrico,Copia di new_ad_populum_Enrico,10,verdict,ad_populum,ad populum
fbbfd63fa69b5575,enrico,new_ad_populum,10,scheme,popular_opinion,YES
fbbfd63fa69b5575,eleni,new_expert_opinion,61,comment,Possible ad populum.,Possible ad populum.
fbbfd63fa69b5575,eleni,new_expert_opinion,61,scheme,expert_opinion,YES
fbbfd63fa69b5575,eleni,new_expert_opinion,61,verdict,any_fallacy,YES
fbbfd63fa69b5575,enrico,new_expert_opinion,61,comment,"devono essere gli scienziati a ritenerlo affidabile o meno, non un singolo sito web sebbene sia popolare e che probabilmente lo è in quanto si rivolge a non addetti (?)","devono essere gli scienziati a ritenerlo affidabile o meno, non un singolo sito web sebbene sia popolare e che probabilmente lo è in quanto si rivolge a non addetti (?)"
fbbfd63fa69b5575,enrico,new_expert_opinion,61,exit_cq,CQ1,CQ1
fbbfd63fa69b5575,enrico,new_expert_opinion,61,scheme,expert_opinion,YES
fbbfd63fa69b5575,enrico,new_expert_opinion,61,verdict,irrelevant_authority,false authority
fc5746ea1a955828,enrico,Copia di new_ad_populum_Enrico,12,difficulty,1,1
fc5746ea1a955828,enrico,Copia di new_ad_populum_Enrico,12,scheme,popular_opinion,YES
fc5746ea1a955828,enrico,Copia di new_ad_populum_Enrico,12,verdict,ad_populum,ad populum
fc5746ea1a955828,enrico,new_ad_populum,12,scheme,popular_opinion,YES
fc667929ada47d92,dumitru,Annotazione Dumitru Analogy,26,CQ1,na,na
fc667929ada47d92,dumitru,Annotazione Dumitru Analogy,26,CQ1.1,na,na
fc667929ada47d92,dumitru,Annotazione Dumitru Analogy,26,CQ2,na,na
fc667929ada47d92,dumitru,Annotazione Dumitru Analogy,26,CQ3,na,na
fc667929ada47d92,dumitru,Annotazione Dumitru Analogy,26,CQ4,na,na
fc667929ada47d92,dumitru,Annotazione Dumitru Analogy,26,scheme,none,NO
fc667929ada47d92,eleni,new_analogy,26,scheme,analogy,YES
fc667929ada47d92,eleni,new_analogy,26,verdict,idk,?
fc667929ada47d92,enrico,new_analogy,26,comment,non c'è analogia ma il contrario,non c'è analogia ma il contrario
fc667929ada47d92,enrico,new_analogy,26,scheme,analogy,YES
fc667929ada47d92,enrico,new_analogy,26,verdict,idk,?
fc667929ada47d92,unknown,new_analogy,26,doubt,f,f
fcc76303ad97f0ab,dumitru,Annotazione Dumitru Analogy,2,CQ1,yes,yes
fcc76303ad97f0ab,dumitru,Annotazione Dumitru Analogy,2,CQ1.1,no,no
fcc76303ad97f0ab,dumitru,Annotazione Dumitru Analogy,2,CQ2,yes,yes
fcc76303ad97f0ab,dumitru,Annotazione Dumitru Analogy,2,CQ3,yes,yes
fcc76303ad97f0ab,dumitru,Annotazione Dumitru Analogy,2,CQ4,yes,yes
fcc76303ad97f0ab,dumitru,Annotazione Dumitru Analogy,2,scheme,analogy,YES
fcc76303ad97f0ab,dumitru,Annotazione Dumitru Analogy,2,uncertainty,CQ1.1:AMB;CQ4:DIFF,CQ1.1:AMB;CQ4:DIFF
fcc76303ad97f0ab,dumitru,Annotazione Dumitru Analogy,2,verdict,weak_analogy,Weak Analogy
fcc76303ad97f0ab,eleni,new_analogy,16,scheme,analogy,YES
fcc76303ad97f0ab,eleni,new_analogy,16,verdict,any_fallacy,YES
fcc76303ad97f0ab,enrico,new_analogy,16,comment,responsabilità diretta e indiretta,responsabilità diretta e indiretta
fcc76303ad97f0ab,enrico,new_analogy,16,scheme,analogy,YES
fcc76303ad97f0ab,enrico,new_analogy,16,verdict,weak_analogy,weak analogy
fd5e238c9065773b,enrico,Copia di new_ad_populum_Enrico,40,difficulty,3,3
fd5e238c9065773b,enrico,Copia di new_ad_populum_Enrico,40,scheme,popular_opinion,YES
fd5e238c9065773b,enrico,Copia di new_ad_populum_Enrico,40,verdict,ad_populum,ad populum
fd5e238c9065773b,enrico,new_ad_populum,40,scheme,popular_opinion,YES
fdd9ba7c0b22ef1f,dumitru,Annotazione Dumitru Analogy,43,CQ1,yes,yes
fdd9ba7c0b22ef1f,dumitru,Annotazione Dumitru Analogy,43,CQ1.1,no,no
fdd9ba7c0b22ef1f,dumitru,Annotazione Dumitru Analogy,43,CQ2,yes,yes
fdd9ba7c0b22ef1f,dumitru,Annotazione Dumitru Analogy,43,CQ3,yes,yes
fdd9ba7c0b22ef1f,dumitru,Annotazione Dumitru Analogy,43,CQ4,yes,yes
fdd9ba7c0b22ef1f,dumitru,Annotazione Dumitru Analogy,43,scheme,analogy,YES
fdd9ba7c0b22ef1f,dumitru,Annotazione Dumitru Analogy,43,uncertainty,CQ1:AMB;CQ1.1:AMB;CQ4:DIFF,CQ1:AMB;CQ1.1:AMB;CQ4:DIFF
fdd9ba7c0b22ef1f,dumitru,Annotazione Dumitru Analogy,43,verdict,weak_analogy,Weak Analogy
fdd9ba7c0b22ef1f,eleni,new_analogy,61,scheme,analogy,YES
fdd9ba7c0b22ef1f,eleni,new_analogy,61,verdict,any_fallacy,YES
fdd9ba7c0b22ef1f,enrico,new_analogy,61,scheme,analogy,YES
fdd9ba7c0b22ef1f,enrico,new_analogy,61,verdict,weak_analogy,weak analogy
fdef9f79fa1cadca,enrico,Copia di hasty_generalization_E,2,scheme,none,none
fdef9f79fa1cadca,enrico,Copia di hasty_generalization_E,2,verdict,hasty_generalization,hasty generalization
fdef9f79fa1cadca,base,hasty_generalization,2,starting_label,hasty_generalization,hasty generalization
fdfa0c1141e58615,dumitru,Annotazione Dumitru Analogy,3,CQ1,yes,yes
fdfa0c1141e58615,dumitru,Annotazione Dumitru Analogy,3,CQ1.1,no,no
fdfa0c1141e58615,dumitru,Annotazione Dumitru Analogy,3,CQ2,yes,yes
fdfa0c1141e58615,dumitru,Annotazione Dumitru Analogy,3,CQ3,no,no
fdfa0c1141e58615,dumitru,Annotazione Dumitru Analogy,3,CQ4,yes,yes
fdfa0c1141e58615,dumitru,Annotazione Dumitru Analogy,3,scheme,analogy,YES
fdfa0c1141e58615,dumitru,Annotazione Dumitru Analogy,3,uncertainty,CQ3:SUBJ;CQ4:SUBJ,CQ3:SUBJ;CQ4:SUBJ
fdfa0c1141e58615,dumitru,Annotazione Dumitru Analogy,3,verdict,weak_analogy,Weak Analogy
fdfa0c1141e58615,eleni,new_analogy,17,scheme,analogy,YES
fdfa0c1141e58615,eleni,new_analogy,17,verdict,any_fallacy,YES
fdfa0c1141e58615,enrico,new_analogy,17,comment,suicidio assistito ed eutanasia sono cose diverse,suicidio assistito ed eutanasia sono cose diverse
fdfa0c1141e58615,enrico,new_analogy,17,scheme,analogy,YES
fdfa0c1141e58615,enrico,new_analogy,17,verdict,weak_analogy,weak analogy
fe88088de5233a98,enrico,ad hominem,39,scheme,ad_hominem,Ad Hominem
fe88088de5233a98,enrico,ad hominem,39,verdict,ad_hominem_tu_quoque,Tu Quoque
fef2a75829ff1740,enrico,Copia di new_ad_populum_Enrico,72,comment,no conclusione,no conclusione
fef2a75829ff1740,enrico,Copia di new_ad_populum_Enrico,72,difficulty,3,3
fef2a75829ff1740,enrico,Copia di new_ad_populum_Enrico,72,scheme,popular_opinion,YES
fef2a75829ff1740,enrico,Copia di new_ad_populum_Enrico,72,verdict,ad_populum,ad populum
fef2a75829ff1740,base,new_ad_populum,72,starting_label,ad_populum,ad populum
fefcadb2633dd22d,dumitru,Annotazione Dumitru Analogy,20,CQ1,yes,yes
fefcadb2633dd22d,dumitru,Annotazione Dumitru Analogy,20,CQ1.1,no,no
fefcadb2633dd22d,dumitru,Annotazione Dumitru Analogy,20,CQ2,yes,yes
fefcadb2633dd22d,dumitru,Annotazione Dumitru Analogy,20,CQ3,no,no
fefcadb2633dd22d,dumitru,Annotazione Dumitru Analogy,20,CQ4,yes,yes
fefcadb2633dd22d,dumitru,Annotazione Dumitru Analogy,20,scheme,analogy,YES
fefcadb2633dd22d,dumitru,Annotazione Dumitru Analogy,20,uncertainty,CQ3:AMB;CQ4:DIFF,CQ3:AMB;CQ4:DIFF
fefcadb2633dd22d,dumitru,Annotazione Dumitru Analogy,20,verdict,weak_analogy,Weak Analogy
fefcadb2633dd22d,eleni,new_analogy,20,comment,Compare to opiods,Compare to opiods
fefcadb2633dd22d,eleni,new_analogy,20,scheme,analogy,YES
fefcadb2633dd22d,eleni,new_analogy,20,verdict,good_argumentation,NO
fefcadb2633dd22d,enrico,new_analogy,20,scheme,analogy,YES
fefcadb2633dd22d,enrico,new_analogy,20,verdict,good_argumentation,no
ff2b2b695a8b8a0a,enrico,ad hominem,16,scheme,ad_hominem,Ad Hominem
ff2b2b695a8b8a0a,enrico,ad hominem,16,verdict,poisoning_the_well,Poisoning the Well
ff4a1f625b2f0849,enrico,Copia di example_final_Enrico,29,difficulty,4,4
ff4a1f625b2f0849,enrico,Copia di example_final_Enrico,29,scheme,example,YES
ff4a1f625b2f0849,enrico,Copia di example_final_Enrico,29,verdict,good_argumentation,no fallacy
ff54562dde76a16c,enrico,Copia di new_ad_populum_Enrico,6,difficulty,2,2
ff54562dde76a16c,enrico,Copia di new_ad_populum_Enrico,6,scheme,popular_opinion,YES
ff54562dde76a16c,enrico,Copia di new_ad_populum_Enrico,6,verdict,ad_populum,ad populum
ff54562dde76a16c,enrico,new_ad_populum,6,scheme,popular_opinion,YES
ffe2aa5c4ea65c0b,enrico,Copia di cause_to_effect_Enrico,28,difficulty,2,2
ffe2aa5c4ea65c0b,enrico,Copia di cause_to_effect_Enrico,28,scheme,cause_to_effect,Cause to effect
ffe2aa5c4ea65c0b,enrico,Copia di cause_to_effect_Enrico,28,verdict,good_argumentation,no fallacy
ffe2aa5c4ea65c0b,enrico,cause_to_effect,28,scheme,cause_to_effect,YES
