item_id,text,source,in_test_set,eleni_id,gold_scheme,gold_fallacy
00151b6ad0c48781,"Green Peace's strategies aren't effective because they are all dirty, lazy hippies.",logic,True,33,ad_hominem,ad_hominem_abusive
006fc3d81e7b1a67,Should schools close during the Covid-19 pandemic? This [30] can be avoided by requiring students to turn on their cameras.,ethix,False,,,
00c06534c978064a,"Susie bought a flip-phone, so all of her friends bought flip-phones.",logic,True,192,popular_opinion,ad_populum
011900da9883f3cb,"Charlie: Illegal posting and sharing of songs online are crippling the music industry.
Bob: You couldn’t be more wrong; the music industry is doing just fine. I can’t believe you think the government should be allowed to regulate what I share with my “friends.” No one wants a world where I can’t loan a book to my girlfriend, let my roommate borrow my iPod, or share a funny meme with my blog followers.",logic,False,,,
031469489771639f,"Trump cites (biased) poll results showing that people think he’s a strong leader to prove a point that he is a strong leader.

ABC News/Washington Post Poll (wrong big on election) said almost all stand by their vote on me & 53% said strong leader.",logic,True,181,popular_opinion,cherry_picking
0329a0e963b5bfee,"It's weird because prochoice people already have met their burden of proof because the supreme court has already weighed that an unborn human life is not a person. Since science cannot prove or disprove an evolving social construct, then the supreme court ruling is as high of validity as you can get with this",reddit,True,390,expert_opinion,appeal_to_authority
032a3056b6fee2d2,"From what I remember (from a history class) there was concern at the time that passing the ERA would outlaw gendered bathrooms. But even if that isn't true, if the ERA had passed, it most *definitely* would have been interpreted as mandated taxpayer funded abortion up to birth in all 50 states. It doesn't matter that Paul and Eastman didn't intend it that way.",ethix,True,555,slippery_slope,slippery_slope
0337cf391b52c014,"Vaccines have proven effective at preventing diseases throughout history—this is broadly acknowledged—and given this track record of success, it provides strong justification for supporting vaccination programs.",nlas,True,124,popular_opinion,good_argumentation
03843f56a861c14b,"Boris is not qualified to make suggestions about our penal system. As an ex-convict, he would always take the criminals’ side.",logic,True,20,ad_hominem,ad_hominem_guilt_by_association
03c4dfada9218eb3,I dont get it. Should they also be required to sell their businesses if they sit on committees or vote on legislation which will affect them? Maybe we should also make them exempt from paying federal taxes since they write the tax laws.   Should we also pass laws that say state and local government officials cant own property in the areas under their jurisdiction so they cant make property tax or zoning laws which benefit them?,reddit,True,583,slippery_slope,slippery_slope
03ccd86482ca17b1,"Medical professionals working in reproductive health have made clear that surrogacy presents significant challenges for both surrogate mothers and children, resulting in harmful physical and psychological effects on both parties. This makes it reasonable to conclude that surrogacy can produce serious adverse outcomes for everyone involved.",nlas,True,410,expert_opinion,irrelevant_authority
04a250e81e408ad2,"It is generally accepted that plastic pollution is damaging oceans and wildlife. Should evidence support this, it provides compelling justification for reducing plastic use.",nlas,True,129,popular_opinion,good_argumentation
04d1dc9b3f390d60,Most purple bud is mids.,reddit,False,,,
04e91eb615480976,"Should unpaid internships be banned? Many paid or unpaid internships are never advertised and instead offered through informal networks, which encourages nepotism.",ethix,True,316,cause_to_effect,cherry_picking
05d8593899f1ff14,"Should Covid-19 vaccines be mandatory? Airlines sometimes require ""fitness to fly"" certificate from passengers flying with them. This could be extended to include proof of immunization from COVID-19.",ethix,True,200,analogy,weak_analogy
068b7758fa5565b8,"Thomas: ""Dating apps are an effective way to meet potential dates. With people's busy work schedules nowadays, technology can help you make connections.""
Nina: ""Dating apps are dangerous! Most people are catfished, and guys usually pretend to be so much better than they really are online. If we're so busy, we won't have time for any of that, anyway.""
What fallacy is Nina leaning toward?",logic,False,,,
06e1febc4bd8435e,"Is cannibalism ethically permissible? Eating another human being after they are dead in order to save ones own life, provided it is absolutely necessary and the last resort, 
is ethically no different than accepting an organ transplant from a dead person. It achieves the same result.",ethix,True,233,analogy,good_argumentation
06e4c875ba2ad6bc,"Just as the Prohibition Era's ban on alcohol backfired by driving drinking underground and creating even more issues, regulating unhealthy foods will likely have a similar effect, where people will still find ways to consume them, but now on the down-low, ultimately leading to a whole new set of problems.",nlas,True,251,analogy,weak_analogy
071a128d7ff8b7a4,"Matthew: Everyone believes that teachers get paid enough for the job they do. Therefore, it must be true.",logic,True,185,popular_opinion,ad_populum
0777b2bf4a11d8ca,Death penalty will not scare criminals because they don’t expect to be caught,logic,False,,,
07870c60f29ce3a4,"If we start down the road of promoting electric cars on a massive scale, it's likely to create a surge in demand for electricity, which would then trigger the construction of huge power plants. This, in turn, would lead to a significant increase in carbon emissions and force people off their land to make way for these plants, setting off a chain reaction that ultimately ends in devastating ecological disasters and widespread displacement of communities. Given that such ecological catastrophes and the displacement of large numbers of people would be utterly disastrous, it makes sense to reject the idea of widely adopting electric cars from the outset.",nlas,True,605,slippery_slope,slippery_slope
07e200e13ec112f7,"All of my red-headed friends are good dancers. Therefore, all red-headed people must be good dancers. 
This assumption from my experience is an example of",logic,True,485,example,hasty_generalization
08333acd5ea38add,"My best friend says you’re a liar, so I’m not going to talk to you.",logic,True,56,ad_hominem,ad_hominem_abusive
089fa7996d635980,Senator Curry is against the new F-99 laser fighter. I’m for it because I don’t want to leave America defenseless.,logic,False,,,
08a6d7916bdae763,But at the same time Michael Morse is a former professional ballplayer.  His word holds weight due to experience. What would he gain from lying here?,reddit,True,388,expert_opinion,appeal_to_authority
097a831e0583649d,Should an artificial general intelligence be created? Transhumanism is the next step in evolution of wealthy humans. Poor humans will unlikely benefit from it.,ethix,False,,,
098183b571547960,"There's broad agreement that terminally ill patients deserve the choice to end their suffering with dignity through physician-assisted death, instead of enduring unbearable pain against their will. So why assisted suicide hasn't been legalized yet?",nlas,True,106,popular_opinion,ad_populum
09aebb1ee1b9cca0,"Look at what happened with cloned sheep: the process led to serious health problems and abnormalities in the animals. If the same thing happened with cloned humans, we'd likely see similar defects and complications — which is reason enough to say human cloning shouldn't be permitted.",nlas,True,360,example,good_argumentation
09b36938ed1c50fc,Should individuals sentenced to life in prison be allowed to choose death instead? The 'right to die' has not been recognised as a human right by the Universal Declaration of Human Rights.,ethix,True,427,expert_opinion,irrelevant_authority
09ed716ce1611683,"Is cannibalism ethically permissible? Some humans in non-developed areas rely on food in nature to survive, including meat from local animals.",ethix,False,,,
09f7fc9646b96d10,"We should be skeptical of the views of people who want to legalize prostitution, because let's be honest, they're probably motivated by their own warped desires and a lack of empathy for the women who would be harmed by it, so their opinions on this matter are hardly credible.",nlas,True,78,ad_hominem,poisoning_the_well
0a1d426d4111bed5,"Ensuring financial security for everyone post-retirement is viewed as essential by the majority of people, and given this widespread principle, it follows that establishing a universal basic pension would represent meaningful progress in the right direction.",nlas,True,115,popular_opinion,ad_populum
0a3460941fca3014,"Should an artificial general intelligence be created? The AGI Safety problem is mathematically identical to that of the Halting Problem  in computer science. 
It is fundamentally impossible to discern the outcome, intentions and wisdom of creating an AGI ahead of doing so.",ethix,True,227,analogy,weak_analogy
0a397f18e9b22f2f,"""The bible is not Clear ""  it's clear enough so that there are 2.18 billion Christians   A comprehensive demographic study of more than 200 countries finds that there are 2.18 billion Christians of all ages around the world, representing nearly a third of the estimated 2010 global population of 6.9 billion.",ethix,True,96,popular_opinion,ad_populum
0a86f2a3101940aa,"Pro-Life vs Pro-Choice: Should abortion be legal? Statistics regarding the number of abortions due to endangerment of mother's life back this up. Florida, 2015: 0.065%. UK,1968-2011: 0.006%. U.S. estimate: 1%. (links)",ethix,True,421,expert_opinion,good_argumentation
0abf131739d31684,"""I don't know how Professor Resnick can be such a hard grader. He's always late for class. """,logic,True,6,ad_hominem,ad_hominem_abusive
0ad10f5a5c3b23ff,"""Speaker 1 (Democrat): “Donald Trump is a known adulterer. It reflects badly on his character, and suggests he might not be trustworthy.” Speaker 2 (Republican): “What about Bill Clinton? You didn’t seem to care when he cheated.”""",logic,True,9,ad_hominem,ad_hominem_tu_quoque
0ae615d527c68bc4,"Do people have a right to not wear a mask in public spaces during the Covid-19 pandemic? The UK government has made exceptions to the rule requiring masks for specific groups of people.
 This is an acknowledgement of the practical dangers of a one-size-fits-all prescription.",ethix,False,,,
0b26101c2f5d9d4c,"After I listened to the first song of my favorite musician’s new vinyl record, I knew I’d hate the entire record, so I converted it into a Frisbee.",logic,False,,,
0b94a777eb50a417,"how is it a scam if you use it as your source of vitamin c on days when you do not otherwise reach your suggested intake, or if someones diet lacks enough vitamin c in general?  they literally advertise it as immune support, not that it boosts your immune system.  let me guess, you have no background in any of this stuff, and you learned this was a scam from reddit comments?",reddit,False,,,
0c0d47fdc4f7b749,"Aristotle thought women were inferior to men. Aristotle is one of the smartest men who ever lived, so he must be right about this.",logic,True,457,expert_opinion,appeal_to_authority
0c40a9c757d22347,"Just as a skilled surgeon must deliberately cut into a patient to remove a life-threatening tumor, saving their life in the process, a drone strike that targets a high-value terrorist to prevent future attacks can be seen as a similarly justifiable act, since both involve causing harm with the ultimate goal of preserving human life. We accept that surgeons can inflict temporary harm to achieve a greater good, so it's reasonable to consider that drone strikes could be acceptable in certain circumstances, where the harm caused is a necessary step towards saving innocent lives and preventing further violence.",nlas,True,260,analogy,weak_analogy
0d18dadb789ac8f2,"All professional athletes use Apple watches to track their training, so our team needs to purchase Apple watches for everyone.",logic,False,,,
0d6adb035efdb0e4,"We should remove all fountains globally too, right? They must use a lot of electricity.  Actually dont festivals, concerts and sporting events use a ton of resources for a few hours of hedonistic joy? We should probably stop all of those too, so the money can be spent elsewhere (for instance).  Did I miss anything?",ethix,True,556,slippery_slope,slippery_slope
0e21c4422dffbf74,"Company R.E. are working on advertisement for a new juice drink. Some of their marketing employees went to a school to do a survey on students’ beverage preference. The majority said they preferred orange-flavored drinks, so Jeff told his superiors that orange was the flavor favored most by high school students.",logic,True,164,popular_opinion,hasty_generalization
0e433ebdbfb25d16,"I saw Ashton Kutcher in a commercial for male skin care. He's looking good for his age, so I'm willing to try the product. He must know what he's talking about.",logic,True,445,expert_opinion,appeal_to_authority
0e68ae7c07545cee,"""Everybody is late coming back from lunch, so it shouldn't matter if I'm late.""",logic,True,191,popular_opinion,ad_populum
0e84649b93c5e9b4,"Geneticists understand how genetic manipulation affects living organisms. Several of these specialists warn that tampering with genetics can produce serious consequences for organism health and wellbeing, suggesting that genetic manipulation does present substantial risks to health and welfare.",nlas,True,403,expert_opinion,irrelevant_authority
0eadc08a4fb3a5de,"""What we witnessed here in the Security Council is an insult. It won't be forgotten,"" U.S. Ambassador to the United Nations Nikki Haley said...  > ""The fact that this veto is being done ... is not a source of embarrassment for us; it should be an embarrassment to the remainder of the Security Council,"" Haley said.  Am I out of touch?  No, it is the other 14 council members who are wrong!",reddit,False,,,
0efa2d5b5d00505a,"""No one stops to process...No one appreciates the value"" is an example of",logic,False,,,
0f71318d559644b1,"Is cloning humans ethical? It is dangerous for society to embrace the idea of a ""perfect human being"". This idea led to the advocacy of eugenics in Nazi Germany, as the perfect human was thought to be of Aryan race.",ethix,True,356,example,appeal_to_extremes
0f946fe055887b6c,"Read the post. I did show it to be true. Not in excruciating detail, but just by appealing to all of the towering intellects throughout history and up until the present that have accepted some religion as true.   And I am sure some atheists have engaged with the arguments Im talking about, but many of them have not. Just look at Stephen Fry and his Big Think interview. He thinks saying why is there so much evil in the world is a knockdown objection to the existence of God, when its only the beginning of a discussion that has been going on for thousands of years and can be traced back to Deuteronomy.",reddit,True,394,expert_opinion,appeal_to_authority
0f96a073f37999b1,"Sure.  In fact, that other guy is probably more romantic than you anyways.  Let him take your wife on a 2 week vacation while he dicks her down.  And he's more of an alpha male than you anyways, so go ahead and let him raise the kids.  He's probably better at work so quit and let him take your job.  Since you're an inferior male, you should probably save all that food for the alphas so they can stay strong.  They could use your room too.   World oxygen is at a decline so you should probably stop breathing since betas shouldn't breed anyways.",reddit,True,571,slippery_slope,slippery_slope
108158798fc97a19,"There are so many people saying ""What's the harm?"", it's not him specifically but when you let one person surf or do whatever, then you begin to have an issue where people see this person out and allowed to do something, then it just invites more people to do the same, or cry for inequality because he's allowed on the beach and they are not. What makes him exempt from the rules?   Slaps on the wrist aren't doing it as we have people still going out and ignoring warnings. Honestly I thought this was a post from /r/Justiceporn",ethix,True,550,slippery_slope,slippery_slope
10de603a8a7472fd,"Don't tell me what to do!  And if it gets a lot of upvotes, the community has decided that it is worth posting.",ethix,True,98,popular_opinion,ad_populum
10f3717cbed4ad35,For those who can't understand....  Countries are starting to abort any abnormality nearly 100% if the time (check Iceland autism). Even if you think that's a good thing (which many would strongly disagree) you must concede that it is a slippery slope towards eugenics.,ethix,True,543,slippery_slope,slippery_slope
112808e4f007a59e,"It's rich that environmental activists are so opposed to nuclear energy when many of them are guilty of contributing to the very problem they claim to be fighting, burning fossil fuels in their daily lives by driving gas-guzzling cars and consuming electricity from polluting power plants. Given their blatant hypocrisy, it's hard to take their objections to nuclear energy seriously.",nlas,True,47,ad_hominem,ad_hominem_tu_quoque
113b79e374278dc6,"We shouldn't accept the arguments of climate change deniers, given that they're typically driven by self-interest and a staggering lack of awareness about the devastating impact their actions have on the planet and the people who will inherit it.",nlas,True,79,ad_hominem,poisoning_the_well
11436c3e2fd4fc62,Should Covid-19 vaccines be mandatory? Mandatory vaccine policies have proved extremely helpful in the fight against other preventable illnesses.,ethix,True,201,analogy,good_argumentation
114e42287788da49,Pro-Life vs Pro-Choice: Should abortion be legal? No form of contraception is 100% effective.,ethix,False,,,
1170f6d68f9e0afa,"John has terminal cancer, and he believes he should have the right to die with dignity through euthanasia. His situation illustrates a broader principle: anyone facing a terminal diagnosis should have that same right.",nlas,True,363,example,good_argumentation
11a4257245a69a96,"Remote work has become standard practice for all workers, and its widespread adoption suggests it may offer benefits worth considering, though its true impact should be evaluated by looking at productivity and well-being.",nlas,True,149,popular_opinion,ad_populum
11ab0ca2d99b38f5,Don't believe what Kim says about global warming. Kim dropped out of college!,logic,True,26,ad_hominem,poisoning_the_well
126ac1dbc0459668,McDonald's Hamburgers: over 99 billion served.,logic,False,,,
12aadb374141fefb,You didn't remember to take out the trash this morning. It will pile up and the neighbors will complain and the health inspectors will come and take away the kids.,logic,True,527,slippery_slope,slippery_slope
12ddcb7d05456073,Funny how after they regulated seat direct ammo sales all of a sudden they can impose new laws.,reddit,True,566,slippery_slope,slippery_slope
12e1e43c8c5d6c3e,"I'd say nah because there's a huge grey area. ""oh so definitely we're taxing butter. White bread definitely, yeah the nice artisan French bread is included under that umbrella. All condiments we'll tax, ketchup is sugar and mayo is oil. Pickles too yeah, they're just pure sodium."" Etc.",ethix,True,552,slippery_slope,slippery_slope
12f7bc86cfe286f9,People from big cities are not as friendly as those from small towns.,logic,False,,,
14438e4df2070f0c,"My roommate said her philosophy class was difficult, and the one I’m in is difficult, too. All philosophy classes must be hard.",logic,True,462,example,hasty_generalization
149816935fe8a1ff,"Every time we sacrifice virgins, it rains. Therefore, sacrificing virgins causes it to rain.",logic,True,320,correlation_to_cause,questionable_cause
14fff4d742226d1e,"Should schools close during the Covid-19 pandemic? Scientists showed that 1 in 3 people that have COVID-19 won't show symptoms, and would thus continue to go outside and spread the virus without even knowing.",ethix,True,419,expert_opinion,good_argumentation
151482830ac02b28,"The freedom to express ourselves is commonly regarded as a basic human right, enabling us to voice thoughts and opinions without suppression or punishment. If this liberty is officially recognised as fundamental, then restricting it through internet censorship becomes problematic, since it would constrain our ability to speak freely online.",nlas,True,135,popular_opinion,good_argumentation
170e7c456b6bbbe7,"Accused on the 6 o'clock news of corruption and taking bribes, the senator said that we should all be very wary of the things we hear in the media, because we all know how very unreliable the media can be.",logic,False,,,
174c038d8a00a733,Haven't had brain fog in over three years all due to diet.,reddit,False,,,
17ea0841b588dc4f,"If I don't take this AP class, then I won't do well on the exam. If I don't do well on the AP exam, then I won't get into a good college. If I can't get into a good college, then I'll never get a good job. If I can't get a good job, then I'm going to have to live in my parents' basement forever. Guess I'll sign up for the AP class...",logic,True,512,slippery_slope,slippery_slope
18462a58d453ad6d,"Ive mentioned this more than once in conversations. Its the same process every time standards change.  1. ______ should be acceptable because they cant help it/have a disease/were born like this. 2. Now that ______ is acceptable, ______ will be next. 3. Ill never except _____! Its wrong!  Then you repeat steps 1 - 3.   Personally I think anyone that has harmed a child should be publicly castrated, but thats just my opinion. Id bet money in the next few years there will be a big push against pedophiliaphobe, and if you cant accept them for who they are youre a bigot, blah blah blah.",reddit,True,574,slippery_slope,slippery_slope
199b7a1d1afc130f,Is cloning humans ethical? The right to reproductive freedom already includes assisted reproductive technologies such as in-vitro fertilization. Cloning humans could be seen as another assisted reproductive technology.,ethix,True,225,analogy,weak_analogy
19a44cd00b030ffd,"If you eat a good diet, you will never have a heart attack.",logic,True,464,cause_to_effect,hasty_generalization
1a535b40b8cc0396,"If [David N. Bossie] a man who looks like a extra from the set of the Sopranos, says Trump isn't a crook, I'll take his word for it.",reddit,True,411,expert_opinion,appeal_to_authority
1a621ac1a873829f,"We've seen that studying from home can be really beneficial for students, with research showing they tend to do better academically than their peers. Given that working from home shares a lot of similarities with studying from home, it's reasonable to assume that employees who work remotely will also see an improvement in their work performance.",nlas,True,236,analogy,good_argumentation
1a9131ebb799515f,"It is warmer this year in Las Vegas as compared to last year; therefore, global warming is rapidly accelerating.",logic,True,493,example,hasty_generalization
1aa4a7b1f1e60bb1,Kerry’s plan will raise taxes by at least $900 billion his first hundred days.,logic,False,,,
1ad711649611148d,"The National Security Agency director has unique insight into how security protocols impact personal privacy. When they point out that strengthening security measures requires some minor tradeoffs in personal privacy, it's sensible to accept this assessment, suggesting that security enhancements do require modest sacrifices in individual privacy.",nlas,True,396,expert_opinion,good_argumentation
1b167adada8b9234,"Just like a bank account, where overspending leads to bankruptcy, nature has its own limits when it comes to managing resources. If we keep taking more from the environment than it can naturally replace, we're headed for an environmental disaster. That's why embracing the Sustainable Development Goals is crucial - they help us strike a balance between using resources and allowing nature to replenish them, much like we need to balance our spending with saving to keep our finances healthy. By adopting these goals, we can avoid depleting the earth's resources and ensure a sustainable future, just as responsible banking habits secure our financial well-being.",nlas,True,239,analogy,good_argumentation
1b26169d6593b318,"Cars equipped with full self-driving technology tend to reduce the number of accidents on the road. As this technology becomes more widely available, we should see accident rates drop as a result.",nlas,True,287,cause_to_effect,good_argumentation
1b8040e349826b98,youre fucking idiotic if you think the government breaking the constitution doesnt warrant this. guns first and then what?,ethix,True,558,slippery_slope,slippery_slope
1ba6a6fde855d065,"Why are they always pushing for mor and more degeneracy all the time. First they have gay acceptance marriage, then the troomers start popping up, then we get idiots who wear mascot outfits and fuck animals, then we get sweaty neckbeards who have anime profile pics and sexualize children, and now they want us to date and marry people who are loaded with diseases and fuck other people.",reddit,True,576,slippery_slope,slippery_slope
1be0ebd6de42ccd6,"Who gives a shit? I feel like Q is like a worn out tire that needs to be recycled. I'm serious. When one of the largest conspiracy communities on the net rejects it, is it maybe possible it's horse shit? There is plenty of other places to discuss it.",ethix,True,95,popular_opinion,ad_populum
1c3710a6a0b932b8,"Should all drugs be legalized?  There will still be a black market demand for drugs in places where they are legalised. Thus, criminals can continue to generate drug-related income regardless.",ethix,True,309,cause_to_effect,false_premise
1c532f36108dcf0d,"Don't like, don't read seems simple enough to me  Written fanfiction is probably the most harmless of problematic media.  And frankly I'm just glad that it's allowed to exist at all. Slippery slope arguments are shit and all, but once the policing starts it wont stop at the obvious problematic pairings with illegal age differences (is incest even considered a big issue anymore, what with GoT making it super popular on every porn site ever?), it'll continue on with other common but ""unfit for polite company"" kinks like non-consent and BDSM and then it'll come for queer pairings, and then it's women enjoying sex and at that point corporate will move in to make money off it  //edit: I want to make it clear that I'm not defending stories with pedophilic content, I'm just of the opinion there's worse issues (like the simulated child porn using 3d models that's so common nowadays) and that we have much more to lose than to gain by going down this road",ethix,True,557,slippery_slope,slippery_slope
1c649aa58862c23a,"I would take the answer as sarcastic, BUT the I think the question was not, and I know for a fact that some women still expect this treatment. I've been given a hard time about not opening doors for women in the past.",reddit,False,,,
1d51720f046faaa5,Atheists are morally bankrupt.,logic,False,,,
1d609dabc8c3f3eb,"Just as our bodies need to breathe freely to stay healthy, our society needs freedom of speech to thrive, because expressing our beliefs and making choices is essentially the lifeblood of a functioning community, allowing individuals to exercise their moral agency and participate fully in the democratic process.",nlas,True,238,analogy,weak_analogy
1daca229834946ae,"If we start down the path of implementing stricter regulations to combat climate change, it's likely to set off a chain reaction. First, businesses will face increased costs, which will slow down economic growth and lead to job losses. As a result, tax revenue will decrease and social welfare spending will rise, causing government deficits and debt to soar. Before we know it, we could be staring into the abyss of economic collapse and societal upheaval. And let's be clear, that's a catastrophic outcome we should do everything to avoid. So, considering the potential consequences, it's probably not a good idea to implement these stricter regulations to combat climate change.",nlas,True,601,slippery_slope,slippery_slope
1e0ad16f961f7c70,"Lily says the sun is fully risen at 5:00am, but how would she know she sleeps in until noon. (love you lily all jokes all jokes)",logic,True,51,ad_hominem,ad_hominem_abusive
1e7f21304b6b8321,Electric cars produce zero tailpipe emissions and cost less to run than gas-powered ones. That combination suggests that choosing an electric car can mean less air pollution and real savings on fuel and maintenance.,nlas,True,374,example,weak_analogy
1ec88078a27cb6b9,"China's internet censorship has restricted citizens' access to information and suppressed free speech. That example suggests that when a country censors the internet, it tends to limit access to information and stifle free expression — running counter to democratic principles and human rights.",nlas,True,377,example,good_argumentation
1edea9566b9c0e97,"Just as wearing a helmet when riding a motorcycle is a crucial safety measure that protects the rider's head in the event of an accident, wearing a mask in public spaces serves a similar purpose - it's an essential precaution that helps safeguard not only your own health but also that of those around you from the spread of respiratory viruses, highlighting the importance of this simple yet effective protective measure in both scenarios.",nlas,True,237,analogy,good_argumentation
1f4c08d150f17d64,"Should all drugs be legalized?  The legalisation of drugs may create a drugs market that competes with the alcohol industry, jeopardising jobs in the latter.",ethix,True,312,cause_to_effect,cherry_picking
1f5b677068607b4a,Join the crowd and don’t get left behind!,logic,False,,,
20360e99cf260f9a,"""You are clearly just too young to understand this issue!""",logic,True,12,ad_hominem,ad_fidentia
205c15841b5fb770,"My friend said that if you sneeze more than three times, you have the corona virus.",logic,True,453,expert_opinion,appeal_to_authority
20e502f6703aea52,"If someone hasn't even bothered to give intermittent fasting a shot, it's probably because they're not willing to put in the effort, and that lack of discipline raises serious questions about the validity of their criticisms against it.",nlas,True,43,ad_hominem,ad_hominem_abusive
20ed998ed1fce53a,Is it ok to incentivise moral behavior? Paying someone for morality is like paying a bribe.,ethix,True,203,analogy,weak_analogy
2115fde1e9af2781,"Pro-Life vs Pro-Choice: Should abortion be legal? According to WHO, only 43% of women of reproductive age in less developed countries use modern contraceptive methods, and a wide gap in use is seen between the highest and lowest wealth quintiles (52% versus 35%, respectively).",ethix,True,417,expert_opinion,good_argumentation
2124eb08e06521c9,"Just as buckling up behind the wheel can significantly lower your chances of getting seriously hurt in a car crash, taking control of your reproductive health with birth control can dramatically decrease the likelihood of an unplanned pregnancy, because, in essence, both measures serve as proactive safeguards against undesirable outcomes.",nlas,True,261,analogy,good_argumentation
22311482545d0362,Is capitalism the most moral system? Pollution and the usage of fossil fuels would be examples of this.,ethix,True,333,example,cherry_picking
2245c10230d603ab,Would the world be a better place without humans? Humans are the only ones that set aside stocks of resources for medium term use. This causes continued extraction/exploitation of the Earth in excess of current needs.,ethix,True,313,cause_to_effect,cherry_picking
22d6f107dad856b8,"And I'd like to know where have we been defeated and where have we retreated? In the Truman Administration, six hundred million people went behind the Iron Curtain including the satellite countries of Eastern Europe and Communist China. In this Administration we've stopped them at Quemoy and Matsu; we've stopped them in Indochina; we've stopped them in Lebanon; we've stopped them in other parts of the world.",elecdebate,False,,,
232b1663e0aa78f0,Two members of my team have become more engaged employees after taking public speaking classes. That proves we should have mandatory public speaking classes for the whole company to improve employee engagement.,logic,True,479,example,hasty_generalization
2338a8fbf845d621,"Never reduce a fee for any patient for any reason or else you'll find yourself constantly reducing fees for everyone, everyone will take advantage of you, your patients will lose respect for you and for therapy, and you'll loose money and go bankrupt.",logic,False,,,
240f020355674698,"We should be skeptical of Senator Smith's claims against renewable energy, given that he has a history of being heavily funded by the very companies that stand to lose from a shift to cleaner energy sources.",nlas,True,77,ad_hominem,ad_hominem_guilt_by_association
2438aa90d6a76758,"Access to contraception is viewed as a basic human entitlement, vital for autonomous decision-making about our bodies and reproductive futures. Whenever something gains recognition as a fundamental right, like contraceptive access, it's logical to conclude we should champion and defend it. This means working to guarantee contraception availability for everyone.",nlas,False,,,
24965841466ee761,"You can't take the arguments of feminists who push for gender quotas seriously, because let's be honest, they're not really looking out for equality - they've got a grudge against men and are driven by a secret motive, so their whole case for quotas is tainted from the start.",nlas,True,92,ad_hominem,ad_hominem_abusive
249d854a1061d2dc,"I didn't want to the only one not listening to music while I completed my Achieve article, so I listened to music too.",logic,True,184,popular_opinion,ad_populum
24caed47a2610149,"person 1 : ""We should argue with logic facts"" person 2: ""You should grow a brain before you open your mouth""",logic,True,61,ad_hominem,ad_hominem_abusive
24d2f373b1958375,Of course that doctor advocates vaccination—he probably owns stock in a pharmaceutical company.,logic,True,59,ad_hominem,ad_hominem_guilt_by_association
24e69b756fe3809e,"Should unpaid internships be banned? Unpaid internships, in countries such as Australia, are often under legislated, allowing employers to bypass fair work requirements.",ethix,True,348,example,cherry_picking
24f3aba9426ce63f,"""But, Dad, I know you smoked when you were my age, so how can you tell me not to do it?""",logic,True,1,ad_hominem,ad_hominem_tu_quoque
250f8e27723ffc3a,"Lunacy?  Allow me to introduce you to my friend.  His name is reductio ad absurdum.  If you want to be tested for every infectious disease that exists (there are many thousands), every day of your life, you think that should be free?  Now that rhetorical question is burned to the ground by it's logical counterpoint, I await an actual good faith question.",ethix,True,548,slippery_slope,slippery_slope
25f4cf1426f91ba6,"It's rich that John is advocating for stricter regulations on unhealthy foods, considering his own diet consists of nothing but junk food, which has clearly taken a toll on his health - it's hard to take his opinions on the matter seriously when he doesn't seem to practice what he preaches.",nlas,True,48,ad_hominem,ad_hominem_tu_quoque
262595474c0858c6,"Nuclear weapons are seen as vital for national defense and deterring similarly armed nations and their use might be justified under certain circumstances to protect ourselves and maintain peace. Given that nuclear arsenals can serve as powerful deterrents against potential threats, it's reasonable to think situations might exist where using them becomes necessary to ensure national security and prevent attacks from other nuclear-armed states. This means there could be circumstances where nuclear weapon deployment would constitute a justified measure to safeguard our country and prevent conflicts with other nuclear powers.",nlas,True,138,popular_opinion,good_argumentation
27d144902aab64fc,"Well they should have the option to take it or not. As soon as you make vaccines mandatory my fear is the government will make other health procedures mandatory.  Dont get me wrong, I think vaccines are great and people should get them. But I do not think it would be wise to make vaccines mandatory.",ethix,True,540,slippery_slope,slippery_slope
28124fd9bd25bdcb,"""Just as we consider it acceptable to defend ourselves physically when our safety is threatened, using force to protect ourselves is a fundamental right, and by the same token, using nuclear weapons as a deterrent can be seen as a form of self-defense on a larger scale, making it equally justifiable from a moral standpoint.""",nlas,True,252,analogy,weak_analogy
28d4e2ad6faff3af,The right to assemble is a civil liberty. If they take away one civil liberty? How many can the have? All of them?  Wrong place to post. But no one will let the truth be heard!!!,ethix,True,547,slippery_slope,slippery_slope
2910450986fbd372,"yeah, and all that is great until the ""wealth tax"" gets extended to the middle-class  just like the income tax was  be careful what you wish for",reddit,True,578,slippery_slope,slippery_slope
296f15d0582b05bc,What is wrong with Tanya? She only has five hundred dollars saved and she’s going away to college next year. That would be like letting my four-year-old brother go to Russia by hisself.,logic,True,273,analogy,weak_analogy
2988896000fa7bc9,"Bill says Jenny would make a good class president, but Bill makes bad grades, so we shouldn’t vote for Jenny.",logic,True,18,ad_hominem,ad_hominem_abusive
2991ee41f2652b99,"Scientific research overwhelmingly confirms Earth's spherical shape, which strongly indicates that flat Earth concepts, as promoted by Terraplanism, are fundamentally flawed. With scientific consensus so definitively supporting Earth's roundness, it's reasonable to conclude there's persuasive justification for dismissing Terraplanism entirely.",nlas,False,,,
2cbdc98872e242f5,There is definitely a link between dementia and drinking energy drinks. I read about it on Wikipedia.,logic,True,448,expert_opinion,irrelevant_authority
2ddff5c9053774cc,Is cannibalism ethically permissible? The survivors of Uruguayan Air Force Flight 571 stayed alive for 72 days by eating the dead and preserved bodies of their fellow passengers.,ethix,True,336,example,cherry_picking
2dfb3e37b2f5708b,People nowadays only vote with their emotions instead of their brains.,logic,False,,,
2e1b56ea711f1d62,"Should unpaid internships be banned? Those people who have done paid internships gain an ever higher salary than those who have done unpaid internships (Sutton Trust, pp. 44-45). Therefore in 
terms of best promoting individual's longer-term salary, ideally unpaid internships would be banned and everyone would do paid internships.",ethix,False,,,
2e92ab2cd4de4f83,How? The market (Humans) have literally said he's good and that's why he's worth 20M? He's up there with    * Jeff Kinney (tie) Earnings: $18.5 million. * John Grisham. Earnings: $21 million. * Stephen King. Earnings: $27 million. * J.K. Rowling. Earnings: $54 million. * James Patterson. Earnings: $86 million.,ethix,True,101,popular_opinion,ad_populum
2ea788f30408b0d9,"Just as using a deadly weapon to take someone's life is a serious crime that warrants severe punishment, assisted suicide, which is essentially equivalent in its consequences, should also be treated as a criminal act and punished accordingly, given the similarities between the two.",nlas,True,241,analogy,weak_analogy
2eb55afc3f7450b1,Distracted driving is a HUGE problem but the fact that people are begging for a state run mass surveillance system is terrifying. It may seem innocuous and even helpful at first but the implications are tremendous. These are the first steps towards mass facial recognition and social credit systems... and people are clamoring for it. Its crazy.,reddit,True,563,slippery_slope,slippery_slope
2ee03f391416d1db,The Senator thinks we can solve all our ecological problems by driving a Prius.,logic,False,,,
2f22cb61772bf692,"Charlie: I think we should put more money into schools. Quality public education is so important. Bob: So you’re saying we should cut military spending and spend it instead on more spiral notebooks and crayons? I guess you want our country to be a weak, defenseless target for terrorists.",logic,False,,,
2f84699004696926,The teenagers where rude and disrespectful therefore all teenagers are rude and disrespectful.,logic,False,,,
302c8bff01c0bbbe,"Personal privacy faces threats from data breaches—everyone agrees. Given the documented frequency and severity of these accidents, it seems sensible to reconsider our reliance on online social platforms, as reducing their use could help protect ourselves. This points toward the wisdom of limiting social network engagement.",nlas,True,132,popular_opinion,good_argumentation
30a4200fffce1505,"If we start to ignore the study of UFOs, it's likely to create a ripple effect, where our disinterest in the unexplained eventually leads to a broader lack of curiosity about the universe and its many mysteries. This indifference could then snowball, causing us to miss out on crucial opportunities for scientific discovery, and ultimately, our knowledge and understanding of the world would grind to a halt. The thought of humanity losing its drive to explore and learn is a dire one, and it's clear that we should avoid taking the first step down this slippery slope by continuing to explore and study UFO phenomena.",nlas,True,602,slippery_slope,slippery_slope
31123f7b753f37b1,"Do people have a right to not wear a mask in public spaces during the Covid-19 pandemic? Most anti-maskers are not educated on the benefits of wearing masks; whereas government officials 
and researchers who recommend masks to the point of making it mandatory are much more informed.",ethix,True,416,expert_opinion,good_argumentation
312a2897b8800631,Would the world be a better place without humans? The link between evolutionary selection and selfishness has been overturned due to recent findings that evolutionary pressures to cooperate and act selflessly are stronger.,ethix,True,435,expert_opinion,non_sequitur
312bfd2ce258caa6,"Eating too much unhealthy food has been tied to higher rates of obesity, heart disease, and diabetes — and it's often marketed straight at vulnerable groups like children and low-income families. That pattern points to regulating how these foods are produced and marketed as a way to improve public health and narrow health disparities.",nlas,True,368,example,good_argumentation
314cbdd5a7a887c8,"Violence among teens has risen the last five years. Video game playing among teens has also risen the last five years. Therefore, playing video games causes teens to be violent.",logic,True,321,correlation_to_cause,post_hoc
31a2d253330d2956,"""Certainly this is the case at most colleges in America nowadays""",logic,False,,,
321adb837b2f9581,All of those who hate the Duterte administration are CPP-NPA supporters.,logic,False,,,
3228ccd7b9deefe5,"I'm also curious as to who badged it and why.  My intent on posting it was to give voice to an articulate and educated man who is asking us to take a wider view of things that we don't understand. There are a few replies here that think he is nothing more than an nutjob standing on a street corner with a sign that reads, ""The end is nigh!""",reddit,False,,,
3286aad2158311a8,Trying the latest social media challenge is a good example of what logical fallacy?,logic,False,,,
3338c1f261e5c129,"""In its origins [AIDS] was entirely a disease of sodomites... That the first case was diagnosed a little over a decade after the so-called ""Gay Rights"" and ""Gay Pride"" movement gained momentum and force can hardly be coincidental."" - Harry Jaffa, Professor Emeritus of Political Philosophy at Claremont McKenna College",logic,True,325,correlation_to_cause,post_hoc
334ba2aa84bcaa05,"Should euthanasia be legalized? Deuteronomy 32:29 states, ""It is I who bring both death and life.""",ethix,True,426,expert_opinion,irrelevant_authority
337ec34c7fd71259,"If we use one more can of hairspray this month, the ozone layer will not exist, and we will not exist!",logic,True,525,slippery_slope,slippery_slope
33b8f29b4f0d2854,I can't trust the mayor or the governor. All politicians must be liars.,logic,True,480,example,hasty_generalization
33f6dfaf9c4e41f1,"Four out of five dentists recommend Happy Glossy Smiley toothpaste brand.  Therefore, it must be great.",logic,True,469;495,popular_opinion,hasty_generalization
34663014f2b4e416,"Renewable energy faces skepticism about meeting our energy needs, largely because it can't yet fully replace fossil fuels. If this assessment holds true, it counts against renewable energy. This provides reasonable grounds for doubt about renewable energy viability.",nlas,True,122,popular_opinion,ad_populum
349aad7f228e0293,"How do you spot an Atheist?   They tell you.   Also, they shit on other religious beliefs.",reddit,False,,,
34bdeea8b07daf95,I’ve never had the flu because I take my vitamins everyday.,logic,True,329,cause_to_effect,causal_reductionism
34ca498bcd3d083d,This fallacy attacks a position the opponent doesn’t really hold.,logic,False,,,
3579ecad7664a6de,"theyre much funnier and have actually played at the highest level, so they know what theyre talking about, at least for the mental aspect of the game. plus, ive never felt they dont believe what theyre saying, like i do w skip or stephen a",reddit,True,385,expert_opinion,appeal_to_authority
35ad3b5c9fc5e980,"There's broad agreement that terminally ill patients deserve the choice to end their suffering with dignity through physician-assisted death, instead of enduring unbearable pain against their will. Typically, whenever society reaches consensus on principles like bodily autonomy and personal sovereignty, this carries significant weight in favor of allowing individuals to make their own choices, even in the hardest moments. Since this widespread support for individual control over one's own life exists, it provides a strong case for legalizing assisted suicide.",nlas,True,108,popular_opinion,good_argumentation
35fedcadfc30a5cc,"If we let the government implant tracking devices in criminals, it's not going to stop there! They're going to want to track us at work, our school children, and then eventually everyone!",logic,True,532,slippery_slope,slippery_slope
3684aa657495a0e6,"I saw this today on Facebook, and I have to wonder... How can people see animals as cute and innocent, and still choose to brutally kill and eat their flesh?",reddit,False,,,
370583703165e382,Stating that something should be done (or agreed to) because everyone else thinks this way.,logic,False,,,
378e1e7149cc919b,"Mrs. Peters is nominated for teacher of the year, which is voted on by her fellow faculty members. A colleague says that she would never vote for her because she is too young.",logic,False,,,
379193668ed3d2df,"When a government censors the internet, transparency and accountability tend to suffer. Since this particular government is censoring the internet, we should expect exactly that kind of erosion in transparency and accountability.",nlas,True,288,cause_to_effect,good_argumentation
37cc97c964cf5688,A drone strike targeting a suspected terrorist ended up killing innocent civilians as well. Incidents like that show the real risk of collateral damage that comes with drone strikes.,nlas,True,378,example,good_argumentation
37efdc3c5148f1a0,Because they were being pieces of shit - and this kind of intolerance is what ultimately leads to deep prejudice  and in lots of cases physically manifests in violence and even genocide. Why the fuck should we allow behavior like that to continue?,reddit,True,565,slippery_slope,slippery_slope
383b1a0bdc0f3a80,"There's widespread acceptance that facial coverings in public settings help prevent infectious disease transmission, and this broad consensus provides solid grounds for mask-wearing when out in community spaces.",nlas,True,110,popular_opinion,good_argumentation
383ed9c744b5a30c,"""We shouldn't accept John's views on censorship in social networks, given that he's shown himself to be a hypocrite who only tries to silence opinions that contradict his own - it seems his real motive is to suppress dissenting voices, not to genuinely address the issue.""",nlas,True,10,ad_hominem,ad_hominem_abusive
3847c80729510e82,40 million people can't be wrong! Buy the new Iphone XIV today!,logic,True,160,popular_opinion,ad_populum
390d13c09cd8bc78,"Alright, so to build a tower, why not fix the foundation for 10 years before building the tower? That sounds like the right way going forward and what Massive is doing.   Sure, its going to compound problems, but that's exactly why we have Division 2, Destiny 2, and multiple ""releases"" of games. Everything is going to fall apart sooner or later as complexity increases, and thinking you could ""fix"" the foundation perfectly to avoid magnifying the problems is just hoping that the Sun don't grow into a red giant sooner or later.",ethix,True,544,slippery_slope,slippery_slope
3982639560a85fe5,"Employees who work remotely consistently report higher job satisfaction, along with real savings in time and money from skipping the commute. That pattern suggests remote work tends to boost both happiness and financial well-being.",nlas,False,,,
3ad385d691962b59,"I think everyone agrees the retirement age can and should gradually be moved forward. I think stopping at 67.5. Over the appropriate time frame, it will increase the working age population, boost productivity, and delay social security payments.",reddit,True,155,popular_opinion,ad_populum
3b67c0be410b475e,Should schools close during the Covid-19 pandemic? Only 54% of the global population has access to the internet (p. 8).,ethix,True,429,expert_opinion,good_argumentation
3bb81bd1e7325ef1,"Free Will or Determinism: Do we have free will? Debating necessarily involves the implicit assumption that it's possible in principle to change the minds of others 
involved. This is only possible if the participants are free in some sense.",ethix,False,,,
3bcd98fc869b7721,Cheesecake Factory is the best because it is always crowded,logic,True,168,popular_opinion,ad_populum
3c158f7cbc5ab82d,All people who live in England have bad teeth.,logic,False,,,
3cab262e53873664,"Should euthanasia be legalized? The people most likely to be considered as candidates for euthanasia are those least likely to be able to speak for themselves (e.g. dementia, brain damage, neurodegenerative disorders).",ethix,True,332,example,good_argumentation
3cc98e568c1a2021,"Given Dr. Smith's troubling track record of unethical behavior, including past reprimands from medical boards, it's hard to take his stance on assisted suicide seriously and we should be cautious about accepting his argument on this matter.",nlas,True,30,ad_hominem,poisoning_the_well
3d22579d9f2e0340,"Using animals for testing carries a real risk of harmful effects on the animals themselves. Since animals are indeed being used for testing here, that same risk of harm applies.",nlas,True,301,cause_to_effect,good_argumentation
3d71b3cbeeaf447b,"How do I know the adult film industry is the third largest industry in the United States? Derek Shlongmiester, the adult film star of over 50 years, said it was. That's how I know.",logic,True,451,expert_opinion,appeal_to_authority
3d84a4b24be93488,"Pro-Life vs Pro-Choice: Should abortion be legal? The government knows people will seek out illegal and potentially harmful drugs, but that is not a reason to lift the ban on them, making them easier to access.",ethix,False,,,
3e4fe7e5af57d6bd,Everybody know that staying out in the rain can make you sick.,logic,True,177,popular_opinion,ad_populum
3e518532e2e4f30f,"The internet currently allows unrestricted access to deeply harmful content — things like child exploitation material and terrorist propaganda — which puts individuals and society at risk. Given that, internet censorship could be an effective way to keep that kind of content from spreading.",nlas,True,365,example,cherry_picking
3e7f4707545b15cd,Encampment is like basic training. It’s CAP’s equivalent to Boot Camp.,logic,True,277,analogy,weak_analogy
3ed7bd5571b2b257,"My sister-in-law, who is a teacher, said that this school is not somewhere that I would want to send my children.",logic,True,447,expert_opinion,appeal_to_authority
3f5e234ab1412788,What happened to separation of church and state?,reddit,False,,,
3fbae950e4e60365,"A 2005 Gallup Poll found that an estimated 25% of Americans over the age of 18 believe in astrology—or that the position of the stars and planets can affect people's lives.  That is roughly 75,000,000 people.  Therefore, there must be some truth to astrology!",logic,True,186,popular_opinion,ad_populum
3fccbe0c7d4b6f40,Should individuals sentenced to life in prison be allowed to choose death instead? PTSD and anxiety are common mental health disorders observed to develop within long-term inmates.,ethix,True,358,example,cherry_picking
4000a372e40713ec,Analysts from all over the world are supporting this theory. Sounds like youre the one with their head up their own ass.,reddit,True,157,popular_opinion,ad_populum
401dd4ed5526c992,Have you ever had anything stolen from you? Have you or your loved ones been punched in the face by a homeless guy who's high on drugs?,reddit,True,505,example,hasty_generalization
40391bab17c0f93e,"What do you think of Nazi historian Christopher R Browning pointing out the troubling similarities?  We're not saying he is literally hitler, just that he is acting very similar to the early stages of Nazi Germany.",reddit,True,395,expert_opinion,appeal_to_authority
40c976a8a3504c2a,"On my walk to work this morning, a woman on her bike nearly ran me off the sidewalk. I hadn't realized that cyclists were so aggressive and rude!",logic,True,494,example,hasty_generalization
40f16a2ddf6144b4,"We shouldn't pay too much attention to John's views on prioritizing individual privacy over national security, considering his own history of criminal behavior and clear bias towards keeping personal information private, even if it means compromising the safety of the nation.",nlas,True,83,ad_hominem,poisoning_the_well
418ee415f003a745,My opponent is trying to convince you that we evolved from monkeys who were swinging from trees; a truly ludicrous claim.,logic,False,,,
42bffe78401a7992,"Just as limiting what books are available in a library can be seen as a form of censorship, restricting access to certain websites serves a similar purpose - to control the flow of information. We've long recognized that censoring library books infringes upon our freedom of speech, so it's only logical that internet censorship, which essentially does the same thing, also violates this fundamental right.",nlas,True,254,analogy,weak_analogy
42ca3488cc537977,"Ross Geller, an evolutionary biologist and perhaps the foremost expert in the field, says that evolution is true. Therefore, it's true.",logic,True,452,expert_opinion,appeal_to_authority
42f2be0c5efe5ab5,"""Just as we readily accept the mass production of identical objects, like computer chips or consumer goods, we should also be open to the idea of cloning animals and even humans, since the process of creating identical copies is essentially the same - we've already seen it work with animals like Dolly the sheep, and the technology has the potential to be applied to humans as well, so if we're comfortable with one, we should be comfortable with the other.""",nlas,True,250,analogy,weak_analogy
435191d243d41cc7,Pro-Life vs Pro-Choice: Should abortion be legal? Studies have shown that abortion has adverse psychological impacts on women.,ethix,True,440,expert_opinion,good_argumentation
43e8a493bf6198dc,"Lucas: I remember when I was about three years old my mother saved me from almost being eaten by a shark. Katie: I doubt that. What you are experiencing is what cognitive psychologists refer to as a ""false memory.""",logic,False,,,
43f964c56095edda,"Democracy is commonly viewed as the most ethical form of governance, and when political systems gain such broad approval, it suggests we should promote and defend democratic institutions, indicating there's strong reason to support democratic values.",nlas,True,130,popular_opinion,good_argumentation
4406788bef796844,Saw a bmw going down the shoulder lane on the 91 this morning. BMW drivers are dick heads. All of them.,reddit,True,506,example,hasty_generalization
4484199e5d9d3cc3,"Asking students to sit in the same class for 2 hours is like asking them to wander the desert alone, with no water, for a week.",logic,True,268,analogy,weak_analogy
44eb3490bad5b2fd,Yeah why don't we just speak every sentence about a given country in that country's language,ethix,True,545,slippery_slope,slippery_slope
44eb526f83de54c2,Why did we stop beating kids?,reddit,False,,,
44f1b3b7fce57daa,Speaker 1: No fault divorce has proven to be detrimental to society and the family. Speaker 2: You didn’t seem to think that when you got divorced.,logic,True,68,ad_hominem,ad_hominem_tu_quoque
4558fc642bc0489a,Get Verizon--1 billion people can't be wrong.,logic,True,188,popular_opinion,ad_populum
45cc548a87d0245e,Is cloning humans ethical? Genetic defects have also been observed often enough in naturally reproduced animals.,ethix,True,339,example,cherry_picking
46188a3d998f50df,"""Just like students are given a couple of weeks of preparation before taking exams, doctors should also be given few days or weeks to prepare themselves before an operation or surgery, after all surgery is not as easy task""",logic,True,267,analogy,weak_analogy
467dd610b63e82a0,"Just as cutting back on exercise typically leads to a decline in overall health and fitness, reducing working hours can have a similar impact on productivity and efficiency, since the principle is the same: less input often results in less output.",nlas,True,257,analogy,weak_analogy
46896886fc6a3f01,"What's the right solution to the trolley problem? If self-sacrifice for a greater number of people is not an obligation, then sacrificing someone else to save a greater amount of people without their consent cannot be the right thing to do.",ethix,True,218,analogy,weak_analogy
46bd0793ddfadc35,"We shouldn't consider John's proposal to cut working hours, considering he's always been one to shy away from putting in effort and is constantly making excuses to get out of doing his fair share.",nlas,True,81,ad_hominem,poisoning_the_well
46cd653595d4382d,"Should all drugs be legalized?  In some US states where marijuana is legal, there are still large marijuana black markets due to regulations that increase the cost of legal marijuana.",ethix,True,342,example,good_argumentation
47b38049b0f78722,"""Once you leave the house, you cannot go back. You will not receive any financial support so you need to stop going to school. Your credit card will be cut so you need to work. You will live on your own.""",logic,True,530,slippery_slope,slippery_slope
47e7125b46c3872f,"If we start down the path of ignoring how we present ourselves physically in our pursuit of success, it's likely to lead to a decline in our overall self-care, including our hygiene and grooming habits. This, in turn, can damage our professional image, which can then erode our self-esteem and confidence. As our self-esteem and confidence plummet, our relationships with others are likely to suffer, and ultimately, this can severely hinder our ability to achieve the very success we're striving for. Given that failing to achieve personal success is a truly undesirable outcome, it's clear that ignoring our physical appearance in the pursuit of success is not a step we should take.",nlas,True,594,slippery_slope,slippery_slope
481669a0aee759a0,"As globalization increases, income inequality tends to rise along with it. Since globalization is indeed increasing, we can expect income inequality to grow as well.",nlas,True,284,cause_to_effect,good_argumentation
483dbeceee357f34,"White men can't jump. No, really, they can't!",logic,False,,,
486274c5ef3a8d10,"Without internet censorship, harmful content like hate speech and violent material tends to spread freely. Since certain countries have no such censorship in place, that kind of content is easily accessible to everyone there.",nlas,True,281,cause_to_effect,good_argumentation
48aa24c267177209,Belt whipping is pointless.,reddit,False,,,
48ebd3f161c137d8,You're a Westener and you're an idiot.,logic,True,93,ad_hominem,ad_hominem_abusive
4951b1f7b94b30dc,"I've just looked at his profile: ""Invented and led 49 new capabilities in predictive analytics, Machine Learning and AI."" While he was the global leader of analytics and Data Science at Capgemini, I think you are all just jealous, how many new capabilities in those areas have you invented...?",reddit,False,,,
495a383a821fdc0b,"“McDonald’s has served 100 billion people in the world. It must be the best fast food restaurant in the world"" is an example of",logic,True,166,popular_opinion,ad_populum
49abc356a7d647f8,"If you don't study, you'll fail your test. Then you will do poorly in the class and you GPA will fall. You won't get into a good college, so you'll never get a decent job and you'll end up poor and homeless.",logic,True,513,slippery_slope,slippery_slope
4a35db2297c66685,"Once a health - care program ends up in a line item in the federal government budget, it leads to more controls. And just look at other countries that have tried to have federally controlled health care. They have poor - quality health care. Our health - care system is the envy of the world because we believe in making sure that the decisions are made by doctors and patients, not by officials in the nation's capital.",elecdebate,False,,,
4af47a7a36347289,"If you are a true American, you will ask your congressman to vote against NAFTA.",logic,False,,,
4b28ba0b0e01abe7,"Wearing masks in public tends to slow the spread of airborne diseases. Since people are actually wearing masks in public right now, we should expect to see less disease spreading as a result.",nlas,True,278,cause_to_effect,good_argumentation
4b2f513cd8c451fc,Would the world be a better place without humans? Scientists studying other creatures are constantly discovering how much more complex other life forms are than previously assumed.,ethix,True,441,expert_opinion,non_sequitur
4b59e519794b7ad0,"""Think about it, when you artificially limit competition in a market, it's essentially the same as constructing walls around a city to shield local businesses from outsiders. And that's exactly what tariffs on imported products do - they restrict competition. So, in essence, imposing tariffs is akin to building a wall around your city to protect the local shops, it's a form of economic isolation that can have similar effects.""",nlas,True,235,analogy,good_argumentation
4bcf99c21067f66b,Sexualising young children (children beauty paegents) should be legal then? Why not include child porn while you're at it...,reddit,True,568,slippery_slope,slippery_slope
4c2cba86e996ec55,"Mr. Stark's idea for implementing affirmative action in the university's admission process is complete folly. He say's he wants the student body to represent diversity in the community. But that's ridiculous. I suppose this means we'll have to throw out our academic standards while were at it. After all, if we're going to let students into our prestigious institution just because of their gender or the color of their skin, then what's going to happen to our reputation?",logic,False,,,
4c7540584c2cad78,"it will be moved from being ""opt in"" to ""opt out"" to ""free for all"" with time. The ""voluntary"" part is just the trojan horse, don't fool yourself.",reddit,True,586,slippery_slope,slippery_slope
4ca07d7333b8a2f7,"Is domestic abuse justified? /r/CringeAnarchy user brings up the bible, gets bible'd right back",reddit,False,,,
4cadbd64b2566207,Free Will or Determinism: Do we have free will? Retrocausation provides a viable alternative to the problematic superdeterminism vs. action-at-a-distance debate by preserving local causation (link).,ethix,False,,,
4cc51a06fecc0bc9,"I get what OP is saying but this is the definition of a slippery slope. Humans are by and large the only species on this planet who not only love, but also care for the weak (promise I don't mean that in a bad way).  Lions don't have a support group to prop up one of them that is injured or gets a thorn in their paw. They say ""fuck em"" and leave them to fix it themselves, or die.  Humans are beautiful *because* we shield, care for, and protect the outliers of our family/society.  I don't want to invoke Godwin's Law but OP's opinion is skirting dangerously close to being fanatical. If implemented, would undoubtedly be used as a baseline that would quickly morph into exterminating anyone who doesn't contribute to society, or in other words, be a burden.  Paraplegic but still have all of your cognoscent facilities? Gandpa has alzheimers? Welp, you don't contribute to society and are a 24 hour burden, toss them in the pile.",ethix,True,541,slippery_slope,slippery_slope
4d31e79bb2460b78,"Carl Gustav Jung (most prominent psychologist ever) compared Adolf Hitler to Mohammed. So to all the soyboys who claim ""oh no, you are stupid for comparing them"" -> the smartest man in psychology did it so who is stupid now?",reddit,True,386,expert_opinion,appeal_to_authority
4dbfbda62261e36a,1 = a number; 2 = a number; therefore 1 = 2.,logic,False,,,
4dc1f345268ee548,"If we start by increasing taxes on luxury goods, it may seem like a harmless move at first, but it could set off a chain reaction. Before we know it, the government might start taxing other goods and services more heavily too, which would likely lead to people having less money to spend, causing businesses to struggle and ultimately resulting in widespread job losses. This would be a disaster for our economy, with far-reaching consequences for workers and businesses alike. So, considering where this path could lead, it's probably not a good idea to even propose increasing taxes on luxury goods in the first place.",nlas,True,607,slippery_slope,slippery_slope
4e2b80d1397839c0,People who drive big cars probably hate the environment.,logic,False,,,
4f8de83752cd60b4,"Do people have a right to not wear a mask in public spaces during the Covid-19 pandemic? For people with certain underlying conditions and medical considerations, mask wearing is not possible.",ethix,False,,,
4fd68873005c75e5,"""You know, the whole Terraplanism debate reminds me of the moon landing conspiracy theories - they share a similar vibe. Just as some people still insist the moon landing was faked, despite overwhelming evidence, we're seeing a similar pattern with Terraplanism, where some individuals cling to the idea of a flat Earth, even when faced with a mountain of contradictory evidence.""",nlas,True,246,analogy,good_argumentation
5004569dcf538429,"There must be a firm basis to people hating Islam. There are many of us and we can't all be wrong.   Am i afraid of Islam and what it can do to this country? You are damn right i am and with good reason. With my own two eyes i have seen how it destroys countries, Islamic countries none the less. People that support this religion blowing each other up.  You are doing a dis-service to your country being ""politically correct"" in regard to Islam and your children will suffer because of it.",ethix,True,102,popular_opinion,ad_populum
500deedfb846e301,Marcus wants to go to a small community college close to home because all of his friends are there.,logic,False,,,
5023eb1b4c023510,"Should euthanasia be legalized? In situations of great chronic pain, euthanasia should be an option for patients.",ethix,True,353,example,good_argumentation
506e097560ae43ae,Should euthanasia be legalized? Less than 33% of patients requesting euthanaisa experience inadequate pain control.,ethix,False,,,
5094b03cda4c08ed,"Pro-Life vs Pro-Choice: Should abortion be legal? In situations where pregnancy endangers a mother, the fetus is also likely in jeopardy. There for it is not as simple as exchanging one life for another, but rather opting to save one person versus allowing two to die.",ethix,True,305,cause_to_effect,good_argumentation
50fcf44804f50bfa,"An ad claims that 3 out of 4 real estate agents reccommend moving to Sunnyville, California.",logic,True,450,expert_opinion,appeal_to_authority
515009a26eef823b,"Just as crash test dummies are used to ensure the safety of vehicles, with the understanding that this kind of testing is both necessary and acceptable for protecting human lives, similarly, testing medicines in lab rats serves a parallel purpose. It's a crucial step that mirrors the principle of crash testing, aiming to guarantee the safety and efficacy of medical treatments for humans. This comparison highlights that just as we deem crash testing indispensable for automotive safety, we should also view lab rat testing as essential for advancing medical science and safeguarding human health.",nlas,True,243,analogy,good_argumentation
51b6aeb06734d1f9,Should individuals sentenced to life in prison be allowed to choose death instead? Medical practitioners follow scientific standards to determine whether patients possess autonomy and the capacity to make an informed choice. Such requirements could also be applied to prisoners in these circumstances.,ethix,False,,,
5238e866bd659d8f,The Windmill debate- Snowball promises that the Windmill will mean less work and better living conditions. Napoleon says that it's just unnecessary and will be more work.,logic,False,,,
536fa6d59011bce2,Do people have a right to not wear a mask in public spaces during the Covid-19 pandemic? It is very well accepted that certain liberties should be curtailed where they would affect other people - consider the illegality of murder and theft.,ethix,True,210,analogy,appeal_to_extremes
538dbbccf7342c2f,Let’s go buy the iPhone X in spite of the $999 price tag--all of our friends have one already!,logic,True,165,popular_opinion,ad_populum
53b42dd7c63c2bda,Christine has a terrible experience with a boyfriend. She decides that all boys are mean.,logic,True,491,example,hasty_generalization
53e55e300e3ded46,"Is capitalism the most moral system? Losing one's job has a higher probability of leading to bankruptcy, homelessness and starvation than losing one's business.",ethix,True,340,example,cherry_picking
540788b71b00fab7,"People with a more favorable physical appearance tend to be perceived more positively by others. Since this person has worked on improving their appearance, they're likely to be seen more favorably, which could open doors to personal success.",nlas,True,297,cause_to_effect,good_argumentation
5535b3800bddb721,Some economists studying social welfare policy assert that instituting a universal basic pension may prove suboptimal for addressing poverty and inequality—primarily due to substantial costs and possible unintended employment effects making it reasonable to think a universal basic pension might not effectively solve poverty and inequality issues.,nlas,True,404,expert_opinion,good_argumentation
5536c662f2416e88,"A safe and secure society ranks as a top concern for the public, and given this prevailing sentiment, it follows that we ought to consider measures enhancing security, even at the cost of some personal privacy, which points toward the reasonableness of trading certain individual confidentiality for improved collective safety.",nlas,True,109,popular_opinion,ad_populum
559198bec51574c0,"""Lola: I don't think John would be a good fit to manage this project, because he doesn't have a lot of experience with project management. John: But you don't have a lot of experience in project management either!""",logic,True,7,ad_hominem,ad_hominem_tu_quoque
55de272396ac30b8,"""Just as you wouldn't show up to a job interview in dirty clothes, because that's just not something you do if you want to make a good impression, it's also important to watch your language when you're out in public, since using offensive words can leave a similarly bad taste in people's mouths, and it's generally considered more polite and respectful to avoid them, just like you would avoid wearing something inappropriate to a professional setting.""",nlas,True,265,analogy,good_argumentation
55f41349f258e4f3,"""Everyone is wearing the new skinny jeans from American Eagle. Are you?""",logic,False,,,
566fcd3274763460,"If you move to a new neighborhood and one person tells you Bob next door is a rapist, that's weird but maybe it's a neighbor spat  If you move and 22 people, seperate from each other with witnesses/data/etc in some cases, all say Bob is a rapist  Well Bob can fuck right off, he's not invited to my place.",reddit,True,152,popular_opinion,ad_populum
56dc9ff5674d8af5,Do we have a moral duty to intervene in nature to limit animal suffering? With the duty to rescue there is a legal precedent that could be applied to the human responsibility to act to rescue animals.,ethix,True,229,analogy,weak_analogy
56ed61184509ffa2,"Are moral properties natural properties? The Open Question Argument argues that if moral properties were natural properties, then ""yes"" would logically follow from ""is [eg. pleasure] goodness?"" just like ""yes"" follows from ""is H20 water?"". However, intuitively the former question requires a much more open answer to the latter. This indicates that moral properties are not self-evidently natural.",ethix,False,,,
56eded7624bb99e0,"Should all drugs be legalized?  If legal, drugs will likely be easier for individuals to access, which may lead to more people trying them.",ethix,True,314,cause_to_effect,cherry_picking
5772a0e3e1914591,"You can't take John's opinions on masks seriously, considering he's shown himself to be completely selfish and ignorant by refusing to wear one in public - it's clear his priorities aren't about the well-being of others, so his argument against wearing masks doesn't hold water.",nlas,True,91,ad_hominem,ad_hominem_tu_quoque
579a2e83b3554b69,We think this new MallTime game app will be a success because all little girls like shopping.,logic,True,488,popular_opinion,hasty_generalization
57b5e1a21874b226,"The fact that Terraplanists consistently disregard scientific evidence and instead cling to pseudoscientific notions and flawed logic, which is a hallmark of conspiracy theorists, completely undermines the credibility of their views, and as a result, it's unreasonable to consider Terraplanism a legitimate belief system.",nlas,True,70,ad_hominem,ad_hominem_abusive
57df90e878a69523,The meteorologist predicted the wrong amount of rain for May. Obviously the meteorologist is unreliable.,logic,True,496,example,hasty_generalization
581504d112994e8f,"It’s broadly understood by space professionals that recklessly launching satellites into space only worsens space debris problems and endangering existing satellites and crewed spacecraft. If that's proven, it provides good justification for opposing such launches and there would be legitimate reason to resist indiscriminate satellite deployment.",nlas,False,,,
581ecfb8f5738b05,"Given John's notorious lack of self-control when it comes to unhealthy foods and his complete disregard for physical activity, it's difficult to take his opinions on the regulation of unhealthy foods seriously.",nlas,True,32,ad_hominem,ad_hominem_tu_quoque
5901029a3e840cc4,No one in your family surfs? But I thought you said you lived in California before this.,logic,True,477,correlation_to_cause,hasty_generalization
5992eab8866e337b,Then why would bill gates say over population is such an issue?,reddit,False,,,
5ab4c426045f85fd,"Either separate by gender or stop using gender to separate.  Really that simple.  If Dick and identify as Jane, then why can't 30yr old Dick identify as 14yr old Dick and claim he should be allowed to go to school?  If gender isn't science, then age shouldn't be either.  The only people who lose out are the ones with actual medical abnormalities that make gender ambiguous...lost out to people with raging, unchecked mental illness and a society that once again ignores the mentally ill.",ethix,True,559,slippery_slope,slippery_slope
5ab9c79508d4cc70,"What's the right solution to the trolley problem? If individuals have no moral right to make others sacrifice themselves, then killing the one person is an immoral act in a way that allowing the five to die is not.",ethix,False,,,
5b4ad3550dba9360,"Is capitalism the most moral system? This is the naturalistic fallacy. By this reasoning, rape and murder are moral because they are also natural.",ethix,True,202,analogy,appeal_to_extremes
5bfdbe9d7ff883b3,"Economists studying social welfare policy are predominantly arguing that implementing a universal basic pension would dramatically decrease poverty while enhancing overall economic prosperity for individuals and society, suggesting that a universal basic pension would benefit society substantially.",nlas,True,401,expert_opinion,good_argumentation
5c3a82867bd37e0e,"Concerns about artificial intelligence surpassing human control are gaining traction, and when such worries become widespread, it indicates we should carefully consider the risks, suggesting there's legitimate reason to approach AI development with caution.",nlas,True,125,popular_opinion,ad_populum
5c726a4ef4cfb6f7,"Is cannibalism ethically permissible? Whether it is healthy or not doesn't affect the ethics of it. It only affects the health of the individual who eats that meat, but doesn't affect
 the others in the society.",ethix,False,,,
5ce0b0fdd717b387,"Wife: Should we buy the house?
Husband: The Realtor didn’t say anything about any problems, so I am sure it is fine. Let’s get it!",logic,False,,,
5d9786b2a6f2d923,"Given John's history of racist and bigoted behavior, it's challenging to take his advocacy for unlimited freedom of speech seriously, and we should be wary of accepting his argument at face value.",nlas,True,31,ad_hominem,ad_hominem_guilt_by_association
5e21831fe1389240,Tell that to Oxford economist Martin Wolf. If only he had seen your insightful analysis before he published his own research...,reddit,True,560,slippery_slope,slippery_slope
5e34c6d46d00658f,Should schools close during the Covid-19 pandemic? A study found that students learn better when studying from home.,ethix,True,397,expert_opinion,appeal_to_authority
5e50a8a9d8179380,"People can say fans are overreacting all they want. But a two time super bowl winning, pro bowl left guard, ex patriot.. agrees that Gronk is washed up",reddit,True,387,expert_opinion,appeal_to_authority
5e75440c39e1d88a,"The problem with this approach if taken too far is that by the time those 5th graders reach my college class they believe the whole world revolves around them.  Sadly, it doesnt.  Far better to find out and address whats between those 5th graders getting their work done on time.",reddit,True,589,slippery_slope,slippery_slope
5f4e3b92648e23a5,"Dr. Fauci says we need to wear masks, but Dr. Fauci is the oldest, meanest doctor around. I’m sure what he says isn’t true at all.",logic,True,27,ad_hominem,ad_hominem_abusive
5f57c752fd8c82c3,"Allowing genetic manipulation tends to open the door to unintended consequences. Since genetic manipulation has indeed been allowed, we should expect some of those unintended consequences to show up.",nlas,True,291,cause_to_effect,good_argumentation
5fb235e9caf4766c,"The gig economy has transformed work patterns in recent years, and this shift's popularity suggests it offers certain benefits, indicating there might be merit to this flexible employment model.",nlas,False,,,
5fccde78a040dee8,People who have to have a cup of coffee every morning before they can function have no less a problem than alcoholics who have to have their alcohol each day to sustain them.,logic,True,271,analogy,weak_analogy
601d1c2b4dc12ff4,"Growing concerns exist about social networks becoming incubators for harmful content—hate speech, misinformation, and cyberbullying are proliferating. It's commonly assumed that when such content damages people's mental, emotional, and physical wellbeing, some form of regulation becomes necessary to protect them. This creates a reasonable argument for implementing social network censorship to shield users from harmful material.",nlas,True,118,popular_opinion,ad_populum
60ebb3d3d4604901,Should all humans be vegans? A study found that the performance of participants on a test was significantly better when participants were told that the test was easy compared to participants who were told it would be difficult.,ethix,True,443,expert_opinion,non_sequitur
60ec57cbebc1f12d,"&gt;but calling him cult leader is asinine.   Far too many people have pointed out the clear correlations between Drumpf and other cult leaders for such a comparison to be denigrated as ""asinine"". &gt; GOP Rep. Mark Sanford issued a blistering rebuke of President Donald Trump over the weekend, saying the president is autocratic in style and that Republicans are at risk of becoming a cult of personality around the mercurial leader of the free world.",reddit,False,,,
612742242a2593ed,"A pregnant woman has the right to make decisions about her own body and health — and that includes deciding whether to continue a pregnancy. If she has the broader right to control decisions about her body, then that right naturally extends to this specific choice too.",nlas,True,376,example,good_argumentation
62a34637fc59d7bd,"Robert Downey Jr. thinks everyone should vote. However, Robert Downey Jr. once went to prison for drug use. So, he's obviously wrong.",logic,True,67,ad_hominem,ad_hominem_abusive
636106d3071316ac,"Free Will or Determinism: Do we have free will? The laws of physics are probabilistic, meaning that events and motivations merely change the distribution of possible 
outcomes and choices, but don't necessarily determine them.",ethix,True,317,cause_to_effect,cherry_picking
63b629eb6f7ef5c0,We can't believe what he says out of that ugly mouth of his.,logic,True,74,ad_hominem,ad_hominem_abusive
63e340c8e7d6e44e,Schools are like families; therefore teachers (like parents) should be allowed to discipline their students.,logic,True,269,analogy,weak_analogy
64c142bad9047cbf,Is it ok to incentivise moral behavior? Whistle-blowers often pay a high price for doing the right thing. This is very discouraging for other potential whistle-blowers. Compensation would mitigate this effect.,ethix,True,337,example,good_argumentation
651bcd3ecc151320,Should all drugs be legalized?  Creativity can be stimulated through the use of drugs.,ethix,True,338,example,cherry_picking
65f7fe9ddaca2673,"My parents are democrats, and they are good people. Therefore, all democrats must be good people.",logic,True,472,example,hasty_generalization
660cc87d8b23242c,Don’t believe what Alex says about global warming. Alex dropped out of college!,logic,True,25,ad_hominem,poisoning_the_well
66a089cc5291d227,"Is it ethically wrong to watch pornography? The same is true of eating halal meat; we cannot know it is halal, but there comes a point when one has to trust that something is what it purports to be.",ethix,True,230,analogy,weak_analogy
66ff844c59ea1f3b,Should all drugs be legalized?  The legalisation of alcohol after Prohibition in the US greatly decreased the ability of gangs to make money from alcohol sales.,ethix,True,211,analogy,good_argumentation
686a58b34900f285,"I just renewed my mortgage at 3.23% that's prime less 75 basis points   I find a lot of those crying about no cheap apartment,  cannot afford house are very bought into the payment plan lifestyle.    I was brought up understanding debt is bad. The bank is not your friend. I'd rather sit on milk crates eating ramen right from the pot than pay 20% APR on press board furniture. Same goes for my 20 yr old trucks and cars. All paid for and they dont owe me anything.   It's funny how the whiners can seem to afford to eat out 4 nights a week , buy liquor smokes and dope yet demand more social programs.",reddit,False,,,
6870019ca4b5bd8c,"Well, if the co-discoverer of DNA Francis Crick believes our genetic code shows evidence of directed panspermia, I think I'll give his view more weight than pretty much anyone on Reddit.",reddit,True,389,expert_opinion,appeal_to_authority
688021128a27befd,"Is cloning humans ethical? Vitro gametogenesis (IVG) is a new technology that could revolutionize reproductive medicine. If IVG is ethical, reproductive cloning should also be ethical.",ethix,True,226,analogy,weak_analogy
68b18011d9fcd403,This is what's wrong with you. Spreading your agenda of cross-dressing next in line we will get your comics where you encourage hormone altering injections.     Edit: I encourage you to raise your kid in such a weird manner. Anyway your comics have little impact in my country (i hope). So I don't care whether or not you make western men weak,reddit,True,587,slippery_slope,slippery_slope
68edefa2dc788a16,"Numerous economists studying inequality caution that attempting to control economic inequality through stringent measures could prove counterproductive, potentially suppressing economic growth and impeding innovation, suggesting these control measures might not only miss their intended objective but additionally damage the broader economy.",nlas,True,408,expert_opinion,good_argumentation
68f61a7a8b5128dc,"A shopkeeper suspects you of stealing and asks you to empty your pockets. The first thing you take out is an empty gum wrapper and they immediately shout, “I knew it!” What fallacy has the shopkeeper committed?",logic,False,,,
691cca91c94af85d,Everyone who is really into gaming already owns the latest video game. Don't be the only one left out!,logic,True,174,popular_opinion,ad_populum
69664e96c7c07ca6,"""If we ban Hummers because they are bad for the environment eventually the government will ban all cars, so we should not ban Hummers.""",logic,True,520,slippery_slope,slippery_slope
69a105e15b5c143a,Should an artificial general intelligence be created? Being exciting doesn't necessarily mean it's good. It is also subjective - for some killing is exciting.,ethix,True,228,analogy,appeal_to_extremes
69b2fe249eca36f7,"Everyone already believes that the defendant killed her husband, and that many people can't be wrong.",logic,True,169,popular_opinion,ad_populum
69ed844981cff591,"Considering Elon Musk's history of overhyping and failing to deliver on his promises, particularly when it comes to autonomous driving, it's hard to take his claims about full self-driving cars seriously, especially considering his arrogant attitude and lack of credibility in this area.",nlas,True,23,ad_hominem,ad_hominem_tu_quoque
6a72e8cca08dd861,"""The art teacher spoke in the trial as a witness in support of testing perfumes on animals, and he persuaded me.""",logic,False,,,
6b1f87d8d74427aa,"If humans stopped aging and lived indefinitely, overpopulation would likely follow. Since achieving immortality would mean humans no longer age or die, we'd expect overpopulation to be the result.",nlas,True,292,cause_to_effect,good_argumentation
6b5f9d479f1a362f,Should individuals sentenced to life in prison be allowed to choose death instead? Life imprisonment is similar to the death penalty in terms of the emotional and physical toll it has on the inmate.,ethix,True,220,analogy,weak_analogy
6b7095f6c067f141,"What's the right solution to the trolley problem? If morality is merely about the eventual death toll, it should be considered moral for a doctor to kill one patient and use their organs to save more people. Yet, this is clearly immoral.",ethix,False,,,
6c04b6b62c0738dd,"assumes that if many people act or believe a certain way, it must be the right way",logic,True,159,popular_opinion,ad_populum
6c24c50ffa84f87d,"Is it ethically wrong to watch pornography? From a consequentialist point of view, supporting this kind of media will cause that more of this will be produced and shared in culture. Helping to spread media that cause 
people to be violent or mysogynistic is morally wrong.",ethix,True,308,cause_to_effect,cherry_picking
6c75e4f0d6de2257,"Slavery is accepted by just about everyone in our society, so it’s ethical to keep slaves.",logic,True,187,popular_opinion,ad_populum
6cc4f28e462c829a,"Ted: Biological evolution is both a theory and a fact.

Edwin: That is ridiculous! How can you possibly be absolutely certain that we evolved from pond scum!

Ted: Actually, that is a gross misrepresentation of my assertion. I never claimed we evolved from pond scum.",logic,True,459,expert_opinion,strawman
6cd1bbc92769446a,"4 out of 5 dentists recommend this toothpaste! (only 5 were asked. Out of 1000 asked, only 20% recommend it)",logic,False,,,
6d949919e5e188c1,"My grandfather was a typical Irishman - friendly, outgoing, and drunk half the time.",logic,False,,,
6d98a6845362e81b,Look at that face! Would anyone vote for that? Can you imagine that as the face of our next president?,logic,True,52,ad_hominem,ad_hominem_abusive
6ecaa4492d97fa85,"We should go inside; the last time the clouds were that dark, there was a tornado.",logic,True,483,example,hasty_generalization
6f194f110c8cfd1a,Senator Smith says we should cut back the Defense budget. His position is that we should let down our defenses and just trust our enemies not to attack us!,logic,False,,,
6fa43436de93ae76,"""We're going to protest and not get in trouble because Mr. Iglesias said it's okay.""",logic,True,446,expert_opinion,irrelevant_authority
6faa731376fcbff2,"""Do not listen to Luisa, she will only tell you lies about the recent activities given in our EAPP class.""",logic,True,4,ad_hominem,poisoning_the_well
6fb91cb4d62c140c,"""Dad drank at parties, too""",logic,True,3,ad_hominem,ad_hominem_tu_quoque
70696891b482eab2,"We have to bring back law and order. In a place like Chicago, where thousands of people have been killed, thousands over the last number of years, in fact, almost 4,000 have been killed since Barack Obama became president, over—almost 4,000 people in Chicago have been killed. We have to bring back law and order., whether or not in a place like Chicago you do stop and frisk, which worked very well, Mayor Giuliani is here, worked very well in New York.",elecdebate,False,,,
71663118e8c33fbf,This type of ad taps into a person's desire to be part of a group.,logic,False,,,
719252b57dca6de0,"When governments regulate unhealthy foods, it often disrupts consumer choice and drives up prices. Since the government is indeed planning this kind of regulation, we can expect exactly that: less choice and higher prices for consumers.",nlas,True,286,cause_to_effect,good_argumentation
71f774dfd2843adb,The senator voted for the tax increase. It's not hard to understand why when you consider that he is a millionaire and has never had to worry about money.,logic,True,71,ad_hominem,ad_hominem_circumstantial
721cbb833b17c401,Al Gore feels that all companies are irresponsible and should be punished for allowing emissions which causes global warming.,logic,True,458,expert_opinion,strawman
726fc0dc6c7b74a1,"Should an artificial general intelligence be created? There are existing areas where we place limits on technological progress for ethical reasons - eugenics and nuclear weapons research, for example.",ethix,True,349,example,weak_analogy
728ef9fb532df68f,Sometimes progress isn’t progress. Here’s why. | Being in Christ,reddit,False,,,
72e2e48beda30f6b,"There's obvious widespread belief in UFOs and extraterrestrial life, and it's worth considering why so many people would hold this conviction without substantial evidence and credible sightings supporting it, which points toward a reasonable case for UFO and alien existence.",nlas,True,121,popular_opinion,ad_populum
73c05e299601dd47,"""That new home looks great! Let's buy it!""",logic,False,,,
73dce316e02719e3,I don't think it's overkill. It sends the message clearly. They aren't fucking around anymore. Why does this man think he is allowed to surf while most people who are quarantined are stuck inside their homes. What if every quarantined person thought like he did. You would have a problem on your hands.,reddit,True,590,slippery_slope,slippery_slope
7424f04767d8a7c3,"It's commonly recognized that free expression can be misused to spread hateful rhetoric and incite violence, and this potential outcome makes it sensible to view unlimited speech freedoms as having certain drawbacks.",nlas,True,111,popular_opinion,ad_populum
747427041250b7f0,"""Just as locking your front door helps keep you and your family safe at home, boosting security measures in our community can have a similar effect on a larger scale. When you secure your house, you're protecting the people inside, and in the same way, increasing security in society - even if it means giving up a bit of personal privacy - can make everyone safer and more secure overall.""",nlas,True,242,analogy,weak_analogy
748ff3b541dae332,"Nuclear energy is relied upon by many countries as a dependable and affordable option, given its widespread adoption and established performance record. If this checks out, it's reasonable to view it as a viable solution for meeting our energy requirements.",nlas,True,144,popular_opinion,ad_populum
74cd5204be4e2993,"Given Dr. Hartley's questionable personal integrity, it's reasonable to be skeptical of his views, and therefore, his argument in favor of animal testing doesn't deserve serious consideration.",nlas,True,29,ad_hominem,poisoning_the_well
74fb573039aeaf58,"One out of almost two children in Cleveland are now living in poverty. During the time that the vice president and the president have been in office, 4 million more Americans have fallen into poverty.",elecdebate,True,331,cause_to_effect,post_hoc
74fe698264cfc153,"This is cool and all, but I'm glad it's not being passed in a country where I live.  If you give the government *any* control over what is considered ""hate speech"", you are basically relinquishing your freedom of speech.  For example: saying ""hateful"" things about Islam becomes illegal. Let's say you criticise Sharia laws (laws based off of the rules set out in Islam for those who are unaware). Next thing you know, your own government has full power to censor this ""hate"", and you are persecuted simply for disagreeing with the laws of an ally nation.  Governments have shown time and time again that they are more than happy to censor and abuse their peoples. Don't ever relinquish your freedoms willingly.",reddit,True,585,slippery_slope,slippery_slope
75511a9aebdfc9da,Leonardo DiCaprio is just a dumb actor. What does he really know about climate change?,logic,True,50,ad_hominem,ad_hominem_abusive
75de21b074c9b79a,"""My opponent suggests that lowering taxes will be a good idea, this is coming from a woman to eats a pint of Ben and Jerry's each night!""",logic,True,8,ad_hominem,ad_hominem_abusive
763eb769cb4e307b,"President Bush argues that we should open up the Arctic National Wildlife Refuge for oil drilling. But Bush just wants to reward his rich cronies in the oil industry, so we can't take his arguments seriously.",logic,True,63,ad_hominem,ad_hominem_guilt_by_association
76b301ffee1e6283,This is one doctor vs. almost everyone else in their field though. I want to get out of my house just as much as the next person but we can't cherry pick information and articles and run around telling everyone how wrong they are. (Although that's most of reddit).,reddit,False,,,
76bba823c20db0dd,"Juan, an immigrant from Mexico, has worked hard, paid his taxes, and embraced American culture by learning the language and customs. Stories like his show that immigrants willing to contribute and adapt can become valuable, successful members of their new society.",nlas,True,361,example,cherry_picking
77efcc8b61d3fd3b,"Sebastian saw that several of his friends had bought a new fidget spinner. He realized it must be a very cool gadget if they had one, and everyone else probably did, too.?",logic,True,178,popular_opinion,ad_populum
7818ac595e113b52,"We shouldn't rely on their claims seriously, because let's be honest, people who buy into the whole chemtrails thing are typically the same ones who fall for every other conspiracy theory out there - they're just not thinking clearly.",nlas,True,87,ad_hominem,poisoning_the_well
785b9f73ff215102,We cannot listen to John’s opinion on global warming because he is a tree hugger.,logic,True,76,ad_hominem,ad_hominem_guilt_by_association
7889ff5843deedd7,"If you don't get up early every day you will be late. The more you are late the more trouble you will get into. The more trouble you get into, you will end up losing your job and your family will starve.",logic,True,517,slippery_slope,slippery_slope
78adfea23273bc01,"If so many people think self-driving cars are unsafe, then they obviously are.",nlas,True,145,popular_opinion,ad_populum
78da367b4dda2164,"I'm not buying John's story about seeing a UFO, considering his history of reckless behavior and run-ins with the law - it's hard to take someone seriously when they've got a track record of poor judgment and impulsiveness.",nlas,True,39,ad_hominem,ad_hominem_abusive
78ea2b30ba96571c,Allowing abortion in the first week of pregnancy would lead to allowing it in the ninth month,logic,True,519,slippery_slope,slippery_slope
7a40876b50823239,Should all drugs be legalized?  Individuals routinely take many decisions which partially remove their autonomy. It would be arbitrary to only ban drugs for this reason.,ethix,True,214,analogy,good_argumentation
7ad1b2c593c72fea,"Oh, please. What do you know about labor laws? You don't even have a job.",logic,True,60,ad_hominem,ad_hominem_tu_quoque
7af7ab1f0907cdee,"Private gun ownership is considered a constitutional right by many Americans, and when something is viewed as a protected liberty, it becomes difficult to justify restrictive policies that would limit this freedom, which points toward a compelling argument against stringent firearm regulations.",nlas,True,123,popular_opinion,ad_populum
7b51c61ab2d59c16,"""With 80% of consumers choosing our product, isn't obvious that you should, too?""",logic,True,179,popular_opinion,ad_populum
7bc11f1cd039ea78,Im glad kyle called him out on his BS recently.. he acts like he knows better than every president &amp; joint chiefs of the past 40 years,reddit,False,,,
7be5f42de57ed6a6,"If we put limits on the right to bear arms, soon all of our Constitutionally-given  rights will be taken away.",logic,True,537,slippery_slope,slippery_slope
7bf82c8cc1403e2e,"I'm not buying into Satoshi Nakamoto's claims about cryptocurrencies, and it's complicated to take them seriously when they're not even brave enough to put their real name behind their ideas - hiding behind a pseudonym like that just screams of cowardice, and if they can't stand by their own words, why should we?",nlas,True,38,ad_hominem,ad_hominem_abusive
7c6d573b89c5dcaf,"Welfare exists to make people lazy. And when people get lazy, they stop thinking and become sheep. And thats what the Democrats want. Sheep for their big government to dominate. /s",reddit,True,581,slippery_slope,slippery_slope
7c92b76b16d4ca82,"Should individuals sentenced to life in prison be allowed to choose death instead? A 2006 survey showed 49% of state prisoners, 40% of federal prisoners and 60% of all inmates in the USA have a symptom of a mental disorder (p. 8).",ethix,True,420,expert_opinion,good_argumentation
7ca41fd1478d0526,"Dr. McKenzie said all kids can fly, so it must be true!",logic,True,454,expert_opinion,appeal_to_authority
7d4be8287a32e8c8,"Assuming John's history of dishonesty and manipulation, it's demanding to take his objections to remote work seriously, and we should be wary of accepting his argument at face value.",nlas,True,17,ad_hominem,poisoning_the_well
7da1bb9ac5e6d802,"Everyone here seems to say go vegan. Remember that worldwide most buddhists eat meat.  If you do, it's good to do without it from time to time.",ethix,False,,,
7dbb54e1e697d868,"My political candidate gives 10% of his income to the needy, goes to church every Sunday, and volunteers one day a week at a homeless shelter.  Therefore, he is honest and morally straight.",logic,False,,,
7e064facc9dfb284,The speaker or writer appeals to the audience's trust by establishing his credibility or trustworthiness as a writer or speaker?,logic,False,,,
7e18840c836c0b62,"AI technology is advancing rapidly while ethical regulations lag behind—this is recognized by everyone. Generally, when such disparities are widely acknowledged, it's taken as a signal to reconsider our approach and consider slowing AI research or implementing stricter oversight.",nlas,True,147,popular_opinion,good_argumentation
7e7ede193e1df14d,Going to prom (when you don't want to) because 90 percent of your classmates are going,logic,True,173,popular_opinion,ad_populum
7e91f26938867c25,It’s cold on a summer day. Global warming is a hoax.,logic,True,328,example,hasty_generalization
7f28d7ccd6cb7c22,"Using nuclear energy tends to cut carbon emissions. Since nuclear energy is already in use, we should see a reduction in carbon emissions as a result.",nlas,True,280,cause_to_effect,good_argumentation
7f296bf939118e57,"Should the death penalty be abolished? Since murder is justified in self defense, the right to life is not particularly sacred.",ethix,True,198,analogy,weak_analogy
7f54da9a5587e68d,"Terrorist leader X was actively planning attacks on civilians, posing a clear threat to national security — which is why a drone strike to stop him seemed justified. That reasoning suggests that when a known terrorist leader poses a direct threat, targeted drone strikes may be a necessary way to prevent further harm.",nlas,True,383,example,good_argumentation
7f6e726816c24e73,"Bill: “I believe that abortion is morally wrong.” Dave: “Of course you would say that, you’re a priest.” Bill: “What about the arguments I gave to support my position?” Dave: “Those don’t count. Like I said, you’re a priest, so you have to say that abortion is wrong. Further, you are just a lackey to the Pope, so I can’t believe what you say.”",logic,True,19,ad_hominem,ad_hominem_guilt_by_association
7f77911577d51306,Gays led to trannys. Look at where we are now since we didnt stand up to gays.,reddit,True,592,slippery_slope,slippery_slope
7f7f964c3c8d6a6d,"I know for a fact that ghosts exist. My friend, who is a very reliable person, has seen ghosts on many occasions.",logic,True,484,expert_opinion,irrelevant_authority
7fc69b6870ab2cfb,They always need to see how far they can push before it snaps back.  Gay marriage passed?  Lets move on to transgender.  That starts being ok?  Pedophilia becomes the next to be normalized.  So on and so forth until we stop this nonsense.,reddit,True,573,slippery_slope,slippery_slope
80c79f0daa954d98,"Do people have a right to not wear a mask in public spaces during the Covid-19 pandemic? In many places, such as Florida, mask wearing is not mandatory, and yet there have been protests 
(https://abc7news.com/viral-target-anti-mask-video-protesters-parade-around-store-demand-customers-remove-face-masks-rant-caught-on/6428893/).",ethix,False,,,
80f4a3096a1dc8b6,"I'm not convinced by Jane's claim that physical appearance has no bearing on personal success, considering she's never been exactly known for her impeccable style or charm, which makes me question her credibility on this particular issue.",nlas,True,40,ad_hominem,ad_hominem_circumstantial
8196fe2f0f65a8b4,I agree entirely. It's a slippery slope from forced quarantine to martial law and forced curfews.,ethix,True,549,slippery_slope,slippery_slope
81ab7b6c1bacb1c7,Everyone is going to get the new smart phone when it comes out this weekend. Why aren’t you?,logic,False,,,
81fe3d0388bb49a3,"Cat Stevens may be a successful and skilled musician, but let's not forget that he's been accused of extremist religious and political views.",logic,True,22,ad_hominem,ad_hominem_abusive
820887044e5f59ca,"Should all drugs be legalized?  Many find marijuana to be more relaxing and calming, and alcohol more energising and stimulating.",ethix,False,,,
824be88b8247028f,Give an inch and theyll take a mile,reddit,True,580,slippery_slope,slippery_slope
82b0409877c603f1,"We've all seen how someone who dresses professionally tends to have a certain polish to them, similar to how being well-groomed gives off a similar vibe. When people present themselves in a professional attire, it often gives them a confidence boost and leaves a great impression on those around them. It stands to reason, then, that taking care to be well-groomed can have a similar effect, enhancing one's confidence and the impression they make on others.",nlas,True,249,analogy,good_argumentation
82bf40698be70a45,"Free Will or Determinism: Do we have free will? Determinism based on physical causation inherits the philosophical doubt about causality expressed most famously  by Hume: we can't in the end tell the difference between ""A causes B"" and ""A happens then B happens"".",ethix,True,436,expert_opinion,good_argumentation
8350e4e12bc87412,"If we allow a housing development to be built on Sunny Lake, a resort will come next, and soon we won’t have any wilderness left!",logic,True,534,slippery_slope,slippery_slope
8397dee9cda3fd04,"Chernobyl and Fukushima show just how catastrophic nuclear accidents can be, on top of the radioactive waste that stays dangerous for thousands of years. Given that track record, it's hard to justify pursuing nuclear energy as a viable energy source.",nlas,True,364,example,cherry_picking
840cca7bf747296b,"We've seen this story before with the Flat Earth theory, which bears a striking resemblance to the Chemtrail conspiracy theory. Just as the idea of a Flat Earth has been thoroughly debunked and lacks any scientific basis, it's likely that the Chemtrail conspiracy theory suffers from the same lack of credibility and scientific evidence.",nlas,True,262,analogy,good_argumentation
846b9f91cd7bd9e3,"You can't judge a car by its paint job, and it's the same with people - just because someone looks put together doesn't mean they've got it all together on the inside, and that's why having a nice exterior doesn't necessarily translate to a smooth ride, whether we're talking about a car or a person's life.",nlas,True,266,analogy,good_argumentation
8475f3134468e058,"The government is convinced that it was a bomb that brought down the aircraft. “Our countrymen believe it was a bomb,” said the president. “A survey done a few days after the crash indicates that almost seventy percent of the people believe it was a terrorist’s bomb.”",logic,True,473,popular_opinion,hasty_generalization
847757459f4474a0,All chess players are geniuses.,logic,False,,,
84b00b6ab483d14a,"My opponent raises a good point, but can we really trust him? I mean, he moved to this town two years ago and everyone knows that his wife left him.",logic,True,57,ad_hominem,ad_hominem_abusive
8575882b57b32cf1,"We can't take conservatives seriously when they try to make a point, because let's be honest, their ideology is rooted in racism and intolerance, which completely discredits their arguments.",nlas,True,75,ad_hominem,poisoning_the_well
86903f23ce112420,"Globalization can be thought of as a high-stakes game, where the rules are reminiscent of musical chairs - a competition where only one person can grab the last seat, leaving everyone else standing. Just as there's only one winner in musical chairs, with all the other players walking away empty-handed, the same dynamic plays out in globalization. The reality is, in this global game, there are clear winners and losers, and often, the success of the winners comes at the expense of the losers.",nlas,True,255,analogy,weak_analogy
869c43f5ad3ce327,"Company XYZ expanded internationally and saw its profits grow, along with access to new markets and resources. That success suggests other companies that expand globally could see similar gains.",nlas,True,375,example,hasty_generalization
8703402c9573bcb6,"Should all drugs be legalized?  Despite alcohol often being very expensive due to heavy taxation, black markets for it are still much rarer in places where it is legally sold.",ethix,True,212,analogy,good_argumentation
8732b193a0679072,"Throughout history, most philosophers thought men were more rational than women, therefore this is true.",logic,True,172,popular_opinion,ad_populum
873f1549143f210e,"Is cannibalism ethically permissible? It is unclear why it is more ethically wrong to view humans as prey instead of other organisms. Moral philosophers such as Peter Singer have argued that any causing of suffering is wrong, regardless of the species of the victim.",ethix,True,437,expert_opinion,non_sequitur
8804b2cf6f1666d8,"""The Americans I know say they elected the new president because they were tired of having their jobs sent overseas. This question of jobs brought this president into office.""",logic,True,489,popular_opinion,hasty_generalization
8839c4cfd07d947e,"I'm not convinced we should be taking Greta Thunberg's views on climate change seriously, considering she's still so young and lacks any real-world expertise on the subject, so her argument just doesn't carry much weight.",nlas,True,41,ad_hominem,poisoning_the_well
884a1e74262cda1b,"Free Will or Determinism: Do we have free will? Free will could be like gravity, which is a set of assumptions that are only supported by our observations of 
how they impact other things.",ethix,True,197,analogy,weak_analogy
88eaaf87a59e959a,"Should all drugs be legalized?  Substance abuse increased during the COVID-19 pandemic despite it being harder to access drugs during periods of lockdown. 
This indicates that psychological stress, rather than ease of access, is a primary determinant of frequent drug (mis)use.",ethix,True,347,example,good_argumentation
88fe5eaff0e28d5f,"When economic inequality goes unchecked, social unrest and economic instability tend to follow. Since this inequality isn't being properly addressed here, we're likely looking at a higher risk of both unrest and instability.",nlas,True,293,cause_to_effect,good_argumentation
8919246b269b6806,"Should all drugs be legalized?  Drugs are already easily accessible, and the alcohol industry is nonetheless highly successful.",ethix,True,341,example,weak_analogy
896580e58edd66db,"My sister loves shopping, so all girls must love to shop too.",logic,True,478,example,hasty_generalization
897bcbe0b4535170,"Implementing a universal basic pension tends to put financial strain on a country's budget. Since this country has gone ahead and implemented one, it's likely facing that same financial strain.",nlas,True,289,cause_to_effect,good_argumentation
8a0458a5cfba16af,"Cloning of animals and humans is widely perceived as unethical and morally wrong, and when something faces such broad moral opposition, it gives pause about proceeding with it, suggesting we should approach cloning research cautiously given the strong societal consensus about its ethical problems.",nlas,True,120,popular_opinion,ad_populum
8a14298967be7114,One cigarette will lead youth to addiction,logic,True,522,slippery_slope,slippery_slope
8addbef70c890f0e,"The Second Amendment is interpreted by many Americans as guaranteeing individual gun rights and because public opinion influences the feasibility of legislation, this widespread view makes passing strict gun-control measures difficult.",nlas,True,131,popular_opinion,good_argumentation
8b90d475f5139eea,"Even though it's only the first day, I can tell this is going to be a boring course.",logic,False,,,
8b9928f7f1d19782,"Death's inevitability and naturalness as part of human existence is generally acknowledged, and if that's true, it follows that we ought to accept it as a fundamental life component, which provides good reason for embracing mortality as an inherent aspect of being human.",nlas,True,116,popular_opinion,good_argumentation
8bacd04cc2fde79b,"Should euthanasia be legalized? The cost of palliative care is extremely high, thus many people who opt for euthanasia are more likely to be poor.",ethix,True,302,cause_to_effect,good_argumentation
8bbe8806b3a18040,He has smoked cigarettes his entire life and he doesn't have lung cancer. Therefore smoking doesn't cause lung cancer.,logic,True,497,example,hasty_generalization
8bf5610ec89739d7,"Just as permitting guns in public can have devastating unintended consequences, like accidental shootings and a surge in violence, it's reasonable to assume that legalizing cannabis might also have its own set of unforeseen repercussions, such as a rise in accidents and violent incidents, given the similarities between these two types of policies.",nlas,True,256,analogy,appeal_to_extremes
8bfdac1ae8c857c1,"My particular religion is the most popular in the world. That fits the secular view that some will be lead astray, but most will be saved. Also makes it the most likely to be true.",reddit,True,153,popular_opinion,ad_populum
8bfef3a2395b3f3d,"Studies have shown that mask-wearing helps slow the spread of COVID-19, and health authorities like the WHO and CDC back that up. Given that evidence, wearing masks in public seems likely to protect both the wearer and the people around them.",nlas,False,,,
8c2556a2ea17384b,I have no stake in this. I KNOW where this came from. Shes my cousin. A Rhodes scholar and a defense attorney with that DAs office. You can sit here and make assumptions but Im going to continue to try to warn those who care to listen.,reddit,True,413,expert_opinion,appeal_to_authority
8c269dcf7721afb9,Teacher: If I let you go to the bathroom pretty soon everybody will want to go to the bathroom.,logic,True,538,slippery_slope,slippery_slope
8c40842d1ae3e454,"Should schools close during the Covid-19 pandemic? Kids don't play a significant role in the spread of Covid-19. Therefore, closing schools will not significantly reduce the spread of the virus.",ethix,True,310,cause_to_effect,false_premise
8c75bc80b5fd17a0,Everyone knows that teenagers are lazy,logic,True,499,popular_opinion,hasty_generalization
8cd08d00d48ee8c4,"Are moral properties natural properties? It is possible for people to draw differing conclusions from the same facts because they have unique prior experiences and value judgments
 about the world that they will subconsciously rely on when evaluating the same evidence.",ethix,True,315,cause_to_effect,good_argumentation
8ced2792106e4ab9,"Should Covid-19 vaccines be mandatory? A study of European countries discovered, ""Those [countries] where a vaccination is mandatory do not usually reach better coverage than neighbour or similar countries where there is no legal obligation.""",ethix,True,438,expert_opinion,non_sequitur
8d9d592be369d861,"Genetic manipulation is perceived by many as interfering with nature, which is generally viewed negatively. That provides good reason for caution about genetic engineering.",nlas,True,136,popular_opinion,appeal_to_nature
8dab1ff77b609c7e,"It's unhealthy  It is the opinion of the world's largest dietetics association that vegan diets are perfectly adaquete for all stages of life including pregnancy and infancy.   &gt;it's based on religious ideas and values  No, there are many secular normative philosophical arguments for veganism.   &gt;vegans are themselves rather unlikeable.  Well that's just like your opinion man. Also not a reason for continuing to support the killing of non-human animals for food.",ethix,True,100,popular_opinion,good_argumentation
8dff4d982083a15c,French people are great at kissing. Julie is French. Get me a date!,logic,False,,,
8eafe25a85f04234,"Everyone I know is making fruit smoothies for quick, portable meals, so smoothies must be really good for you.",logic,True,193,popular_opinion,ad_populum
8ebbd3b485d0d35c,Pro-Life vs Pro-Choice: Should abortion be legal? Abortion increases the risk of placenta previa in later pregnancies (a life threatening condition for both the mother and her wanted pregnancy) by seven to fifteen fold.,ethix,True,344,example,cherry_picking
8efb2a75a3a0dba7,"Every person who has ever drunk water has died. Therefore, drinking water causes death.",logic,True,323,correlation_to_cause,questionable_cause
8f1d7a08a13df829,"Facebook has both the power to moderate content and a responsibility to shield its users from misinformation and harm. By that same logic, a platform like Twitter, which has similar power, should carry the same responsibility.",nlas,True,367,example,hasty_generalization
8f891b98cf7e7dd3,"> While we appreciate the concern, you didn't do anything wrong  THANK you, Valve, for saying this. Dear God, all the traders who insisted that people who just opened crates were somehow breaking the rules were absolutely insufferable.",reddit,False,,,
8fa5e87243de2b4f,"I disagree with every comment on this thread.  Almost 3k upvotes show that most people agree with me. A furry is not something Ive ever seen in real life and I would not even know the term existed if not for these strange Reddit posts/comments.  Its weird, its not socially or mentally healthy, its not a thing.  Bring on the downvotes.",reddit,True,150,popular_opinion,ad_populum
8fbdf5e66209126d,"When people are free to use offensive language or behave in exclusionary ways, marginalized groups often end up feeling targeted and left out. With political correctness policies now discouraging that kind of language and behavior, marginalized groups are likely to feel more included and less targeted in social and professional settings.",nlas,True,299,cause_to_effect,good_argumentation
8fbfc1092519bc11,"Just as being trapped in a job that never ends can be a real grind, sucking the life out of you and leaving you feeling utterly unfulfilled and drained, it's likely that living forever would ultimately have a similar effect, leading to a profound sense of dissatisfaction and mental exhaustion that comes from never being able to move on or find closure.",nlas,False,,,
8fdfc761e4aab007,"Thomas Jefferson: ""If the American people ever allow private banks to control the issue of their currency, first by inflation, then by deflation, the banks and corporations that will grow up around them will deprive the people of all property until their children wake up homeless on the continent their Fathers conquered.... I believe that banking institutions are more dangerous to our liberties than standing armies.... The issuing power should be taken from the banks and restored to the people, to whom it properly belongs.""  Alan Greenspan confirming what Jefferson warned the US about: https://youtu.be/K38khtCrN-4",reddit,True,561,slippery_slope,slippery_slope
9002e08bfd477f31,"Should individuals sentenced to life in prison be allowed to choose death instead? This is just suicide by a different name, which is an irrational action.",ethix,True,221,analogy,weak_analogy
9086a45356ffbfcf,"Just curious, what do you think about the morality of animals eating meat?",reddit,False,,,
90b2d983dfa96e41,Should schools close during the Covid-19 pandemic? Attendance is difficult to monitor when classes are conducted remotely.,ethix,False,,,
90c911fc269da4ce,"In countries where prostitution is legal, sex workers report feeling safer and more empowered, thanks to legal protections and better access to healthcare, and violence against them has dropped. That outcome suggests legalising prostitution could bring similar safety and protection elsewhere.",nlas,True,382,example,good_argumentation
91402432aa9b4412,Has social media been good for humanity? Users make the decision to put information out in such an insecure environment and should bear responsibility for the consequences of that decision.,ethix,True,304,cause_to_effect,good_argumentation
916b58c5a69b7a6a,"If there was such a pleasure for pain and suffering, why do people prefer attractive people over ugly people? Why do women prefer dominant men over not dominant men? Why do people prefer to use cars instead of walking or taking the bus? Why do people prefer to have a good job rather than have a shitty job like working at Mc Donalds? Why would people choose to be extroverted and not awkward instead of introverted and awkward? Why do people prefer being happy over being depressed? Why do people prefer living in the richest and best neighborhoods over living in the poorest ones? So in conclusion youre wrong, were not the only ones against suffering, everybody is against obviously for themselves, there are many people who dont care about inflicting pain on someone else, but almost nobody would say they would like to experience pain.",ethix,True,104,popular_opinion,ad_populum
917e881399bf20ba,First you'll argue premartital sex is not a sin and then you'll argue abortion is not a sin because you'll want to kill a baby you made in one of your whores.  Sin just keeps balooning.,ethix,True,546,slippery_slope,slippery_slope
9181808711505b5e,Has social media been good for humanity? People have been shown to experience depression as a repercussion of social media.,ethix,True,311,cause_to_effect,cherry_picking
91e76a1cdfc3b577,Damn bro you just described all the liberals in this country too,reddit,False,,,
92326ae961e877d3,"""People who don't support the proposed state minimum wage increase must hate the poor so much.""",logic,False,,,
93f10255bd486dfd,"Lindsay's mom is concerned when she finds out that Lindsay skipped class one day. She tells Lindsay that she will now start skipping more frequently. Then she will drop out altogether, never graduate or get into college, and end up unemployed and living at home for the rest of her life.?",logic,True,524,slippery_slope,slippery_slope
93f28cc6fa0e4304,"If you allow complex bans, you can 'complex ban' almost anything from any tier, with no real clear limit. If ""Aegislash is Ubers but without king's shield it is OU"" is possible, why not ""Zacian is Ubers but without these X moves it's OU""? Tiers would cease to really mean anything: the only difference between tiers would be the arbitrary line where mons can be ran as they are.  Additionally, banning debates would get an additional layer of complexity, as they're no longer about *whether* to ban but *what* to ban. If corviknight is overpowered, can we best balance it by removing its ability to run pressure? Bulk up? Substitute?",reddit,True,575,slippery_slope,slippery_slope
943f9884ee99ca74,"Because has won the support of a great many people all over the state and I think it's a model for what I hope we can do across the country. But when I proposed my plan this past Tuesday, he or one of his spokesmen called it socialized medicine. The last time the Vice President used that phrase, I suspect he remembers it, don't you? It was in 1964 and that's what he called Medicare. Well, he was wrong then and he's wrong now. (Applause) Let me say this about AIDS.",elecdebate,False,,,
946e766615e2fc8c,"If there are no incentives to go out into the open world then it becomes a slippery slope toward all content becoming instanced.  Things like world buffs are the difference between the game being a true MMO; or a co-op dungeon crawler, arena brawler like retail.",reddit,True,569,slippery_slope,slippery_slope
948ff6982ddacf6a,"We cannot unlock our child from the closet because if we do, she will want to roam the house.  If we let her roam the house, she will want to roam the neighborhood.  If she roams the neighborhood, she will get picked up by a stranger in a van, who will sell her in a sex slavery ring in some other country.  Therefore, we should keep her locked up in the closet.",logic,True,533,slippery_slope,slippery_slope
94b212f8e13a782c,Next theyll be raiding your house because you have to much food. Then theyll need your ammo and guns.,reddit,True,588,slippery_slope,slippery_slope
94f8e2cb1052a626,"Mr. Gough supports the cell phone ban and he's an idiot, so we should let teachers keep their cell phones.",logic,True,55,ad_hominem,ad_hominem_abusive
9531facb0d187105,"Last week, the Cowboys played the Texans in Houston. Mrs. Gibson was excited to go to the game because she is a huge Cowboys fan. Because everyone in Houston cheers for the Texans, Mrs. Gibson decided to cheer for the Texans too.",logic,False,,,
95a2a7c73b24d13a,Is cloning humans ethical? A potentially fatal blood disorder can be cured by fixing diseased genes in human embryos.,ethix,True,345,example,cherry_picking
970ba421a2290678,"Doctors and epidemiologists studying infectious diseases uniformly state that universal vaccination during pandemics proves essential for halting disease transmission and maintaining public health, suggesting that mandatory vaccination constitutes a necessary pandemic measure.",nlas,True,409,expert_opinion,good_argumentation
97695052f03f5191,“Guns are like hammers—they’re both tools with metal parts that could be used to kill someone. And yet it would be ridiculous to restrict the purchase of hammers—so restrictions on purchasing guns are equally ridiculous.”,logic,True,272,analogy,weak_analogy
9782a6ac6a3c160f,"If we allow our 14 year-old to have her first date tonight, what's next? A wedding, kids?",logic,True,536,slippery_slope,slippery_slope
982972efca9fea89,"I have no intention of stopping the use of somatostatin on patients suffering from acute pancreatitis. I consider it to be a very reasonable choice. After all, it has been standard practice in our department for many years and we’ve been quite satisfied with the results we’ve had.",logic,False,,,
985679abf9ef21d4,"When a country opens its borders to immigration, its labor force tends to grow. Since the United States has kept its doors open to immigration for decades, it's seen its labor force expand as a result.",nlas,True,294,cause_to_effect,good_argumentation
99425168aaa2beff,"Due to John's history of violent crime and repeated run-ins with the law over gun-related offenses, it's complicated to take his advocacy for looser gun control laws seriously.",nlas,True,28,ad_hominem,ad_hominem_tu_quoque
99eeec3f7d4924a7,"Is cloning humans ethical? The Catholic Church is strongly against any form of human cloning, as they see cloning contrary to human dignity.",ethix,True,432,expert_opinion,irrelevant_authority
9a26534bd1531231,"If we allow the use of offshore tax havens, it may seem harmless at first, given the potential financial benefits. However, this could set off a chain reaction where more and more individuals and corporations take advantage of these havens, leading to a significant drop in tax revenue, a widening of the income gap, and a general distrust in the fairness of our tax system. As this trend continues, it's plausible that governments would struggle to fund essential public services, ultimately putting our entire society in jeopardy. The potential end result - a government unable to provide for its citizens' basic needs - is a catastrophic scenario that would have severe and far-reaching social and economic implications. Therefore, it's crucial that we don't open this Pandora's box, as the long-term consequences of permitting offshore tax havens could be devastating for society as a whole.",nlas,True,606,slippery_slope,slippery_slope
9a2cc34795d1020e,"Bacteria via biomanufacturing can help make low-calorie natural sugar (not artificial sweetener) that tastes like sugar called tagatose, that has only 38% of calories of traditional table sugar, is safe for diabetics, will not cause cavities, and certified by WHO as “generally regarded as safe.”",reddit,False,,,
9a3ba57feabc3f79,"Up until the late 16th century, most people believed that the earth was the center of the universe.  This was seen as enough of a reason back then to accept this as true.",logic,True,171,popular_opinion,ad_populum
9a3ccd6bcd93546b,"Her arguments against the protest were weak. After all, she can't be fair; she works for the government.",logic,True,35,ad_hominem,ad_hominem_circumstantial
9a4f11aa172d3108,"Sam is riding her bike in her home town in Maine, minding her own business. A station wagon comes up behind her and the driver starts beeping his horn and then tries to force her off the road. As he goes by, the driver yells ""get on the sidewalk where you belong!"" Sam sees that the car has Ohio plates and concludes that all Ohio drivers are jerks.",logic,True,470,example,hasty_generalization
9a4fef9844b7341b,He's not. But he knows Better Than The Experts (tm).,reddit,False,,,
9a89f0eb85c4a513,"Cannabis has been legalized in numerous countries, including Canada, Uruguay, and several US states, based on proven medical benefits. This suggests here's a strong case for legalization in other nations as well, given its demonstrated advantages and successful integration into these jurisdictions' legal frameworks.",nlas,True,146,popular_opinion,good_argumentation
9ae158ed50483854,The Freehold Raceway Mall is the best mall because there are always so many cars there.,logic,True,162,popular_opinion,ad_populum
9b269d921b1a9fdb,Free Will or Determinism: Do we have free will? Retrocausality is possible in some interpretations of quantum physics.,ethix,True,334,example,cherry_picking
9be13b9e97eabe93,If you were a true American you would support the rights of people to choose whatever vehicle they want.,logic,False,,,
9c22fec1365a8b40,"Astronomers using advanced telescopes and technology would certainly detect UFOs or alien spacecraft visiting Earth if such phenomena occurred. Yet despite extensive research and observation, these astronomers haven't discovered conclusive evidence of such occurrences. This makes it reasonable to presume that UFOs and extraterrestrial Earth visits remain improbable.",nlas,True,405,expert_opinion,good_argumentation
9ca0893fb15fb306,But at least some Christians don't make their own decisions in this case.    They cite the work of previous religious people to justify the canon you have. If you were building your canon from scratch based on your own logic at least liberal Christians would have serious issues justifying keeping books widely believed to be forgeries today.  Dale Allison certainly believes that there are forgeries and interpolations. Yet he cannot just remove them. So he IS looking to older Christians and the traditions they made.,reddit,False,,,
9dbedd08c833b909,Just look at the devastation nuclear weapons can cause — catastrophic loss of life and the near-total destruction of infrastructure. Examples like that make clear why their use should be avoided at all costs.,nlas,True,362,example,good_argumentation
9dc75f95ecdc5dea,"""Everyone else believes it, so it must be true.""",logic,True,190,popular_opinion,ad_populum
9ede7cb26b5bc4f7,"If the government allows psychologists to prescribe medications there will be no basis to block them from obtaining competence and legal authority to conduct other traditionally medical procedures such as diagnosing minor skin irritations, treating a sprained ankle, setting a broken bone, and performing neurosurgery.",logic,False,,,
a0381e4e47831e0e,Alissa has class with a football player who is a class clown. He disrupts the class and is failing. Alissa decides all football players are not serious students.,logic,True,467,example,hasty_generalization
a0e99b8e603491b0,"The logic's no good.  Look at the Delphi case, they found the girls the next day, and still have released almost nothing 18 months later.  The opposite of your scenario.",reddit,True,511,example,hasty_generalization
a0ff4bc34bb0fe03,What's the right solution to the trolley problem? There is no moral difference between causing death directly and causing death through negligence; therefore the only relevant variable here is the number of people who will die.,ethix,True,216,analogy,weak_analogy
a108bc3c3ac75d40,"Maybe the government can tell you what color underwear and in what style you should wear, also?  Or require everyone to wear burkas, and clan turbans?  Or just decide that driving a vehicle that has more than 182hp is too unsafe for you?  Or that owning your own locking safe at home is a suspicious activity, unless you give the combination to your local police?  Or that voting is just too dangerous since no one can guarantee the right person will be elected?  Or that your gender, race, sexual orientation, beliefs, or religion should decide where you can shop?    America has lost the meaning of civil liberties, and we should all be upset about it. The government, nor the bureaucrats in it, are not your friend.",ethix,True,542,slippery_slope,slippery_slope
a11d5da7257af8ac,"Nicholas - ""An apple is a vegetable."" Alexis - ""Don't listen to Nicholas; he is failing AP Language""",logic,True,58,ad_hominem,ad_hominem_abusive
a122bba5789304c0,"Cryptocurrencies have exploded in popularity over recent years, and this rapid adoption suggests they must offer something valuable, proving that digital currencies possess genuine merit.",nlas,True,114,popular_opinion,non_sequitur
a155e657b6c4e8d7,"If planes really were releasing large amounts of chemicals into the atmosphere, we'd expect air quality to visibly worsen. Since there's no substantial evidence of planes doing this to manipulate behavior or climate, there's really nothing to support the idea that chemtrails are responsible for any negative effects on human health or the environment.",nlas,False,,,
a15f2e1c532ccb2b,You're too ugly to be class president!,logic,True,94,ad_hominem,ad_hominem_abusive
a1bcb3c83c8cd700,Do you think CPD will let us decorate our stars of David patches they inevitably use to categorize drug buyers? Pardon if this offensive comparison is too much. I'm a strong believer that it's only a slippery slope away from my extreme comparison.,reddit,True,570,slippery_slope,slippery_slope
a205ec1a0f58fdeb,"“No! Don't eat that piece of chocolate. Today, it's one piece of chocolate, but tomorrow, you've gained 20 lbs!”",logic,True,516,slippery_slope,slippery_slope
a2eae3eb108fe198,"John owns a gun, has passed a background check, holds a proper license, and has never used it to hurt anyone. His example suggests that law-abiding gun owners aren't inherently a threat to society and shouldn't have their rights restricted.",nlas,True,379,example,cherry_picking
a31b47e754989b03,My child was diagnosed with autism after receiving vaccinations. That is proof that vaccines are to blame.,logic,True,330,cause_to_effect,post_hoc
a50106b3ab67452b,"""The woes of “detransitioners” are a warning: treating children with gender dysphoria is riskier than zealots admit"".",reddit,False,,,
a54bb65374f58b85,I was watching a game yesterday and a player was flying Obi-Wan in the aethersprite. He performs a red maneuver and says that since the maneuver was fully executed he can use FTC before the check stress step. I tried explaining that a maneuver isn't considered fully executed until after the check stress step. Just trying to get clarification on which is right. He said he has talked to tourney judges and they said that FTC can be used before the check stress step. That doesn't seem right to me.,reddit,True,414,expert_opinion,appeal_to_authority
a5c4bee4a863597d,iPhones are the best phone because everyone has them.,logic,True,167,popular_opinion,ad_populum
a5f84f252764b872,"As greenhouse gas concentrations in the atmosphere have climbed, so has the average global temperature. If that trend continues, we can expect temperatures to keep rising too, deepening the effects of climate change.",nlas,True,381,example,good_argumentation
a64b36ce4db74f34,"If we start allowing satellites to be launched without any restrictions, it's likely to set off a chain reaction. More satellites will lead to more space debris in our orbit, which in turn will increase the risk of collisions between satellites and debris, generating even more debris and causing a vicious cycle. This could ultimately result in catastrophic collisions that damage critical infrastructure and put people's lives at risk on Earth. The potential consequences are simply too disastrous to ignore, and it's clear that the indiscriminate launching of satellites would be a recipe for disaster, threatening our very way of life. Therefore, we should exercise caution and reject the proposal to launch satellites without proper oversight and regulation.",nlas,True,599,slippery_slope,slippery_slope
a69624d324deaca7,"Cocaine is all natural; therefore, it is good for you.",logic,False,,,
a6e5ff69a968b78d,"Scientists have used genetic engineering to create crops that resist pests and yield more. That success suggests genetic manipulation in agriculture could more broadly lead to hardier, more productive crops.",nlas,False,,,
a795033fb742a703,"Developed countries have profited from globalisation by outsourcing labor and production to developing nations, cutting costs and boosting profits. That pattern suggests globalisation tends to benefit wealthier countries unevenly, often at the expense of developing ones facing exploitation and economic disparity.",nlas,False,,,
a8382bf13a6bfed2,Justin claimed that passing federal laws to control the amount of violence in music is the first step in a process that will eventually result in absolute government control of the media and total censorship over all forms of artistic expression.,logic,True,539,slippery_slope,slippery_slope
a8638e21252153ed,Because it can easily encourage mass hysteria if hundreds of people are trying to suddenly stock up on toilet paper or canned beans or whatever. People are going to be encouraged to go out and buy shit before its all gone.,reddit,True,591,slippery_slope,slippery_slope
a91ff6e605f42041,Pro-Life vs Pro-Choice: Should abortion be legal? Planned Parenthood states that the pill is only about 91% effective because it is difficult to maintain perfect use.,ethix,True,423,expert_opinion,good_argumentation
a92b70dd1eb7d22f,"Has social media been good for humanity? Social media algorithms designed to enhance the user's experience have inadvertently created deeply personalized Filter Bubbles. 
Information dissemination is calculated by user desire rather than objective necessity.",ethix,True,306,cause_to_effect,good_argumentation
a94ab31a0401dad7,"Jeff's mom is concerned when she finds out that he skipped class one day. She tells him that she is concerned that since he skipped one class, he will start skipping more frequently. Then he will drop out altogether, never graduate or get into college, and end up unemployed and living at home for the rest of his life.",logic,True,529,slippery_slope,slippery_slope
a96eeb734fd68c86,"There's strong anecdotal evidence that bones do change even if the HRT starts after the bones fuse. Trans women have reported shifts in hip structure in their fifties, trans men have reported bone modeling in the face and feet at similar ages. I don't know if it would be enough to confuse a forensic tech tho.",reddit,True,507,popular_opinion,hasty_generalization
a9a066e1088a2f28,Pro-Life vs Pro-Choice: Should abortion be legal? By this logic people are consenting to the risk of dying every time they cross the street. People aren't consenting to consequences.,ethix,True,224,analogy,weak_analogy
a9cd3cabe48d18f2,"The claim that because somebody famous supports an idea, the idea must be right. This fallacy is often used in advertising.",logic,False,,,
a9fb12fc6060f96d,I think because giving in to a mob mentality is incredibly dangerous. How many people must the mob be before people must bend to their will?  Today it's a star on the street someone doesn't like.  Next it's a neighbor on a street that people want moved. I've seen first hand how these things grow fast. If you don't like Trumps politics - vote him out. Acting out / having a tantrum on his star achieves nothing.,ethix,True,554,slippery_slope,slippery_slope
a9ff60000be69124,"The potential for abuse would be enormous.  It would be like the old Roman grain allotments.  If the UBI is set at $500 a month, then all a politician would have to do to be wildly popular is promise to expand it to $1000.  Then $2000, 3000, 10000.  And you *KNOW* that's exactly what would happen, because, like I said, there's perfect historical precedent.  It's incredibly easy for politicians to bribe the electorate with their own money.",reddit,True,582,slippery_slope,slippery_slope
aa4538ac54929075,"Provided John's history of discriminatory and sexist behavior, it's hard to take his objections to gender quotas seriously, and we should be wary of accepting his argument at face value.",nlas,True,65,ad_hominem,ad_hominem_tu_quoque
aac5fabbd044893f,"Kids: If you wouldn't eat your dog, why eat a turkey? Go vegan.",logic,True,274,analogy,weak_analogy
aadda1c8a0c86e52,"Do most Americans believe in God? To find out, we asked over 10,000 scientists at colleges and universities throughout America. Less than 40 percent said they believed in God. The conclusion is obvious: Most Americans no longer believe in God.",logic,True,502,popular_opinion,hasty_generalization
aae7c01c988f1f2a,"Should Covid-19 vaccines be mandatory? There is already a precedent for the state passing laws governing bodily choices in the name of public safety, such as banning the use of methamphetamine.",ethix,True,199,analogy,appeal_to_extremes
aaee0a2a9371ad84,"Should all humans be vegans? Computer modelling indicates that the United States could support the largest human population on domestic production if everybody followed a lacto-ovo vegetarian diet, surpassing the carrying capacity of veganism.",ethix,True,431,expert_opinion,good_argumentation
ab82c7321f35c1d1,"Indiscriminate satellite launches tend to boost data collection and research opportunities. Since these launches are happening, we should expect to see more opportunities for data collection and research as a result.",nlas,True,295,cause_to_effect,good_argumentation
abe1e2a23255ce04,"An influencer posts on Instagram that the restaurant ""EP is poppin'! Everyone worth knowing is here tonight - come on down!"" -- this is an example of:",logic,False,,,
ac27a0cd7eb14f80,Which type of appeal is used in the following phrases from the Declaration of Independence: “appealing to the Supreme Judge of the world” and “with a firm reliance on the protection of divine providence”?,logic,False,,,
ac55d4a730ad446c,"Person X always comes across as so superior, like they're better than the rest of us, so it's hard to take their opinions seriously, especially when it comes to their push for wearing masks in public - honestly, their self-righteous attitude makes their argument on the matter pretty unconvincing.",nlas,True,62,ad_hominem,poisoning_the_well
acd742253ca02772,"Take John, for example — he has the option to work remotely, but he really struggles with self-discipline and getting things done efficiently. Cases like his suggest that employees who work remotely can end up battling motivation and productivity issues.",nlas,True,359,example,hasty_generalization
ad5276acba947f2b,"Tony wants us to believe that the origin of life was an “accident”. Tony is a godless SOB who has spent more time in jail than in church, so the only information we should consider from him is the best way to make license plates.",logic,True,73,ad_hominem,ad_hominem_abusive
ada09d3ac943eec5,"“My roommate Fatima said her philosophy class was hard, and the one I’m in is hard, too. All philosophy classes must be hard!” Insisted Baneen.",logic,True,498,example,hasty_generalization
ae12e889d4067d90,"Just like hydroelectric dams, which have proven to be a steady and efficient source of power in many regions, nuclear power plants operate in a similar way, so it's reasonable to expect that they too can provide reliable and efficient energy.",nlas,True,247,analogy,weak_analogy
aebc22fdb67aff55,Do people have a right to not wear a mask in public spaces during the Covid-19 pandemic? Even the WHO advice on masks has changed over time.,ethix,False,,,
af129dd9ac41b7d4,"""You shouldn't go to 'Vomito' I went once and the food was awful."" is",logic,True,460,example,hasty_generalization
af2232a047a44aa5,"""I'm gonna get an iPhone because everybody else has an iPhone and they're cool.""",logic,True,158,popular_opinion,ad_populum
af93fa82bd63811e,"We shouldn't rely on the CEO's support for globalization at face value, considering their track record is driven by personal gain and a selfish agenda, which raises serious questions about their true motives for backing such a policy.",nlas,True,86,ad_hominem,poisoning_the_well
aff5104ee440e1bf,"We shouldn't view Edward Snowden's views on trading individual privacy for increased security as credible, considering he's a guy who has already shown his willingness to disregard the law by leaking classified information.",nlas,True,88,ad_hominem,poisoning_the_well
b124e6cc0cbd0470,"We shouldn't pay too much attention to the arguments against animal cloning from animal rights activists, since they're a group of extremists who prioritize animal welfare over human well-being and progress, showing a clear disregard for the needs and advancements of our own species.",nlas,True,84,ad_hominem,poisoning_the_well
b142d5f615c0cb03,"Would the world be a better place without humans? Suffering should be put in the context of the complexity of the nervous system. Animals tend to have less complex nervous systems than human beings,
 which implies that they have a reduced capacity for suffering.",ethix,False,,,
b15272cf96dfae53,"I know three redheads who have terrible tempers, and since Annabel has red hair, I’ll bet she has a terrible temper, too.",logic,True,500,example,hasty_generalization
b1721d022e47df55,"Mrs. Miller taught your older brother, who was the class clown. She decides to be strict with you from the very first day of class because she thinks you will be a clown, too.",logic,False,,,
b1a10ac81b84ac4f,"Louise is running for class president. In her campaign speech she says, ""My opponent does not deserve to win. She is a smoker and she cheated on her boyfriend last year.""",logic,True,53,ad_hominem,poisoning_the_well
b1a3a8c9459565e4,"Teachers don't have lives.""My best friend said her English class was hard, and the one I'm in is hard too. All English classes must be hard.""",logic,True,487,example,hasty_generalization
b1eb7bc4dca1a351,"Considering John's own kids have suffered from his neglect, it's hard to take his opinions on parenting seriously, especially when he's advocating for giving children unrestricted internet access - his judgment on that matter is pretty questionable.",nlas,True,24,ad_hominem,poisoning_the_well
b256a829ab4f8e77,"Smoking cigarettes is just like ingesting arsenic into your system; both have been shown to be causally related to death. If you wouldn't want to take a spoonful of arsenic, I would think that you wouldn't want to continue smoking.",logic,True,270,analogy,weak_analogy
b279c8dcc1a0aa32,Is it ethically wrong to watch pornography? Pornography addiction shows similar side effects to alcohol and drug addiction.,ethix,True,232,analogy,weak_analogy
b35cbb7acabccb25,"When governments want to control a population, they sometimes deploy covert measures to influence people's health or behavior. Given the unexplained trails left behind by aircraft in the sky, it's possible these so-called chemtrails are one such covert governmental measure aimed at manipulating public health or behavior.",nlas,True,290,cause_to_effect,false_premise
b3fcba25b1146708,"I saw a student texting in my class yesterday; all my students must be texting, so cell phones should be banned.",logic,True,476,example,hasty_generalization
b42c28074e3feda4,"You know how you stop Confederate flags from showing up in Lansing?  You vote out anyone who was elected who displays it, and you shame any non-elected official/private person into changing their actions. Forcing the removal of a single symbol does nothing to address the feelings and thoughts behind it, and if anything, makes it easier to ferret out hate and address it.   This is besides the fact that once you start the b-ball rolling on governmental restrictions on free speech, it is only a matter of time before everyone gets squashed by it.",reddit,True,564,slippery_slope,slippery_slope
b4ec71943f6cc8b7,God must exist because every culture has some sort of belief in a higher being.,logic,True,163,popular_opinion,ad_populum
b5135bc054922198,Should schools close during the Covid-19 pandemic? Many governments are taking measures to improve internet access for students.,ethix,False,,,
b5a56b754b8b5d6d,"There's a prevailing view that animal testing is both cruel and unnecessary, and if this assessment holds true, it presents a fairly compelling case against the entire practice of using animals in scientific experiments.",nlas,False,,,
b622862e400eee36,"Are moral properties natural properties? H2O is water by definition (as otherwise, some substance not made of H2O but with indistinguishable macroscopic properties to H2O could be accurately classified as ""water""). The same would apply to questions like ""Is X goodness?"", the only difference being that X is more difficult to fully define in terms of natural properties.",ethix,True,215,analogy,weak_analogy
b63e7b623b28f52c,What's the right solution to the trolley problem? Negligence is as much of a choice as intervening.,ethix,True,217,analogy,weak_analogy
b6a6d04869f5c0b2,"Physical appearance is broadly seen as crucial for life success, and if that's accurate, then investing in your looks represents a smart strategy, which suggests there's a valid argument for prioritizing appearance if you're pursuing success.",nlas,True,119,popular_opinion,good_argumentation
b6dd74606579c87e,"Just as we require people to get a license and follow safety rules before they can drive a car, it makes sense that we should have similar safeguards in place for owning a gun. After all, owning a gun is a serious responsibility that can have significant consequences if not handled properly. To ensure public safety, it's only logical that individuals should have to pass a background check and receive proper training before being allowed to own a gun, much like we expect drivers to be qualified and competent behind the wheel. This way, we can minimize the risks associated with gun ownership and create a safer environment for everyone.",nlas,True,263,analogy,good_argumentation
b7102b05f46cfa8f,\#WhatRecession?,reddit,False,,,
b72944c9abc1dae6,"Is it ethically wrong to watch pornography?        There have been numerous studies about behavioural addiction with pornography (Pornography Addiction: A Neuroscience Perspective, Neuroscience of Internet Pornography Addiction: A Review and Update)",ethix,True,444,expert_opinion,non_sequitur
b814d643d6e1edd9,"Should all drugs be legalized?  In a behavioural study conducted on misusers of both alcohol and illicit drugs, results indicated that which drugs users choose to use is not a decision solely influenced by economic considerations.",ethix,True,430,expert_opinion,good_argumentation
b82ec3979c3ed308,"Should unpaid internships be banned? The UN Declaration of Human Rights, Article 23 (3) states: “Everyone who works has the right to just and favourable remuneration.”",ethix,True,439,expert_opinion,good_argumentation
b8835c3c96e90b31,"Yeah, he seems like a fairly rational guy but Im not a fan of UBI. After thats in place, every president will claim theyre going to increase it 10%, 50% 300% vote for me free money. Once its part of the economy theres no going back. You cant remove a thousand dollars a month from people.",reddit,True,579,slippery_slope,slippery_slope
b8d901172db3981d,"No guys you don't understand, Byrnes hit for the cycle one time, so he knows what he's talking about.",reddit,True,393,expert_opinion,appeal_to_authority
b8eef7ef422db67c,"In view of John's history of fraudulent activities and his own record of exploiting offshore tax havens for personal gain, it's hard to take his arguments in favor of these havens seriously.",nlas,True,46,ad_hominem,ad_hominem_tu_quoque
b90d0c6cefbb5879,"Higher education is broadly recognized as essential for career advancement. If this is proven, it suggests we should support expanding access to universities and colleges, indicating there's good reason to make higher education more accessible.",nlas,True,128,popular_opinion,good_argumentation
b93facfa7917d5e2,"Just as we wouldn't let a child ride a bike without proper safety gear, like a helmet, to protect them from potential accidents, we shouldn't give kids unrestricted access to the Internet without taking similar precautions. When we teach a child to ride a bike, we recognize that they might fall or crash, and we take steps to minimize the risk of injury. In the same way, when we introduce children to the Internet, we need to acknowledge the potential dangers that come with it, such as exposure to inappropriate content, online predators, or cyber threats. To keep them safe, we should provide guidance and oversight, like parental controls, to ensure they can navigate the online world without putting themselves at risk. If we can't guarantee these safeguards, then it's wise to wait before giving them Internet access.",nlas,True,240,analogy,good_argumentation
b9c9ea88cc95b0ae,"When someone uses their freedom of speech to spread hate and incite violence, it ends up putting others at risk. Cases like that suggest speech that actively harms others may need to be restricted to protect public safety.",nlas,True,372,example,good_argumentation
ba0bd5bcfb87d88e,"Should all drugs be legalized?  In the US, the War on Drugs has led to the mass incarceration of African Americans and other minority groups.",ethix,True,343,example,cherry_picking
bac460577c874ef2,We are not weak if we make a proper use of those means which the God of nature hath placed in our power.,logic,False,,,
bbadd49d0185fd96,"Provided John Doe's history of illicit dealings and questionable ethics, it's hard to take his opposition to legalizing prostitution seriously, and we should be wary of accepting his argument at face value.",nlas,True,64,ad_hominem,poisoning_the_well
bbae9f2f5594fa08,"This is wrong. Pedophiles do not choose to be attracted to children. That's a fact. As long as they do not hurt a child (or promote/support doing so ie: child porn) they have done nothing wrong and deserve no condemnation.  **Ohhh another pedo sympathizer...**   >Guys, this is r/TumblrInAction, I really thought we were beyond ""thoughtcrime"".  When is about silly shit yeah... When is about grown men wanting to fuck kids but restraining themselves, well, thats another matter.   >You don't need to hunt them down to protect the children. Reasonable restrictions, therapy and a watchful adult are enough. Not wanting to kill them for what they think/feel is NOT a slippery slope, it's basic decency.  It is a slippery slope. You stop watching that guy for a minute and he will ruin the live of someone just because ""it's basic decency"".  **There are lines you don't cross.**",reddit,True,562,slippery_slope,slippery_slope
bbc20257f279cc5d,"We all know that taxes are essential for funding critical public services like education, healthcare, and infrastructure, and it's broadly accepted that when these services matter, we should willingly contribute more to ensure adequate funding, which suggests that tax increases could effectively support the public goods and services benefiting everyone in society.",nlas,True,143,popular_opinion,good_argumentation
bc295a2f61f2122b,What is that suppose to mean? The President and his team are handling this better than any other administration would. Things are bad but they would be a lot worse if we had bad or incompetent people handling this. The polls show more people approve of Trump's handling of this than disapprove. So you are in the minority on this one. Maybe gets your news from somewhere other than the liberal media.,reddit,True,151,popular_opinion,ad_populum
bc6ca9872ae7b209,Students who want cell phones in school have no idea what they're talking about.,logic,True,69,ad_hominem,ad_hominem_abusive
bce1fd8740db0ccb,Considering the history of disabled people being killed or tortured or tested on or eliminated in Nazi fires or being sterilized or having limited or no rights or not having the right to make their own decision.  You are a stranger to history and science. Stop being one.,reddit,True,593,slippery_slope,slippery_slope
bd0c65226630405b,Brandon: We should have tastier lunches! Jaylen: Don't listen to him! He's a terrible person! I saw him trip another student and steal his lunch money!,logic,True,21,ad_hominem,ad_hominem_abusive
bd6db2c5d1b67e7f,Our competitors use unhealthy sugar substitutes and artificial sweeteners. But Rev-Up Energy Drink contains one hundred percent real cane sugar to fuel your body better.,logic,False,,,
be4358bcf952d009,Why trans people never shut up about being trans,reddit,False,,,
be83598e5062d38b,I guess I should buy my 12-year-old daughter an iPhone. Everyone at her new school has one and I want her to fit in with the other kids.,logic,True,189,popular_opinion,ad_populum
bec28e4c1dd3b8c8,"I saw two women get in a car accident. Therefore, all women are bad drivers",logic,True,471,example,hasty_generalization
bed25d486270784b,"The point there isn't to disparrage or discourage women. It's more akin to putting a gay man as one of the real housewives (i have never watched that show so if this actually happened i apologize).  That's not being biased against or discouraging gay men, it's just that the show isn't about them.  That's what's going on with Drag Race. Drag Race celebrates women constantly. But the show is about Drag Queens which are men.  Women have TOOOONS of shows for themselves.  This show is for drag queens to have a medium for themselves. Do you know how upset people would be if every season less and less gay men drag queens got on the show because real women got on in their stead if they started letting women on?",ethix,True,553,slippery_slope,good_argumentation
bf13dbd0e3e008d1,Researchers are frauds who don’t earn their salaries,logic,True,66,ad_hominem,ad_hominem_abusive
bf802accc586425f,"Jeff is preparing to create a commercial for a new energy drink. He visits a local high school and surveys students in an English class about their beverage preferences. The majority of the class says they prefer grape flavored drinks, so Jeff tells his superiors that grape is the flavor favored most by high school students. What error in reasoning has Jeff made?",logic,True,501,popular_opinion,hasty_generalization
bfbbc6219129da2e,Should Covid-19 vaccines be mandatory? Attaching vaccine requirements to attend schools or daycares have been shown to significantly increase the vaccination rate to herd immunity levels in the US (p. 269).,ethix,True,357,example,good_argumentation
bfd4f78439edbee0,"Mark: Do you believe in virgin births?
Sue: You mean that babies are born virgins?
Mark: I mean birth without fertilization.
Sue: No.
Mark: How could you not believe in virgin births? Roughly two billion people believe in them, don’t you think you should reconsider your position?",logic,True,183,popular_opinion,ad_populum
c059b8241ce8cda3,"""You are not a credible resource person. You haven't finished college.""",logic,True,13,ad_hominem,ad_hominem_abusive
c0953ae6b23bb5c6,"Science and technology are broadly credited with transforming humanity through medical breakthroughs and improved daily living. If the enormous benefits science and tech have delivered are proved, it's reasonable to expect that advancing genetic manipulation could yield even more remarkable progress.",nlas,True,139,popular_opinion,good_argumentation
c0a6c09bf7836ec8,"Just as giving everyone a universal basic income would likely discourage people from working, ultimately hurting the economy, providing a universal basic pension would probably have the same effect, making people less inclined to work and leading to decreased economic productivity.",nlas,True,258,analogy,weak_analogy
c0b6d24c5edaf6f0,"We shouldn't put much stock in John Doe's opinions on full self-driving cars, given his history of distorting the truth to suit his own interests.",nlas,True,85,ad_hominem,poisoning_the_well
c15fd158beb2e93f,"Do people have a right to not wear a mask in public spaces during the Covid-19 pandemic? Now that research has demonstrated its definite benefits, the CDC website officially recommends that masks be worn.",ethix,True,399,expert_opinion,appeal_to_authority
c199bd5e307fb121,"The only people I have ever seen who care about this ""issue"" are people who are salty they are doing poorly at UTSG",reddit,True,510,example,hasty_generalization
c1aff2d867d5a732,"We shouldn't consider Elon Musk's views on electric transport seriously, given that he's clearly more concerned with feeding his own ego than actually making a positive impact.",nlas,True,80,ad_hominem,poisoning_the_well
c24a066f476b770b,All required university courses are boring.,logic,False,,,
c3a0dfb659ae057b,"Honestly, I don't think we should take Jane's claims about the benefits of intermittent fasting seriously, considering her own track record with consistency and self-discipline - the fact that she can't even stick to a regular meal schedule raises some serious doubts about her credibility on this topic.",nlas,True,36,ad_hominem,ad_hominem_tu_quoque
c3c766353b12a250,"Prison systems are commonly viewed as ineffective at rehabilitation and overly focused on punishment, and if that's the reality, it presents a reasonable case for reforming our approach to criminal justice.",nlas,True,126,popular_opinion,ad_populum
c3d23bb104ed4f29,"Introducing gender quotas in the workplace tends to boost women's representation and participation. Since companies are actually putting these quotas in place, we should see more women represented and participating as a result.",nlas,True,283,cause_to_effect,good_argumentation
c3d59e9f25e5d012,Gun people aren't usually outdoorsy types. They are mostly fat and mostly have to ride 4 wheelers and other ATV's around if they go outside. They do like to imagine themselves as outdoorsy though.  Do find it funny that Mormons have such a love for firearms. Seems like Jesus would absolutely never condone firearms. He seems to prefer more primitive methods of killing people.,reddit,False,,,
c432177eb0c3b81d,"Should individuals sentenced to life in prison be allowed to choose death instead? Suicide cannot reasonably be punished or restricted, so people should be allowed the right to die.",ethix,True,222,analogy,good_argumentation
c507edd6af23c75a,"This crash will likely damage the reputation of Malaysia Airlines, which will hurt the tourism industry of Malaysia and ruin their economy.",logic,True,528,slippery_slope,slippery_slope
c6d6a06f6f6e39d0,Do people have a right to not wear a mask in public spaces during the Covid-19 pandemic? Not wearing a mask can constitute self-harm and the state is obligated to prevent such harm by limiting choice.,ethix,True,208,analogy,good_argumentation
c72baa1cac9bb8b1,"If we start down the path of giving kids unrestricted Internet access, it's likely to open up a whole can of worms. First, they'll probably stumble upon inappropriate content or get in touch with some shady characters online, which could easily lead to addiction, cyberbullying, and a host of other problems. From there, it's a slippery slope to even more serious issues like propaganda, harmful online communities, and who knows what else. Ultimately, the end result could be absolutely devastating, with kids ending up depressed, anxious, isolated, and struggling in school, or even worse, getting into trouble with the law. So, it's just not a good idea to provide Internet access to children without making sure we've got some serious safeguards in place to protect them.",nlas,True,595,slippery_slope,slippery_slope
c76a92fa00502b7a,A longitudinal 20 years of follow up showed a decrease in the survival of heart failure patients who maintained low LDL cholesterol levels. - PubMed,reddit,False,,,
c78850217c95d156,my friend converted to atheist from muslim and got abandoned by his family. how peaceful is that,reddit,False,,,
c788cf08154b5e62,"Should all drugs be legalized?  If the legalisation of drugs makes them cheaper than alcohol, people might be financially motivated to begin consuming only drugs.",ethix,True,307,cause_to_effect,false_premise
c7fe63d9d9627217,A mother says that she does not trust her pediatrician because he has never been a mother.,logic,True,14,ad_hominem,ad_hominem_circumstantial
c8cdc8019c39370e,"Nuclear power is perceived by many as posing serious threats to health and the environment, and when something is broadly seen as dangerous and hazardous, exercising caution makes sense, providing sound justification for opposition to nuclear energy use.",nlas,True,117,popular_opinion,non_sequitur
c902ec643b4eef1a,"Is cannibalism ethically permissible? ""Meat donors"" could be treated similar to organ donors and checked for any health hazards beforehand.",ethix,True,234,analogy,weak_analogy
ca2b2f502d94990e,"Is it ok to incentivise moral behavior? Since what is morally correct is subjective, incentivising morally correct behaviour is no different that incentivising morally incorrect behavior.",ethix,True,204,analogy,weak_analogy
ca6a51d3f87f0dd8,"Should schools close during the Covid-19 pandemic? In the US, 4.4 million students cannot consistently access computers and thus, online learning.",ethix,True,422,expert_opinion,good_argumentation
ca78f7405c39e818,"From a libertarian perspective, I'm opposed to any government mandated medical procedure.  Even a harmless or beneficial procedure may be starting us down a slippery slope.  In practice, I think government mandated vaccines are a net positive.  We're probably not going down that slippery slope, so I'm fine with not letting some facebook mom group bring back polio.",reddit,True,572,slippery_slope,slippery_slope
ca824d3b272fbfd9,"Tesla's CEO, with his position in the autonomous vehicle industry, declares that fully autonomous cars outperform human drivers in safety, suggesting that fully autonomous cars likely prove safer than human-operated vehicles.",nlas,True,424,expert_opinion,irrelevant_authority
cb347bab6f7c4a0d,"Well, every one else jumped off the roof, why can't I?",logic,True,180,popular_opinion,ad_populum
cc1b89808769b3a0,"Nutritionists have spent years studying how different eating patterns affect human health. They maintain that intermittent fasting yields considerable benefits, suggesting that intermittent fasting genuinely improves our wellbeing.",nlas,True,407,expert_opinion,irrelevant_authority
cc38c0cf01e898e9,"Do people have a right to not wear a mask in public spaces during the Covid-19 pandemic? Individual choice of clothing is already restricted by laws prohibiting ""indecent exposure"", so it is not uncommon that the government regulates what people are allowed to wear (or not wear).",ethix,True,209,analogy,weak_analogy
cce58b37be650ae8,"It is a process. Restrict one civil liberty, restrict all civil liberties. Look up the first they came poem, that perfectly entails in situation.",reddit,True,567,slippery_slope,slippery_slope
cceee76ae47692e8,Is cloning humans ethical? Genetic defects have been observed in otherwise healthy cloned animals.,ethix,True,355,example,good_argumentation
ccfa683591fab3c8,Turns out our scientists are pretty fucking important after all.  *For want of a wage the postdoc was starved;*  *For want of a postdoc the lab was lost;*  *For want of a lab the vaccine was lost;*  *For the failure of vaccine the kingdom was lost*  *All for the want of a livable wage.*,reddit,True,584,slippery_slope,slippery_slope
cd59af0c3b86375d,"""Many democrats don't want a border wall with Mexico, which means they don't want to keep Americans safe"" IS an example of this fallacy.",logic,False,,,
cd65d99bbe26e242,"If we start down the path of trading individual privacy for increased security, it's a mess. Once we open the door to this proposal, it's likely to lead to a point where the government has unlimited access to our personal information, which in turn could lead to a situation where people are punished for things they might do in the future, rather than anything they've actually done. This would be just the beginning, as we'd slowly see our freedoms and rights erode away. Ultimately, this path would take us to a terrifying place: a completely authoritarian government that controls every single aspect of our lives. That's a nightmare scenario we should avoid at all costs. So, let's not take that first step, because because giving up our privacy, even if it seems like a small sacrifice at first, would set us on a course that could ultimately destroy the very fabric of our society and lead to a loss of all our freedoms.",nlas,True,604,slippery_slope,slippery_slope
ce452afac86fd24a,"You're wrong. I live in Florida and its hot right now so the globe is hot. Also it was cooler this morning than it is now, which means the globe is warming. Checkmate.",reddit,True,504,example,hasty_generalization
cecc3cc68f091a6f,A commercial shows a group of friends all hanging out wearing clothes from a popular clothing company. This is an example of,logic,False,,,
ceee1707df4fb265,"“I admire the president for being a good role model.” REPLY: “But the New York Times says he’s a lousy role model, so you’re wrong.”",logic,True,456,expert_opinion,appeal_to_authority
cf3b4d6783d834d0,"Personal bodily autonomy and medical decision-making are commonly viewed as essential individual rights, and this autonomy is generally accepted as crucial. If the law establishes that people have this right, then mandatory vaccination during a pandemic would represent overreach, infringing on their freedom to make personal health choices.",nlas,True,148,popular_opinion,non_sequitur
cfb64f0d569f2ed2,"Angelina Jolie keeps up a polished appearance and has built a hugely successful acting career. Following that same logic, if Robert focuses on maintaining his appearance, he might see similar career success.",nlas,True,371,example,cherry_picking
d0171c3fea2233ad,"If we start allowing animal testing, it's likely to lead to more animal suffering, which could then normalize cruelty towards animals. As we become more comfortable with this kind of cruelty, we may become desensitized to violence and harm in general. This desensitization is a terrible consequence, not just because it harms animals, but also because it reflects a broader societal apathy towards violence and harm. Therefore, we should reject the proposal to introduce animal testing, as it sets us on a dangerous path with horrific potential outcomes.",nlas,True,596,slippery_slope,slippery_slope
d032b2dfaf409d1e,"I have a JD, an MBA, and an MSF so I am pretty well versed in the skill sets. What about a JD would make you think you could do finance?  It is a pretty in depth math program. There are some advanced math skills needed that are covered nowhere in undergrad or a JD unless you were also a finance major for BS.   This is law school arrogance at its finest. Why not a brain surgeon?",reddit,True,384,expert_opinion,appeal_to_authority
d0547e63ffd79ced,"In light John's history of corruption, including a conviction for embezzlement, it's tough to take his support for the Sustainable Development Goals seriously, and frankly, his advocacy on this issue just doesn't carry much weight.",nlas,True,44,ad_hominem,ad_hominem_abusive
d0655b3e4209b5a2,Should all drugs be legalized?  A 10-year study found that monthly alcohol sales dipped by 15% in US counties when medical marijuana was legalised.,ethix,True,351,example,cherry_picking
d13db8f2182c2496,Everyone is buying the new iPhone that’s coming out this weekend. You have to buy it too,logic,True,170,popular_opinion,ad_populum
d20eff27b913c518,"""Charlie: Fast food is filled with salt, fat, and added sugars. We need better regulation of the industry. Bob: That may be, but you’re such a hypocrite! I saw you devour a Triple-Baconator, super-sized fries, and 64 ounces of soda yesterday.""",logic,True,2,ad_hominem,ad_hominem_tu_quoque
d25278a250ff35ad,"An environmental group illegally blocked loggers and workers at a nuclear plant. Therefore, environmentalists are radicals who take the law into their own hands.",logic,True,463,example,hasty_generalization
d253ff396893b1de,"A leading artificial intelligence researcher points out that AI has achieved remarkable progress in areas like natural language processing, image recognition, and robotics, indicating that AI research has produced significant breakthroughs across these domains.",nlas,True,402,expert_opinion,good_argumentation
d28653eb6661c9da,"Should euthanasia be legalized? Certain deities (e. g. Moloch, Kukulkan) even fancy human sacrifice.",ethix,True,346,example,appeal_to_extremes
d2eefe13c73ec89d,"Pastor Pete: People are turning to God everywhere! 9 out of 10 people I interviewed said that they had a personal relationship with Jesus Christ.

Fred: Where did you find these people you interviewed?
Pastor Pete: In my church.",logic,True,466,popular_opinion,cherry_picking
d3348444f772f782,"Every time I wear this necklace, I pass my exams. Therefore, wearing this necklace causes me to pass my exams.",logic,True,322,correlation_to_cause,questionable_cause
d3a46de185a50878,Is cloning humans ethical? The regeneration of coral reefs is only necessary because humans interfered with nature in the first place.,ethix,False,,,
d3bbd548983fdd38,"To be honest, I've noticed that many people who oppose globalization tend to be pretty complacent and unenthusiastic about taking on new challenges, which makes me question their motivation. Given that, I think we should be skeptical of their arguments against globalization, as they might be more interested in maintaining the status quo than in genuinely engaging with the issues.",nlas,True,72,ad_hominem,ad_hominem_abusive
d3ca1867c37aa71f,“The purpose of the Cadet Program is to prepare youth for Air Force Basic Military Training.” REPLY: “This is true because I heard it from the Wing Commander.”,logic,True,449,expert_opinion,appeal_to_authority
d3e9fac3596efc53,"Pro-Life vs Pro-Choice: Should abortion be legal? The number of times something happens doesn't always make it less important. If you, or someone else you care about, were in that 1%, you would likely want them to be able to access to abortion.",ethix,True,335,example,good_argumentation
d401cb510737c321,"""Why would you elect a mayor whose wife has been treated for alcohol addiction?""",logic,True,11,ad_hominem,poisoning_the_well
d45e44ffd0cdee7e,ULPT: Set up a roadside produce stand advertising organic non-GMO heirloom grown produce from local family farms. Buy the cheapest produce you can find at places like Aldi's and charge the rubes that by it 5 times what you paid.,reddit,False,,,
d4808566cb563b0d,"Don't ever steal! Once you start, you won't be able to stop, and you'll end up bankrupt.",logic,True,515,slippery_slope,slippery_slope
d49ab3d785accbbd,"Everyone in our family has gone to the University of Tennessee, so you need to apply to UT.",logic,True,176,popular_opinion,appeal_to_tradition
d4a188a83e92b37c,It's rich that someone who has a history of spewing hate and discrimination is now calling for censorship - we shouldn't take their pleas to limit free speech seriously.,nlas,True,49,ad_hominem,ad_hominem_abusive
d4b8c6c309f41e27,If Chris Bledsoe isn't credible then why are these names interested in visiting him and his family? These are not nobodies....  * Jim Semivan (CIA) * Mike Morrell (CIA) * Hal Povenmire (NASA),reddit,True,392,expert_opinion,appeal_to_authority
d4f47f7ae0509e0c,"When women are denied access to safe, legal abortion, they often turn to unsafe or illegal alternatives instead. With more restrictive abortion laws now in place in several states — forcing women to travel long distances or seek out risky options — we're likely to see more women turning to unsafe methods, with maternal morbidity and mortality rates rising as a result.",nlas,True,298,cause_to_effect,good_argumentation
d57f4e222d00380f,Has social media been good for humanity? The same systems that create echo chambers can be (ab)used to intentionally enter other peoples echo chambers. TED talk,ethix,True,433,expert_opinion,non_sequitur
d5b9e52743630bf3,The Earth's climate has swung between warm and cool periods long before humans came along. That history raises the question of whether today's warming trend might also just be part of a natural cycle rather than something driven entirely by human activity.,nlas,True,370,example,weak_analogy
d5c6221d54375f95,"Bush was ""determined to knock down Saddam Hussein"" because of his ""nuclear  bomb potential.""",logic,False,,,
d6294ced9ce1c938,"These are felons. These are people that are bad people that shouldn't be—when you have 3,000 shootings in Chicago from January 1st, when you have 4,000 people killed in Chicago by guns, from the beginning of the presidency of Barack Obama, his hometown, you have to have stop - and - frisk. But we need—Lester, we need law and order.",elecdebate,False,,,
d63a16ccaa0d11ab,"""Four out of five dentists recommend Happy Glossy toothpaste. Therefore, it must be great.""",logic,True,468,popular_opinion,hasty_generalization
d650b4d871478c65,"If we start allowing cryptocurrencies to become a standard way of paying for things, it's likely to create an environment where financial transactions are increasingly anonymous and hard to track. This, in turn, could make it easier for criminals to launder money or fund terrorist activities, which would ultimately undermine our national security and stability. The consequences of such an erosion of security and stability would be catastrophic. Therefore, it's a bad idea to adopt cryptocurrencies as a widespread means of exchange.",nlas,True,598,slippery_slope,slippery_slope
d666da3f367846db,"This new test seemed so promising, but the 3 studies that supported its validity turned out to have critical methodological flaws, so the test is probably not valid.",logic,False,,,
d6a50c3488e19738,"The use of laptops and other devices to replace books in the classroom would eventually lead to the downfall of printing and publishing companies, causing many people to be laid off from their jobs. As such, schools should stick to using printed books as study materials.",logic,True,526,slippery_slope,slippery_slope
d7161d0ebd0f5910,"I go to my front porch every morning and yell, “May no tigers enter this house!” and for 20 years, not a single tiger has entered my house. My tiger prevention strategy clearly works.",logic,True,327,correlation_to_cause,causal_reductionism
d7616f9f478bc4eb,"Trying to finish a marathon is impossible, I know because I tried it once.",logic,True,474,expert_opinion,irrelevant_authority
d8a37eb53779dba5,We can’t freeze the academic year because then students won’t graduate on time. Next thing you know most people will be unemployed and will resort to crime. The crime rate will skyrocket and society will collapse.,logic,True,535,slippery_slope,slippery_slope
d8d6d8264aa6ec0a,"""How would you know anything about technology? You're too old!""",logic,True,5,ad_hominem,ad_fidentia
d9788250a6e3dde7,"Economists studying globalization note how it enables countries to concentrate on producing goods and services matching their comparative advantages, thereby increasing productivity and economic expansion. They maintain that expanding globalization will prompt countries toward greater specialization and enhanced productivity, eventually yielding superior economic growth. This makes it reasonable to conclude that increased globalization will generate greater specialization and productivity.",nlas,True,406,expert_opinion,good_argumentation
da2c5406f82201d7,"Utah passed a strict gun-control law, and crime there decreased. Therefore, gun-control laws decrease crime.",logic,True,324,correlation_to_cause,causal_reductionism
da7ef2a705bb8bd5,Are moral properties natural properties? No attempt by philosophers to bridge the is/ought divide has yet succeeded.,ethix,True,428,expert_opinion,good_argumentation
da8d6df86479b54b,"First stop cannabis, next is MDMA followed by Speed, then Ice, and finally legalising Heroin.  What could possibly go wrong?  Oh right, kids may not know how to inject safely.  So we must teach primary school kids how to safely inject themselves.  It's also best to give first time users a taste while under supervision, so supervised injections for kids until they can do it safely on their own.  This will all be a win for human rights.  Nothing could possibly go wrong.",ethix,True,551,slippery_slope,slippery_slope
daa9489fc96e6faf,"If we start allowing students to dress however they want in school, it may seem harmless at first, but it could set off a chain reaction. Without a uniform policy, students may show up in clothes that are inappropriate or even offensive, which could lead to disruptions and bad behavior. Before long, this lack of respect for rules could spread and create a sense of chaos, where students feel they can disregard authority and do as they please. This would ultimately lead to a complete breakdown in discipline and structure, making it impossible for students to learn in a productive environment. And let's be honest, a school without discipline or structure is a nightmare scenario. So, given the potential consequences, it's clear that allowing students to wear whatever they like is not a good idea and should be rejected.",nlas,True,603,slippery_slope,slippery_slope
dacb25c2ce7e1de4,"Mayor Jones’ anti-DUI campaign should not be taken seriously. After all, the mayor himself was cited for driving under the influence in college",logic,True,54,ad_hominem,ad_hominem_tu_quoque
db2d2815b640a8e6,"Freedom of expression is recognized as a fundamental human entitlement and when core democratic values achieve broad consensus, they legitimately inform policy decisions. This wide spread commitment suggests we should be wary of content censorship on social platforms, as it provides solid grounds for favoring open online discourse.",nlas,True,134,popular_opinion,good_argumentation
db2f98c7cf4a1220,10 of the last 14 National Spelling Bee Champions have been Indian American. Indian Americans must all be great spellers!,logic,False,,,
db8cbe3dabb9d2f3,"Individual wealth-building based on personal effort and talent is broadly valued. If that represents the general consensus, then it suggests we shouldn't impose strict controls to prevent economic inequality, as this would contradict the widely held belief that personal freedom and effort should drive success. This provides a solid argument against introducing measures to control economic inequality.",nlas,True,141,popular_opinion,cherry_picking
dbf2a827a6a3f7b6,"Julie was trying to demonstrate to the audience of her speech that gender inequality is like ordering fast food. ""It's not good for us,"" she said, ""but we do it all the time and men tend to go out for a burger and fries more than women do.""
What fallacy is this?",logic,True,276,analogy,weak_analogy
dc048a6aa171dded,"You can't seriously expect us to consider the opinions of someone who so blatantly disregards the value of human life, as evidenced by their own actions and views, which makes their argument on this matter utterly unconvincing.",nlas,True,90,ad_hominem,ad_hominem_abusive
dcd552d25e7375cb,"There's a common view that abortion terminates human life, so it's reasonable to consider this a sufficient justification for opposing the practice.",nlas,True,137,popular_opinion,cherry_picking
dcd65a7e3accd79c,You can't believe Jack when he says there is a God because he doesn't even have a job.,logic,True,89,ad_hominem,ad_hominem_abusive
dd38a08129e73da0,"In light of the CEO's history of dishonesty and unethical behavior, it's reasonable to be skeptical of their claims about the benefits of nuclear energy, and as a result, their arguments in support of it should be taken with a grain of salt and not accepted at face value.",nlas,True,45,ad_hominem,ad_hominem_abusive
dda53fd72a430d71,"Having come from the same political party, he is sure to communicate biased and untrue claims about his party-mates",logic,True,34,ad_hominem,ad_hominem_guilt_by_association
ddf99e8f09adea4a,"> controls that has been proven  Ah yes, for a completely new medium, right?  Gamepads are one of the worst disconnects you can have when it comes to translating input. Completely not intuitive.  Source: I gave motion controllers (Vive wands) to my 3 and 5 year olds. They got it instantly. Then later I gave them gamepads for the Diner Duo and they struggled with it for hours. It's unnatural, we just got used to it over generations.",reddit,True,508,example,hasty_generalization
de6afc40490ef50a,"Doctors and nurses working with terminally ill patients daily have noted that euthanasia can represent a compassionate alternative for patients experiencing unbearable suffering without genuine prospects for improvement, suggesting that euthanasia can constitute a morally defensible choice for certain terminally ill patients enduring intolerable suffering with minimal recovery hope.",nlas,True,412,expert_opinion,irrelevant_authority
de76bd6679882821,Are moral properties natural properties? Moral Error Theory (an anti-realist theory) provides the best explanation for moral phenomena.,ethix,True,398,expert_opinion,appeal_to_authority
de7d5dc95ab744ab,"The administration of echinocandins in this patient has been a very successful choice. Fever has subsided, along with the rest of the septic manifestations, in less than 48 hours. The chronological correlation suffices for me. I am convinced it was a fungal infection.",logic,True,319,correlation_to_cause,post_hoc
dec11e6a5c40d7dc,"Bullshit, my half brother smokes weed constantly and he fights more than anyone I know.  &#x200B;  Edit, I'm aware its a character flaw and not a weed flaw, I wasn't saying weed makes people fight, I'm saying assholes fight, people who fight drunk are usually assholes when sober, just not as noticeable. The guy at the end of the gif is probably a calm drunk, not smoking weed. Weed isnt some magical substance that makes assholes be less of an asshole.",reddit,False,,,
def56b6cc3311d0a,"If you get in a car wreck, and the fault of the wreck is a teenage boy at ECR, believing all teenage boys at ECR are bad drivers is an example of:",logic,True,461,example,hasty_generalization
df5d52b4204fb15e,"In a study designed by a famous academic to test the effects of pleasant imagery on motivation, employees were shown images of baby animals and beautiful nature scenes for their first five minutes at work.

Amazingly, results showed a 10 percent leap in profits in the first quarter and record earnings over the course of a year. So, showing employees pleasant images is a great way to increase their motivation and improve productivity",logic,True,455,expert_opinion,appeal_to_authority
df72f7490fae9a2f,“She was wearing cowboy boots in her last Instagram picture so she must be into country music.”,logic,True,486,correlation_to_cause,hasty_generalization
dfcc8b99fa47b5d4,"Only asking 5 people their opinion about Christian Heritage and saying their opinions are the """"majority"""" of people.",logic,False,,,
e017fe1db4c1f407,"Everyone agrees that social media platforms have become integral to daily life for virtually everyone across all demographics. If evidence proves that their near-universal adoption indicates they provide value, we could agree that using them makes sense.",nlas,True,142,popular_opinion,good_argumentation
e037592c498fda5a,Sorry but the masses have spoken. It has a clear definition and the term was first used by the gun industry in the 80s to sell a specific type of gun.,reddit,True,154,popular_opinion,ad_populum
e041ce4b147f2cea,"Now that the Chiefs are going to the Super Bowl, everybody is suddenly a fan.",logic,False,,,
e0636b109c212016,"A father talking to his daughter on dating a boyfriend he doesn’t like says, “If you continue dating this guy who doesn’t take his education seriously, you’ll end up dropping out of school, you then won’t be able to get a job, and you will get married too young.”",logic,True,518,slippery_slope,slippery_slope
e07cca0a14ed04d4,"Should individuals sentenced to life in prison be allowed to choose death instead? In 2014, Belgium set a precedent and widened the scope of the country's euthanasia law by allowing a Belgian serving a life sentence for murder and rape the right to an assisted suicide.",ethix,True,354,example,cherry_picking
e163e03632c6c860,Should the death penalty be abolished? Research has estimated that many death row inmates were wrongly convicted and could have been exonerated.,ethix,True,418,expert_opinion,good_argumentation
e176549d0dad79f3,Should schools close during the Covid-19 pandemic? Students can ignore classes and leave them running in the background while they do other activities.,ethix,True,352,example,cherry_picking
e1a26c13fb888e4b,"Since many people regard capital punishment as an effective deterrent, there is a plausible reason to consider the discussion about death penalty.",nlas,True,140,popular_opinion,cherry_picking
e1c6fe7425fdbee7,"Mary has terminal cancer, yet she still holds onto a strong will to live. Her case suggests that a terminal diagnosis doesn't necessarily take away someone's desire to keep fighting.",nlas,True,369,example,good_argumentation
e1e58b4536d1b7c9,You are aware that the poem is about despicable acts that occur regularly in the Islamic backwaters right?,reddit,False,,,
e1ef4ef568bfc522,Caroline says that she thinks her friends should not be so rude to the new girl. Jenna says that she cannot believe that Caroline is choosing to be better friends with the new girl than the girls who have always known her.,logic,False,,,
e29f1b1b1770e3b7,Do people have a right to not wear a mask in public spaces during the Covid-19 pandemic? Mandating mask-wearing during a pandemic is like mandating safety/hand brakes on a car. It may never be required but is in everyone’s interest that it is there and working if it is required.,ethix,True,207,analogy,good_argumentation
e2bdcb8c0eb60465,"If I go to the bathroom, I will miss the notes, then I'll do poorly on a test, then I won't get into college, so I won't go to the bathroom.",logic,True,521,slippery_slope,slippery_slope
e3d3c822f87923e4,"I shop at Natural Happy Sunshine Store (NHSS), which is much better than your grocery store because at NHSS everything is natural including the 38-year-old store manager’s long gray hair and saggy breasts.",logic,False,,,
e3eb83da4e0e9946,"Political correctness is viewed by many as essential for fostering inclusive and respectful communities, and if that's accurate, then it follows that we should be more mindful of our language choices, which suggests there's valid reason to embrace politically correct communication.",nlas,True,133,popular_opinion,good_argumentation
e427663958d8d3c8,"We shouldn't give any credence to the views of pro-life activists on abortion, given that their movement is rooted in a desire to dictate what women can and cannot do with their own bodies, which is essentially a form of misogyny.",nlas,True,82,ad_hominem,poisoning_the_well
e4583e093074b40a,Is it ok to incentivise moral behavior? Not being punished for rule-breaking and enjoying the liberties and benefits of not being incarcerated are equivalent to directly incentivizing good behavior.,ethix,True,206,analogy,weak_analogy
e4db37c5ab721870,"If the Earth were flat, flights from east to west would take the same time as flights from west to east, all else being equal. But commercial flight records consistently show west-to-east flights are slower due to the Earth's rotation — which is exactly the kind of evidence that contradicts flat-earth claims.",nlas,True,296,cause_to_effect,good_argumentation
e4dcbb4bf0272597,Should all drugs be legalized?  Research shows that there is a positive correlation between a region's unemployment rate and the amount of property crimes reported in the area.,ethix,True,434,expert_opinion,non_sequitur
e530832991ba8836,"We consider it kind to put a beloved pet out of its misery when it's suffering with no hope of getting better, so shouldn't we show the same compassion to humans who are trapped in a life of unbearable pain with no chance of recovery, and allow them the option to choose a peaceful end to their suffering, just as we would want for our pets?",nlas,True,244,analogy,good_argumentation
e573fe92514419de,"I'm not convinced we should take John's views on legalizing cannabis seriously, considering his own struggles with addiction and frequent marijuana use - it's diffuclt to trust his judgment on the matter when he's so clearly compromised by his own habits.",nlas,True,42,ad_hominem,ad_hominem_circumstantial
e57eefe833cf8660,I would never buy a Buick. My father owned two of them and both of them had frequent transmission problems. Buicks obviously break down all the time.,logic,True,482,example,hasty_generalization
e5d452f6be52cc11,Should individuals sentenced to life in prison be allowed to choose death instead? A rigorous process to determine whether someone is approved for euthanasia already exists.,ethix,False,,,
e5e7c999e83fc8bf,"Teaching assistant: the homework assignment was much harder than we thought, so I think we should give a few extra points to students who completed it.
Professor: that’s a terrible idea. If we give everyone a perfect score for no reason, students won’t bother working hard in the future.",logic,False,,,
e74fdfd93ffaf572,"Ya! Let us (who know little to nothing about the inner workings of congress) call the shots in congress! Not a lifelong politician who actually has any fucking clue what shes doing!!!  /s  Stop letting your fear cause you to blame the only people fighting tyranny FOR you, while you sit comfortably at home....  When youre fighting this too (in the streets or politically) THEN youll have any room at all to talk. Until then, sit down and stop being a parent coaching from the sideline. Its embarrassing",reddit,False,,,
e769df8d1bbd98af,"Yeah its not just about my approval, pretty sure the majority of people in the U.S are against open carrying an AR. No one sees someone carrying a long gun in public and thinks wow look at them go, so glad they are exercising their rights. Theyre thinking Im glad I have my ccw so I can drop this motherfucker if he sneezes.   And youre right, I should just assume that all 14 year olds were taught properly on how to handle firearms even if their parents are pieces of shit. I shouldnt care if he hurts himself or someone else because if I did Id just be infringing in someones rights. Glad your parents believed you wouldnt kill someone with a gun that young. Too bad other parents believed the same thing.",ethix,True,97,popular_opinion,ad_populum
e7acb298d5ea7e5b,Are you saying that the people on r/badhistory and r/AskHistorians are wrong? Do you think you know more about the history of religion than them?,reddit,False,,,
e7d9c6de6611e713,"Elderly people on low incomes face a real risk of falling into poverty. Cases like that make the argument for a universal basic pension to help protect older, low-income individuals from that risk.",nlas,False,,,
e7f9221dae46b3af,All students are good and all clowns are bad.,logic,False,,,
e845e0784a26604e,"If we start down the path of considering euthanasia as a viable option, it's likely to set off a chain reaction. Before we know it, we'll be normalizing suicide, which can have devastating consequences, including a surge in suicide rates, a rise in depression, and a society that begins to see death as an easy way out of every problem. The thought of living in a culture where death is viewed as a solution to all of life's challenges is truly terrifying, as it would inevitably lead to immense suffering and destruction. Therefore, it's crucial that we don't take that first step and consider euthanasia as a legitimate proposal, or we risk unleashing a catastrophic slippery slope that would be difficult to reverse.",nlas,True,597,slippery_slope,slippery_slope
e8d9e82deecd8173,"More research investment in artificial intelligence tends to drive faster advancements in the field. Given how much research is currently going into AI, we should expect to see real progress as a result.",nlas,True,282,cause_to_effect,good_argumentation
e9209861a40b2c14,"""I am torn between studying for the quiz or not. But, I know that if I don't study for the quiz, I will fail. If I fail the quiz, I get a D in the class. If I get a D, it will lower my GPA. If my GPA lowers, I can't play football. If I can't play football, I don't get a scholarship. No scholarship, no college. No college, no life!""",logic,True,523,slippery_slope,slippery_slope
e97d827e913e0076,Is it ok to incentivise moral behavior? Societies do not punish people that would love to steal something but aren't capable of executing the heist.,ethix,True,205,analogy,weak_analogy
eaa1ee25e22cd1f4,"If we start down the path of implementing gender quotas in the workplace, it's likely to set off a chain reaction. At first, it might seem like a good way to promote diversity, but it could easily lead to hiring decisions being based more on gender than on qualifications, which would understandably create resentment and division among employees who feel they're being passed over unfairly. As this tension builds, it's not hard to imagine that productivity and effectiveness would take a hit, ultimately resulting in a workplace that's less efficient and less successful. That's a nightmare scenario, and it's reason enough to think twice about gender quotas and explore other ways to achieve a more diverse workplace.",nlas,True,600,slippery_slope,slippery_slope
eac62b404921abc6,"Imposing tariffs on imported goods tends to protect domestic industries. Since tariffs are being imposed on imported products, domestic industry should be protected as a result.",nlas,True,285,cause_to_effect,good_argumentation
eada6f07ac56c093,"This is kind of on the same level as ""Why would i believe in a god that does this and that"". I think questioning god is out of our place and that we have no way of understanding some of his reasons.",reddit,False,,,
eadc9acf7bef32c8,"In both of the murder mysteries I have read, the District Attorney was the culprit. All mystery writers like to make lawyers out to be villains.",logic,True,465,example,hasty_generalization
ec4c50cb4d0741a1,"Should all drugs be legalized?  Other countries, like Japan, have strict drug laws which are not used as instruments of social oppression.",ethix,False,,,
ec839a6b1711a628,"Just like planting a tree can make a positive impact on the environment by absorbing carbon dioxide and producing oxygen, which in turn helps decrease greenhouse gases, installing solar panels has a similar effect - it produces clean energy without releasing harmful pollutants, ultimately contributing to a reduction in greenhouse gases.",nlas,True,253,analogy,weak_analogy
ecb6e3f4f9fd44d8,"Someone with extensive international finance and taxation law experience maintains that, financially speaking, utilizing offshore tax havens proves both legally and ethically acceptable, suggesting that managing wealth via offshore tax havens can represent a legitimate and ethical decision.",nlas,True,415,expert_opinion,irrelevant_authority
ed13d69a079a8b28,"Legalizing cannabis generally leads to higher consumption. With legalization now on the table in many countries and regions, we can expect consumption to rise if it goes through.",nlas,True,279,cause_to_effect,good_argumentation
ed3577d2e29328eb,"A general rule of thumb is to decide based on what the church has historically regarded as literal, allegorical, or both. It is only a very recent development that people have been interpreting everything literally.",reddit,True,391,expert_opinion,appeal_to_authority
ed832387f3c8e559,"Commercial pilots, with their aviation experience and time observing atmospheric conditions, occupy a unique position for spotting unusual sky phenomena. Many pilots have reported witnessing what they identify as chemtrails during their flights, suggesting that chemtrails exist in our atmosphere.",nlas,True,400,expert_opinion,irrelevant_authority
ed9bb95854b8a0dc,"""Everyone is doing it, you should be too!"" is an example of which fallacy?",logic,True,182,popular_opinion,ad_populum
ee1b6a104e739389,"The internet poses risks for children, exposing them to inappropriate material and various dangers. This widely shared concern makes it sensible to approach unrestricted internet access for kids carefully. Consequently, there's a solid case for limiting children's online activity through some form of supervision or restriction.",nlas,True,113,popular_opinion,ad_populum
ee2b35764b3fe04e,Should all humans be vegans? Creating more animals for the meat and dairy industry adds more animals into a world already struggling to provide for its existing population.,ethix,True,318,cause_to_effect,cherry_picking
ee2e2d60866c9b30,"Using a nuclear weapon tends to cause catastrophic, irreparable damage to both the target and everything around it. Since a nuclear weapon has been used here, that same catastrophic and lasting harm is exactly what we should expect.",nlas,True,300,cause_to_effect,good_argumentation
ee459cd8ebd85b57,"I used to get flu shots every year and would get the flu every now and then. Since I quit getting flu shots, I haven't had the flu once",reddit,True,509,example,hasty_generalization
ee5b8dc4b05d0397,"Should euthanasia be legalized? In this study, of 56 attempted suicides, 55 were from falling and 1 gunshot wound, and many had significant injuries and an increased likeihood of further suicide attempts.",ethix,False,,,
ee74a463e7b111f5,"""Flight attendants are the nicest people. I should know—I’ve taken two flights.""",logic,True,492,expert_opinion,irrelevant_authority
eedd4b6ef542e23e,I cannot listen to anyone who does not share my social and political values.,logic,False,,,
eefa22586dbe18a9,If you buy the Disney annual pass you will save money when visiting the happiest place on Earth,logic,False,,,
effe11f16606ca5d,"What's the right solution to the trolley problem? Judith Jarvis Thompson set up a trolley problem where the bystander can turn the trolley towards themself. If one is wary of doing this, they are not entitled to turn the track on others.",ethix,False,,,
f032046b435f8794,The child did not do his chores so therefore all children are lazy.,logic,True,481,example,hasty_generalization
f0b475c70c189a36,Women can't do as good a job as men.,logic,False,,,
f0eccd78a0e2985b,"Because the last words spoken by either the pilot or co-pilot were ""Good night, Malaysia Three-Seven-Zero,"" the pilot fell asleep and accidentally crashed the plane into the ocean.",logic,False,,,
f0f7bb33e9ff30c5,"When ABC Company introduced gender quotas for its board, the board became noticeably more diverse, with more women in leadership. That outcome suggests other companies adopting similar quotas could see the same shift toward diversity.",nlas,True,380,example,good_argumentation
f1023bd0186f33c5,"Guys, India has the highest population of Vegetarians and Hindus I think for the sake of it, no animal either it be a cow or a tiger should be harmed or consumed, we should be mature about all this, I think the government should pass a law against slaughtering of innocent animals in general, we should focus on important things like the education, job and innovation sectors, we should take a progressive stand on all of this.",reddit,True,105,popular_opinion,ad_populum
f1d240e398abc058,There's widespread acceptance that facial coverings in public settings help prevent infectious disease transmission. Wear your mask in public!,nlas,True,107,popular_opinion,good_argumentation
f24965ce5ead9a36,"What's the right solution to the trolley problem? From a simple utilitaristic point of view, pulling the lever would be not only permissible, but, morally speaking, the better option as it maximizes utility.",ethix,False,,,
f2c3aa93e6aee98e,"I am voting for Smith for President. My whole family is Democrat, so I'll be voting that way, too.",logic,True,161,popular_opinion,appeal_to_tradition
f30b20131bb84354,Why don’t more women propose to men?,reddit,False,,,
f350682f2c29baa4,"“President Jones raised taxes, and then the rate of violent crime went up. Jones is responsible for the rise in crime.”",logic,True,326,correlation_to_cause,post_hoc
f3a77bcfa6b481c2,"""Historically, up until the late 16th century, most people believed that the Earth was the center of the universe. Today we understand this is not true,"" is an example of what fallacy?",logic,False,,,
f3e8cb2eb327253f,"You could talk about job training programs/technical schools as things people can do with really high stats in terms of job placement and earnings. Also, I'd try to say that most college educations are becoming devalued because everyone has one",reddit,False,,,
f43c088e5a5196b0,"Should all humans be vegans? While the vegetarian diet can maximize the use of all available land in the US, it is not necessary to use up every inch of land if you don't need it in order to sustain the population. This is like saying a school bus is better suited for transporting a family of six than a minivan.",ethix,True,219,analogy,good_argumentation
f4537c189e609b53,Pro-Life vs Pro-Choice: Should abortion be legal? It wouldn't be reasonable to argue that we shouldn't regulate guns because people would buy guns illegally and from dangerous people anyway.,ethix,True,223,analogy,good_argumentation
f4b69bfdca963503,"Just as playing Russian roulette is a reckless gamble with death, where one wrong pull of the trigger can be fatal, capital punishment is similarly a perilous practice that can result in the loss of a life, making it an extremely dangerous and potentially deadly endeavor.",nlas,True,259,analogy,weak_analogy
f4b9b15b3ea2eb00,Free Will or Determinism: Do we have free will? Free will and determinism are not mutually exclusive because freedom and weak forms of determinism are compatible.,ethix,False,,,
f50636dffff0f3cc,A: The Government should enact minimum-wage legislation so that workers are not exploited. Nonsense. You say that only because you cannot find a good job.,logic,True,16,ad_hominem,ad_hominem_abusive
f52d317e726ed40d,"Free Will or Determinism: Do we have free will? By Occam's Razor, the simplest explanation for the lack of empirical evidence for the existence of free will is that free will does not exist.",ethix,False,,,
f54e1c4b78f2d3cf,"That German, Fred, stole my wallet. All Germans are thieves.",logic,True,475,example,hasty_generalization
f5ad385d9ed860c4,"Drone strikes regularly result in civilian deaths—this is generally understood—and when that's the reality, it offers a compelling rationale for approaching their use with caution, pointing toward legitimate concerns about employing such weapons.",nlas,True,112,popular_opinion,ad_populum
f62ed6ec97a19889,"Should euthanasia be legalized?	Some doctors have argued that patients suffering from ""treatement-resistant"" depression should be allowed to elect for euthanasia.",ethix,True,442,expert_opinion,good_argumentation
f68a8317471ba463,"John started using social media regularly and ended up addicted to it, dealing with less sleep, lower productivity, and weaker face-to-face relationships. His experience hints that heavy social media use carries a real risk of addiction and similar downsides for others.",nlas,True,373,example,good_argumentation
f6cfdcdeffcb44c2,sending M-16s to Syrian rebels inevitably mean boots on the ground in Damascus.,logic,True,514,slippery_slope,slippery_slope
f7e26b7031e8aee0,"Great idea on the quick chats but paying for it only opens the gates for more useful add ons to have a price which potentially turns this game into a pay to win kinda thing. I only say that because I think this idea would be a strategic game changer. Kickoffs would be more predictable for the teammate with more options to access the situation. They should just throw these in the game.   Also in addition to your highly impressive list of quick chats, they should add a third button to be pressed before making a quick chat. Not sure if that's the best way to explain it but, instead of pressing up up for ""Nice one!"" press up three times. That would allow for more options a player has for chat. Probably too many options but it's not a polished idea yet.",reddit,True,577,slippery_slope,slippery_slope
f8364c6ed565537e,Animals differ from humans in so many physiological and biological ways that they often make poor stand-ins for human research. That mismatch suggests animal testing doesn't reliably guarantee results that hold true for people.,nlas,True,366,example,cherry_picking
f934ed1b375b3139,"I would oppose that, but I think were on the right track in agriculture and I am very very encouraged. But let's not go back to that - what they call supply management and production control, that'll simply price us out of the international market. Let's try to expand our markets abroad.",elecdebate,False,,,
f974933770b0565a,"There are tasks that government legitimately should enforce and tasks that government performs well, and you've named some of them. Crime has come down the last 2 years, for the first time in many, many decades that it has come down -- or since we've kept records -- 2 consecutive years, and last year it came down the biggest drop in crime that we've had. I think that we've had something to do with that, just as we have with the drug problem nationwide. The environment?",elecdebate,False,,,
f9998bd35c39b947,"""Just like credit cards, which we all know make online shopping a breeze while keeping our financial info safe, using cryptocurrencies for internet transactions offers the same kind of convenience and security, making them a great option for online purchases.""",nlas,True,248,analogy,weak_analogy
fa9b0ffd9bc12f31,"Are moral properties natural properties? There's no natural property or set of natural properties which are synonymous with ""good"" or ""bad"" - good and bad are judgments we make of natural properties and so can't be identical to these natural properties. Saying pleasure is good is not the same as saying ""pleasure is pleasure"" and so can't be identical.",ethix,False,,,
fa9eed917ad41f44,Does torture even work?,reddit,False,,,
fac37f1bc22ced9b,"""We've seen with knives that regulation doesn't necessarily prevent criminals from getting their hands on them and using them for harm, and since owning a knife isn't all that different from owning a gun, it's likely that the same principle applies - restricting gun purchases won't be an effective way to keep them out of the wrong hands either.""",nlas,True,245,analogy,weak_analogy
fb48034203baf7ac,"Has social media been good for humanity? Risk is inherent in innovation. Driving a car puts you at risk of crashing. Using a credit card puts you at risk of having your identity stolen. As companies become better at reducing disaster, the efficiency, productivity, and quality of life gains are worth the risk of accidents.",ethix,False,,,
fb56d75abab1567f,Not believing in the Tooth Fairy is like denying that the Titanic sank because eye-witnesses did not agree if the ship broke in half before or after it sank.,logic,True,275,analogy,weak_analogy
fb865f5b447fe8b5,"Just like how phones have made it possible for people to stay in touch with each other no matter where they are or what time it is, social media platforms serve the same purpose, allowing us to maintain connections with others despite physical distance or different schedules.",nlas,True,264,analogy,good_argumentation
fbbfd63fa69b5575,"Skepticalscience is not a reputable source. WUWT, the world's most visited climate science site, lists SkS as an 'unreliable' source.",reddit,True,425,popular_opinion,ad_populum
fc5746ea1a955828,"Why is it not biblical? There are millions of Catholics so they must be doing something right, right?",ethix,True,103,popular_opinion,ad_populum
fc667929ada47d92,What's the right solution to the trolley problem? There is a moral difference between causing death and failing to prevent one.,ethix,False,,,
fcc76303ad97f0ab,Should euthanasia be legalized? To let someone suffer until death is just as bad as murder.,ethix,True,195,analogy,weak_analogy
fd5e238c9065773b,"Factory farming is increasingly seen as cruel and environmentally destructive. If this applies, it's sensible to question their continuation, pointing toward valid arguments for reducing or eliminating industrial animal agriculture.",nlas,True,127,popular_opinion,ad_populum
fdd9ba7c0b22ef1f,"Is it ethically wrong to watch pornography? Depicting unethical acts is not necessarily unethical, otherwise movie murders would make such movies unethical and documentaries of real executions would also be unethical.",ethix,True,231,analogy,weak_analogy
fdef9f79fa1cadca,Teenagers are too immature and self-absorbed to understand anything about global issues.,logic,False,,,
fdfa0c1141e58615,Should euthanasia be legalized? Euthanasia is assisted suicide and suicide is a rejection of the value of the life of the patient and those of everyone who cares about them.,ethix,True,196,analogy,weak_analogy
fe88088de5233a98,How can you tell me I should exercise to lose weight? All you do is sit behind a desk all day. I've never seen you do a lick of exercise,logic,True,37,ad_hominem,ad_hominem_tu_quoque
fef2a75829ff1740,Tell that to the 1.2 billion Roman catholics.,reddit,True,156,popular_opinion,ad_populum
fefcadb2633dd22d,"Should all drugs be legalized?  The current American opioid crisis, in which hundreds of thousands of people have become addicted to and overdosed on opioids, has been caused by easy access to certain opioids due to their legality.",ethix,True,213,analogy,good_argumentation
ff2b2b695a8b8a0a,A politician arguing that his opponent cannot possibly be a good choice for women because he has been married and divorced five times.,logic,True,15,ad_hominem,poisoning_the_well
ff4a1f625b2f0849,"Is cannibalism ethically permissible? For example, most humans in Europe have evolved past needing to wash their clothes manually, but that doesn't make it ethically wrong.",ethix,True,350,example,good_argumentation
ff54562dde76a16c,"If God does not exist, why are there thousands of sophisticated apologists around the world defending his existence? Are you going to say they're all fools?",ethix,True,99,popular_opinion,ad_populum
ffe2aa5c4ea65c0b,Is it ok to incentivise moral behavior? Incentivising moral behaviour sends a clear message that morality is valued.,ethix,True,303,cause_to_effect,good_argumentation
